episode,step,design_id,action_id,action_name,previous_hpwl_um,current_hpwl_um,relative_improvement,reward,runtime_sec,execution_status,seed
1,1,RISCY-a-3-c2,1,UP_INTEGERS,731162.9,729482.1,0.002299,0.0022988037275961984,0.0,VALID,42
1,2,RISCY-a-3-c2,6,DOWN_DETAILED,729482.1,731162.9,-0.002304,-0.0023041004021895077,0.0,VALID,42
1,3,RISCY-a-3-c2,2,DOWN_INTEGERS,731162.9,731162.9,0.0,0.0,0.0,VALID,42
1,4,RISCY-a-3-c2,3,UP_EFFORTS,731162.9,730577.97,0.0008,0.0007999995623411024,0.0,VALID,42
1,5,RISCY-a-3-c2,7,DO_NOTHING,730577.97,730577.97,0.0,0.0,0.0,VALID,42
1,6,RISCY-a-3-c2,2,DOWN_INTEGERS,730577.97,731162.9,-0.000801,-0.000800640074049935,0.0,VALID,42
1,7,RISCY-a-3-c2,0,FLIP_BOOLEANS,731162.9,731162.9,0.0,0.0,0.0,VALID,42
1,8,RISCY-a-3-c2,5,UP_DETAILED,731162.9,729482.1,0.002299,0.0022988037275961984,0.0,VALID,42
1,9,RISCY-a-3-c2,3,UP_EFFORTS,729482.1,728898.05,0.000801,0.0008006365063651735,0.0,VALID,42
1,10,RISCY-a-3-c2,7,DO_NOTHING,728898.05,728898.05,0.0,0.0,0.0,VALID,42
2,1,RISCY-a-2-c2,4,DOWN_EFFORTS,731162.9,731162.9,0.0,0.0,0.0,VALID,42
2,2,RISCY-a-2-c2,7,DO_NOTHING,731162.9,731162.9,0.0,0.0,0.0,VALID,42
2,3,RISCY-a-2-c2,0,FLIP_BOOLEANS,731162.9,731162.9,0.0,0.0,0.0,VALID,42
2,4,RISCY-a-2-c2,3,UP_EFFORTS,731162.9,730577.97,0.0008,0.0007999995623411024,0.0,VALID,42
2,5,RISCY-a-2-c2,0,FLIP_BOOLEANS,730577.97,730577.97,0.0,0.0,0.0,VALID,42
2,6,RISCY-a-2-c2,7,DO_NOTHING,730577.97,730577.97,0.0,0.0,0.0,VALID,42
2,7,RISCY-a-2-c2,1,UP_INTEGERS,730577.97,728898.05,0.002299,0.002299439716201579,0.0,VALID,42
2,8,RISCY-a-2-c2,5,UP_DETAILED,728898.05,727219.88,0.002302,0.002302338440883525,0.0,VALID,42
2,9,RISCY-a-2-c2,4,DOWN_EFFORTS,727219.88,727803.06,-0.000802,-0.0008019307722996396,0.0,VALID,42
2,10,RISCY-a-2-c2,7,DO_NOTHING,727803.06,727803.06,0.0,0.0,0.0,VALID,42
3,1,RISCY-a-2-c2,3,UP_EFFORTS,731162.9,730577.97,0.0008,0.0007999995623411024,0.0,VALID,42
3,2,RISCY-a-2-c2,1,UP_INTEGERS,730577.97,728898.05,0.002299,0.002299439716201579,0.0,VALID,42
3,3,RISCY-a-2-c2,4,DOWN_EFFORTS,728898.05,729482.1,-0.000801,-0.0008012780388147974,0.0,VALID,42
3,4,RISCY-a-2-c2,5,UP_DETAILED,729482.1,727803.06,0.002302,0.0023016877316111265,0.0,VALID,42
3,5,RISCY-a-2-c2,3,UP_EFFORTS,727803.06,727219.88,0.000801,0.0008012881946388782,0.0,VALID,42
3,6,RISCY-a-2-c2,2,DOWN_INTEGERS,727219.88,728898.05,-0.002308,-0.0023076514354916176,0.0,VALID,42
3,7,RISCY-a-2-c2,3,UP_EFFORTS,728898.05,728314.0,0.000801,0.0008012780388149571,0.0,VALID,42
3,8,RISCY-a-2-c2,2,DOWN_INTEGERS,728314.0,729993.04,-0.002305,-0.0023053792732256103,0.0,VALID,42
3,9,RISCY-a-2-c2,4,DOWN_EFFORTS,729993.04,730577.97,-0.000801,-0.0008012816122191176,0.0,VALID,42
3,10,RISCY-a-2-c2,4,DOWN_EFFORTS,730577.97,731162.9,-0.000801,-0.000800640074049935,0.0,VALID,42
4,1,RISCY-a-3-c2,4,DOWN_EFFORTS,731162.9,731162.9,0.0,0.0,0.0,VALID,42
4,2,RISCY-a-3-c2,1,UP_INTEGERS,731162.9,729482.1,0.002299,0.0022988037275961984,0.0,VALID,42
4,3,RISCY-a-3-c2,0,FLIP_BOOLEANS,729482.1,729482.1,0.0,0.0,0.0,VALID,42
4,4,RISCY-a-3-c2,7,DO_NOTHING,729482.1,729482.1,0.0,0.0,0.0,VALID,42
4,5,RISCY-a-3-c2,2,DOWN_INTEGERS,729482.1,731162.9,-0.002304,-0.0023041004021895077,0.0,VALID,42
4,6,RISCY-a-3-c2,7,DO_NOTHING,731162.9,731162.9,0.0,0.0,0.0,VALID,42
4,7,RISCY-a-3-c2,5,UP_DETAILED,731162.9,729482.1,0.002299,0.0022988037275961984,0.0,VALID,42
4,8,RISCY-a-3-c2,6,DOWN_DETAILED,729482.1,731162.9,-0.002304,-0.0023041004021895077,0.0,VALID,42
4,9,RISCY-a-3-c2,4,DOWN_EFFORTS,731162.9,731162.9,0.0,0.0,0.0,VALID,42
4,10,RISCY-a-3-c2,7,DO_NOTHING,731162.9,731162.9,0.0,0.0,0.0,VALID,42
5,1,RISCY-a-2-c2,4,DOWN_EFFORTS,731162.9,731162.9,0.0,0.0,0.0,VALID,42
5,2,RISCY-a-2-c2,4,DOWN_EFFORTS,731162.9,731162.9,0.0,0.0,0.0,VALID,42
5,3,RISCY-a-2-c2,0,FLIP_BOOLEANS,731162.9,731162.9,0.0,0.0,0.0,VALID,42
5,4,RISCY-a-2-c2,4,DOWN_EFFORTS,731162.9,731162.9,0.0,0.0,0.0,VALID,42
5,5,RISCY-a-2-c2,2,DOWN_INTEGERS,731162.9,731162.9,0.0,0.0,0.0,VALID,42
5,6,RISCY-a-2-c2,4,DOWN_EFFORTS,731162.9,731162.9,0.0,0.0,0.0,VALID,42
5,7,RISCY-a-2-c2,7,DO_NOTHING,731162.9,731162.9,0.0,0.0,0.0,VALID,42
5,8,RISCY-a-2-c2,2,DOWN_INTEGERS,731162.9,731162.9,0.0,0.0,0.0,VALID,42
5,9,RISCY-a-2-c2,2,DOWN_INTEGERS,731162.9,731162.9,0.0,0.0,0.0,VALID,42
5,10,RISCY-a-2-c2,4,DOWN_EFFORTS,731162.9,731162.9,0.0,0.0,0.0,VALID,42
6,1,RISCY-a-3-c2,2,DOWN_INTEGERS,731162.9,731162.9,0.0,0.0,0.0,VALID,42
6,2,RISCY-a-3-c2,5,UP_DETAILED,731162.9,729482.1,0.002299,0.0022988037275961984,0.0,VALID,42
6,3,RISCY-a-3-c2,6,DOWN_DETAILED,729482.1,731162.9,-0.002304,-0.0023041004021895077,0.0,VALID,42
6,4,RISCY-a-3-c2,7,DO_NOTHING,731162.9,731162.9,0.0,0.0,0.0,VALID,42
6,5,RISCY-a-3-c2,7,DO_NOTHING,731162.9,731162.9,0.0,0.0,0.0,VALID,42
6,6,RISCY-a-3-c2,7,DO_NOTHING,731162.9,731162.9,0.0,0.0,0.0,VALID,42
6,7,RISCY-a-3-c2,7,DO_NOTHING,731162.9,731162.9,0.0,0.0,0.0,VALID,42
6,8,RISCY-a-3-c2,3,UP_EFFORTS,731162.9,730577.97,0.0008,0.0007999995623411024,0.0,VALID,42
6,9,RISCY-a-3-c2,5,UP_DETAILED,730577.97,728898.05,0.002299,0.002299439716201579,0.0,VALID,42
6,10,RISCY-a-3-c2,4,DOWN_EFFORTS,728898.05,729482.1,-0.000801,-0.0008012780388147974,0.0,VALID,42
7,1,RISCY-a-3-c2,2,DOWN_INTEGERS,731162.9,731162.9,0.0,0.0,0.0,VALID,42
7,2,RISCY-a-3-c2,2,DOWN_INTEGERS,731162.9,731162.9,0.0,0.0,0.0,VALID,42
7,3,RISCY-a-3-c2,4,DOWN_EFFORTS,731162.9,731162.9,0.0,0.0,0.0,VALID,42
7,4,RISCY-a-3-c2,4,DOWN_EFFORTS,731162.9,731162.9,0.0,0.0,0.0,VALID,42
7,5,RISCY-a-3-c2,2,DOWN_INTEGERS,731162.9,731162.9,0.0,0.0,0.0,VALID,42
7,6,RISCY-a-3-c2,5,UP_DETAILED,731162.9,729482.1,0.002299,0.0022988037275961984,0.0,VALID,42
7,7,RISCY-a-3-c2,4,DOWN_EFFORTS,729482.1,730066.16,-0.000801,-0.0008006502147209039,0.0,VALID,42
7,8,RISCY-a-3-c2,2,DOWN_INTEGERS,730066.16,731162.9,-0.001502,-0.0015022474127550174,0.0,VALID,42
7,9,RISCY-a-3-c2,2,DOWN_INTEGERS,731162.9,731162.9,0.0,0.0,0.0,VALID,42
7,10,RISCY-a-3-c2,1,UP_INTEGERS,731162.9,729482.1,0.002299,0.0022988037275961984,0.0,VALID,42
8,1,RISCY-a-3-c2,4,DOWN_EFFORTS,731162.9,731162.9,0.0,0.0,0.0,VALID,42
8,2,RISCY-a-3-c2,2,DOWN_INTEGERS,731162.9,731162.9,0.0,0.0,0.0,VALID,42
8,3,RISCY-a-3-c2,2,DOWN_INTEGERS,731162.9,731162.9,0.0,0.0,0.0,VALID,42
8,4,RISCY-a-3-c2,4,DOWN_EFFORTS,731162.9,731162.9,0.0,0.0,0.0,VALID,42
8,5,RISCY-a-3-c2,1,UP_INTEGERS,731162.9,729482.1,0.002299,0.0022988037275961984,0.0,VALID,42
8,6,RISCY-a-3-c2,5,UP_DETAILED,729482.1,727803.06,0.002302,0.0023016877316111265,0.0,VALID,42
8,7,RISCY-a-3-c2,6,DOWN_DETAILED,727803.06,729482.1,-0.002307,-0.0023069977199600133,0.0,VALID,42
8,8,RISCY-a-3-c2,4,DOWN_EFFORTS,729482.1,730066.16,-0.000801,-0.0008006502147209039,0.0,VALID,42
8,9,RISCY-a-3-c2,0,FLIP_BOOLEANS,730066.16,730066.16,0.0,0.0,0.0,VALID,42
8,10,RISCY-a-3-c2,5,UP_DETAILED,730066.16,728386.24,0.002301,0.0023010517293392176,0.0,VALID,42
9,1,RISCY-a-2-c2,5,UP_DETAILED,731162.9,729482.1,0.002299,0.0022988037275961984,0.0,VALID,42
9,2,RISCY-a-2-c2,2,DOWN_INTEGERS,729482.1,731162.9,-0.002304,-0.0023041004021895077,0.0,VALID,42
9,3,RISCY-a-2-c2,2,DOWN_INTEGERS,731162.9,731162.9,0.0,0.0,0.0,VALID,42
9,4,RISCY-a-2-c2,0,FLIP_BOOLEANS,731162.9,731162.9,0.0,0.0,0.0,VALID,42
9,5,RISCY-a-2-c2,7,DO_NOTHING,731162.9,731162.9,0.0,0.0,0.0,VALID,42
9,6,RISCY-a-2-c2,5,UP_DETAILED,731162.9,729482.1,0.002299,0.0022988037275961984,0.0,VALID,42
9,7,RISCY-a-2-c2,7,DO_NOTHING,729482.1,729482.1,0.0,0.0,0.0,VALID,42
9,8,RISCY-a-2-c2,0,FLIP_BOOLEANS,729482.1,729482.1,0.0,0.0,0.0,VALID,42
9,9,RISCY-a-2-c2,2,DOWN_INTEGERS,729482.1,731162.9,-0.002304,-0.0023041004021895077,0.0,VALID,42
9,10,RISCY-a-2-c2,3,UP_EFFORTS,731162.9,730577.97,0.0008,0.0007999995623411024,0.0,VALID,42
10,1,RISCY-a-2-c2,3,UP_EFFORTS,731162.9,730577.97,0.0008,0.0007999995623411024,0.0,VALID,42
10,2,RISCY-a-2-c2,7,DO_NOTHING,730577.97,730577.97,0.0,0.0,0.0,VALID,42
10,3,RISCY-a-2-c2,5,UP_DETAILED,730577.97,728898.05,0.002299,0.002299439716201579,0.0,VALID,42
10,4,RISCY-a-2-c2,5,UP_DETAILED,728898.05,727219.88,0.002302,0.002302338440883525,0.0,VALID,42
10,5,RISCY-a-2-c2,3,UP_EFFORTS,727219.88,726636.71,0.000802,0.0008019170213004104,0.0,VALID,42
10,6,RISCY-a-2-c2,2,DOWN_INTEGERS,726636.71,728314.0,-0.002308,-0.0023082924065315077,0.0,VALID,42
10,7,RISCY-a-2-c2,7,DO_NOTHING,728314.0,728314.0,0.0,0.0,0.0,VALID,42
10,8,RISCY-a-2-c2,3,UP_EFFORTS,728314.0,727729.94,0.000802,0.0008019343305223515,0.0,VALID,42
10,9,RISCY-a-2-c2,2,DOWN_INTEGERS,727729.94,729408.11,-0.002306,-0.0023060340213569364,0.0,VALID,42
10,10,RISCY-a-2-c2,6,DOWN_DETAILED,729408.11,729993.04,-0.000802,-0.000801924179318559,0.0,VALID,42
11,1,RISCY-a-3-c2,5,UP_DETAILED,731162.9,729482.1,0.002299,0.0022988037275961984,0.0,VALID,42
11,2,RISCY-a-3-c2,5,UP_DETAILED,729482.1,727803.06,0.002302,0.0023016877316111265,0.0,VALID,42
11,3,RISCY-a-3-c2,2,DOWN_INTEGERS,727803.06,729482.1,-0.002307,-0.0023069977199600133,0.0,VALID,42
11,4,RISCY-a-3-c2,2,DOWN_INTEGERS,729482.1,731162.9,-0.002304,-0.0023041004021895077,0.0,VALID,42
11,5,RISCY-a-3-c2,2,DOWN_INTEGERS,731162.9,731162.9,0.0,0.0,0.0,VALID,42
11,6,RISCY-a-3-c2,6,DOWN_DETAILED,731162.9,731162.9,0.0,0.0,0.0,VALID,42
11,7,RISCY-a-3-c2,2,DOWN_INTEGERS,731162.9,731162.9,0.0,0.0,0.0,VALID,42
11,8,RISCY-a-3-c2,4,DOWN_EFFORTS,731162.9,731162.9,0.0,0.0,0.0,VALID,42
11,9,RISCY-a-3-c2,2,DOWN_INTEGERS,731162.9,731162.9,0.0,0.0,0.0,VALID,42
11,10,RISCY-a-3-c2,4,DOWN_EFFORTS,731162.9,731162.9,0.0,0.0,0.0,VALID,42
12,1,RISCY-a-2-c2,1,UP_INTEGERS,731162.9,729482.1,0.002299,0.0022988037275961984,0.0,VALID,42
12,2,RISCY-a-2-c2,2,DOWN_INTEGERS,729482.1,731162.9,-0.002304,-0.0023041004021895077,0.0,VALID,42
12,3,RISCY-a-2-c2,5,UP_DETAILED,731162.9,729482.1,0.002299,0.0022988037275961984,0.0,VALID,42
12,4,RISCY-a-2-c2,3,UP_EFFORTS,729482.1,728898.05,0.000801,0.0008006365063651735,0.0,VALID,42
12,5,RISCY-a-2-c2,2,DOWN_INTEGERS,728898.05,730577.97,-0.002305,-0.0023047393253417614,0.0,VALID,42
12,6,RISCY-a-2-c2,6,DOWN_DETAILED,730577.97,731162.9,-0.000801,-0.000800640074049935,0.0,VALID,42
12,7,RISCY-a-2-c2,2,DOWN_INTEGERS,731162.9,731162.9,0.0,0.0,0.0,VALID,42
12,8,RISCY-a-2-c2,1,UP_INTEGERS,731162.9,729482.1,0.002299,0.0022988037275961984,0.0,VALID,42
12,9,RISCY-a-2-c2,6,DOWN_DETAILED,729482.1,731162.9,-0.002304,-0.0023041004021895077,0.0,VALID,42
12,10,RISCY-a-2-c2,1,UP_INTEGERS,731162.9,729482.1,0.002299,0.0022988037275961984,0.0,VALID,42
13,1,RISCY-a-3-c2,4,DOWN_EFFORTS,731162.9,731162.9,0.0,0.0,0.0,VALID,42
13,2,RISCY-a-3-c2,7,DO_NOTHING,731162.9,731162.9,0.0,0.0,0.0,VALID,42
13,3,RISCY-a-3-c2,1,UP_INTEGERS,731162.9,729482.1,0.002299,0.0022988037275961984,0.0,VALID,42
13,4,RISCY-a-3-c2,3,UP_EFFORTS,729482.1,728898.05,0.000801,0.0008006365063651735,0.0,VALID,42
13,5,RISCY-a-3-c2,2,DOWN_INTEGERS,728898.05,730577.97,-0.002305,-0.0023047393253417614,0.0,VALID,42
13,6,RISCY-a-3-c2,3,UP_EFFORTS,730577.97,729993.04,0.000801,0.0008006400740497757,0.0,VALID,42
13,7,RISCY-a-3-c2,4,DOWN_EFFORTS,729993.04,730577.97,-0.000801,-0.0008012816122191176,0.0,VALID,42
13,8,RISCY-a-3-c2,0,FLIP_BOOLEANS,730577.97,730577.97,0.0,0.0,0.0,VALID,42
13,9,RISCY-a-3-c2,7,DO_NOTHING,730577.97,730577.97,0.0,0.0,0.0,VALID,42
13,10,RISCY-a-3-c2,5,UP_DETAILED,730577.97,728898.05,0.002299,0.002299439716201579,0.0,VALID,42
14,1,RISCY-a-2-c2,0,FLIP_BOOLEANS,731162.9,731162.9,0.0,0.0,0.0,VALID,42
14,2,RISCY-a-2-c2,3,UP_EFFORTS,731162.9,730577.97,0.0008,0.0007999995623411024,0.0,VALID,42
14,3,RISCY-a-2-c2,5,UP_DETAILED,730577.97,728898.05,0.002299,0.002299439716201579,0.0,VALID,42
14,4,RISCY-a-2-c2,6,DOWN_DETAILED,728898.05,730577.97,-0.002305,-0.0023047393253417614,0.0,VALID,42
14,5,RISCY-a-2-c2,4,DOWN_EFFORTS,730577.97,731162.9,-0.000801,-0.000800640074049935,0.0,VALID,42
14,6,RISCY-a-2-c2,2,DOWN_INTEGERS,731162.9,731162.9,0.0,0.0,0.0,VALID,42
14,7,RISCY-a-2-c2,0,FLIP_BOOLEANS,731162.9,731162.9,0.0,0.0,0.0,VALID,42
14,8,RISCY-a-2-c2,6,DOWN_DETAILED,731162.9,731162.9,0.0,0.0,0.0,VALID,42
14,9,RISCY-a-2-c2,0,FLIP_BOOLEANS,731162.9,731162.9,0.0,0.0,0.0,VALID,42
14,10,RISCY-a-2-c2,4,DOWN_EFFORTS,731162.9,731162.9,0.0,0.0,0.0,VALID,42
15,1,RISCY-a-2-c2,6,DOWN_DETAILED,731162.9,731162.9,0.0,0.0,0.0,VALID,42
15,2,RISCY-a-2-c2,1,UP_INTEGERS,731162.9,729482.1,0.002299,0.0022988037275961984,0.0,VALID,42
15,3,RISCY-a-2-c2,7,DO_NOTHING,729482.1,729482.1,0.0,0.0,0.0,VALID,42
15,4,RISCY-a-2-c2,0,FLIP_BOOLEANS,729482.1,729482.1,0.0,0.0,0.0,VALID,42
15,5,RISCY-a-2-c2,0,FLIP_BOOLEANS,729482.1,729482.1,0.0,0.0,0.0,VALID,42
15,6,RISCY-a-2-c2,4,DOWN_EFFORTS,729482.1,730066.16,-0.000801,-0.0008006502147209039,0.0,VALID,42
15,7,RISCY-a-2-c2,6,DOWN_DETAILED,730066.16,731162.9,-0.001502,-0.0015022474127550174,0.0,VALID,42
15,8,RISCY-a-2-c2,0,FLIP_BOOLEANS,731162.9,731162.9,0.0,0.0,0.0,VALID,42
15,9,RISCY-a-2-c2,2,DOWN_INTEGERS,731162.9,731162.9,0.0,0.0,0.0,VALID,42
15,10,RISCY-a-2-c2,5,UP_DETAILED,731162.9,729482.1,0.002299,0.0022988037275961984,0.0,VALID,42
16,1,RISCY-a-3-c2,6,DOWN_DETAILED,731162.9,731162.9,0.0,0.0,0.0,VALID,42
16,2,RISCY-a-3-c2,6,DOWN_DETAILED,731162.9,731162.9,0.0,0.0,0.0,VALID,42
16,3,RISCY-a-3-c2,7,DO_NOTHING,731162.9,731162.9,0.0,0.0,0.0,VALID,42
16,4,RISCY-a-3-c2,7,DO_NOTHING,731162.9,731162.9,0.0,0.0,0.0,VALID,42
16,5,RISCY-a-3-c2,7,DO_NOTHING,731162.9,731162.9,0.0,0.0,0.0,VALID,42
16,6,RISCY-a-3-c2,2,DOWN_INTEGERS,731162.9,731162.9,0.0,0.0,0.0,VALID,42
16,7,RISCY-a-3-c2,4,DOWN_EFFORTS,731162.9,731162.9,0.0,0.0,0.0,VALID,42
16,8,RISCY-a-3-c2,0,FLIP_BOOLEANS,731162.9,731162.9,0.0,0.0,0.0,VALID,42
16,9,RISCY-a-3-c2,5,UP_DETAILED,731162.9,729482.1,0.002299,0.0022988037275961984,0.0,VALID,42
16,10,RISCY-a-3-c2,7,DO_NOTHING,729482.1,729482.1,0.0,0.0,0.0,VALID,42
17,1,RISCY-a-3-c2,0,FLIP_BOOLEANS,731162.9,731162.9,0.0,0.0,0.0,VALID,42
17,2,RISCY-a-3-c2,3,UP_EFFORTS,731162.9,730577.97,0.0008,0.0007999995623411024,0.0,VALID,42
17,3,RISCY-a-3-c2,2,DOWN_INTEGERS,730577.97,731162.9,-0.000801,-0.000800640074049935,0.0,VALID,42
17,4,RISCY-a-3-c2,5,UP_DETAILED,731162.9,729482.1,0.002299,0.0022988037275961984,0.0,VALID,42
17,5,RISCY-a-3-c2,5,UP_DETAILED,729482.1,727803.06,0.002302,0.0023016877316111265,0.0,VALID,42
17,6,RISCY-a-3-c2,0,FLIP_BOOLEANS,727803.06,727803.06,0.0,0.0,0.0,VALID,42
17,7,RISCY-a-3-c2,7,DO_NOTHING,727803.06,727803.06,0.0,0.0,0.0,VALID,42
17,8,RISCY-a-3-c2,6,DOWN_DETAILED,727803.06,729482.1,-0.002307,-0.0023069977199600133,0.0,VALID,42
17,9,RISCY-a-3-c2,3,UP_EFFORTS,729482.1,728898.05,0.000801,0.0008006365063651735,0.0,VALID,42
17,10,RISCY-a-3-c2,4,DOWN_EFFORTS,728898.05,729482.1,-0.000801,-0.0008012780388147974,0.0,VALID,42
18,1,RISCY-a-3-c2,4,DOWN_EFFORTS,731162.9,731162.9,0.0,0.0,0.0,VALID,42
18,2,RISCY-a-3-c2,1,UP_INTEGERS,731162.9,729482.1,0.002299,0.0022988037275961984,0.0,VALID,42
18,3,RISCY-a-3-c2,0,FLIP_BOOLEANS,729482.1,729482.1,0.0,0.0,0.0,VALID,42
18,4,RISCY-a-3-c2,2,DOWN_INTEGERS,729482.1,731162.9,-0.002304,-0.0023041004021895077,0.0,VALID,42
18,5,RISCY-a-3-c2,4,DOWN_EFFORTS,731162.9,731162.9,0.0,0.0,0.0,VALID,42
18,6,RISCY-a-3-c2,3,UP_EFFORTS,731162.9,730577.97,0.0008,0.0007999995623411024,0.0,VALID,42
18,7,RISCY-a-3-c2,3,UP_EFFORTS,730577.97,729993.04,0.000801,0.0008006400740497757,0.0,VALID,42
18,8,RISCY-a-3-c2,5,UP_DETAILED,729993.04,728314.0,0.0023,0.0023000767240192277,0.0,VALID,42
18,9,RISCY-a-3-c2,6,DOWN_DETAILED,728314.0,729993.04,-0.002305,-0.0023053792732256103,0.0,VALID,42
18,10,RISCY-a-3-c2,6,DOWN_DETAILED,729993.04,730577.97,-0.000801,-0.0008012816122191176,0.0,VALID,42
19,1,RISCY-a-2-c2,4,DOWN_EFFORTS,731162.9,731162.9,0.0,0.0,0.0,VALID,42
19,2,RISCY-a-2-c2,1,UP_INTEGERS,731162.9,729482.1,0.002299,0.0022988037275961984,0.0,VALID,42
19,3,RISCY-a-2-c2,0,FLIP_BOOLEANS,729482.1,729482.1,0.0,0.0,0.0,VALID,42
19,4,RISCY-a-2-c2,4,DOWN_EFFORTS,729482.1,730066.16,-0.000801,-0.0008006502147209039,0.0,VALID,42
19,5,RISCY-a-2-c2,2,DOWN_INTEGERS,730066.16,731162.9,-0.001502,-0.0015022474127550174,0.0,VALID,42
19,6,RISCY-a-2-c2,4,DOWN_EFFORTS,731162.9,731162.9,0.0,0.0,0.0,VALID,42
19,7,RISCY-a-2-c2,5,UP_DETAILED,731162.9,729482.1,0.002299,0.0022988037275961984,0.0,VALID,42
19,8,RISCY-a-2-c2,3,UP_EFFORTS,729482.1,728898.05,0.000801,0.0008006365063651735,0.0,VALID,42
19,9,RISCY-a-2-c2,5,UP_DETAILED,728898.05,727219.88,0.002302,0.002302338440883525,0.0,VALID,42
19,10,RISCY-a-2-c2,2,DOWN_INTEGERS,727219.88,728898.05,-0.002308,-0.0023076514354916176,0.0,VALID,42
20,1,RISCY-a-3-c2,6,DOWN_DETAILED,731162.9,731162.9,0.0,0.0,0.0,VALID,42
20,2,RISCY-a-3-c2,1,UP_INTEGERS,731162.9,729482.1,0.002299,0.0022988037275961984,0.0,VALID,42
20,3,RISCY-a-3-c2,5,UP_DETAILED,729482.1,727803.06,0.002302,0.0023016877316111265,0.0,VALID,42
20,4,RISCY-a-3-c2,4,DOWN_EFFORTS,727803.06,728386.24,-0.000801,-0.0008012881946387183,0.0,VALID,42
20,5,RISCY-a-3-c2,2,DOWN_INTEGERS,728386.24,730066.16,-0.002306,-0.002306358780198871,0.0,VALID,42
20,6,RISCY-a-3-c2,6,DOWN_DETAILED,730066.16,731162.9,-0.001502,-0.0015022474127550174,0.0,VALID,42
20,7,RISCY-a-3-c2,0,FLIP_BOOLEANS,731162.9,731162.9,0.0,0.0,0.0,VALID,42
20,8,RISCY-a-3-c2,7,DO_NOTHING,731162.9,731162.9,0.0,0.0,0.0,VALID,42
20,9,RISCY-a-3-c2,1,UP_INTEGERS,731162.9,729482.1,0.002299,0.0022988037275961984,0.0,VALID,42
20,10,RISCY-a-3-c2,1,UP_INTEGERS,729482.1,727803.06,0.002302,0.0023016877316111265,0.0,VALID,42
21,1,RISCY-a-3-c2,4,DOWN_EFFORTS,731162.9,731162.9,0.0,0.0,0.0,VALID,42
21,2,RISCY-a-3-c2,5,UP_DETAILED,731162.9,729482.1,0.002299,0.0022988037275961984,0.0,VALID,42
21,3,RISCY-a-3-c2,6,DOWN_DETAILED,729482.1,731162.9,-0.002304,-0.0023041004021895077,0.0,VALID,42
21,4,RISCY-a-3-c2,6,DOWN_DETAILED,731162.9,731162.9,0.0,0.0,0.0,VALID,42
21,5,RISCY-a-3-c2,2,DOWN_INTEGERS,731162.9,731162.9,0.0,0.0,0.0,VALID,42
21,6,RISCY-a-3-c2,0,FLIP_BOOLEANS,731162.9,731162.9,0.0,0.0,0.0,VALID,42
21,7,RISCY-a-3-c2,4,DOWN_EFFORTS,731162.9,731162.9,0.0,0.0,0.0,VALID,42
21,8,RISCY-a-3-c2,5,UP_DETAILED,731162.9,729482.1,0.002299,0.0022988037275961984,0.0,VALID,42
21,9,RISCY-a-3-c2,6,DOWN_DETAILED,729482.1,731162.9,-0.002304,-0.0023041004021895077,0.0,VALID,42
21,10,RISCY-a-3-c2,7,DO_NOTHING,731162.9,731162.9,0.0,0.0,0.0,VALID,42
22,1,RISCY-a-3-c2,4,DOWN_EFFORTS,731162.9,731162.9,0.0,0.0,0.0,VALID,42
22,2,RISCY-a-3-c2,2,DOWN_INTEGERS,731162.9,731162.9,0.0,0.0,0.0,VALID,42
22,3,RISCY-a-3-c2,5,UP_DETAILED,731162.9,729482.1,0.002299,0.0022988037275961984,0.0,VALID,42
22,4,RISCY-a-3-c2,6,DOWN_DETAILED,729482.1,731162.9,-0.002304,-0.0023041004021895077,0.0,VALID,42
22,5,RISCY-a-3-c2,1,UP_INTEGERS,731162.9,729482.1,0.002299,0.0022988037275961984,0.0,VALID,42
22,6,RISCY-a-3-c2,5,UP_DETAILED,729482.1,727803.06,0.002302,0.0023016877316111265,0.0,VALID,42
22,7,RISCY-a-3-c2,0,FLIP_BOOLEANS,727803.06,727803.06,0.0,0.0,0.0,VALID,42
22,8,RISCY-a-3-c2,2,DOWN_INTEGERS,727803.06,729482.1,-0.002307,-0.0023069977199600133,0.0,VALID,42
22,9,RISCY-a-3-c2,3,UP_EFFORTS,729482.1,728898.05,0.000801,0.0008006365063651735,0.0,VALID,42
22,10,RISCY-a-3-c2,6,DOWN_DETAILED,728898.05,730577.97,-0.002305,-0.0023047393253417614,0.0,VALID,42
23,1,RISCY-a-3-c2,7,DO_NOTHING,731162.9,731162.9,0.0,0.0,0.0,VALID,42
23,2,RISCY-a-3-c2,7,DO_NOTHING,731162.9,731162.9,0.0,0.0,0.0,VALID,42
23,3,RISCY-a-3-c2,5,UP_DETAILED,731162.9,729482.1,0.002299,0.0022988037275961984,0.0,VALID,42
23,4,RISCY-a-3-c2,7,DO_NOTHING,729482.1,729482.1,0.0,0.0,0.0,VALID,42
23,5,RISCY-a-3-c2,2,DOWN_INTEGERS,729482.1,731162.9,-0.002304,-0.0023041004021895077,0.0,VALID,42
23,6,RISCY-a-3-c2,4,DOWN_EFFORTS,731162.9,731162.9,0.0,0.0,0.0,VALID,42
23,7,RISCY-a-3-c2,5,UP_DETAILED,731162.9,729482.1,0.002299,0.0022988037275961984,0.0,VALID,42
23,8,RISCY-a-3-c2,5,UP_DETAILED,729482.1,727803.06,0.002302,0.0023016877316111265,0.0,VALID,42
23,9,RISCY-a-3-c2,2,DOWN_INTEGERS,727803.06,729482.1,-0.002307,-0.0023069977199600133,0.0,VALID,42
23,10,RISCY-a-3-c2,7,DO_NOTHING,729482.1,729482.1,0.0,0.0,0.0,VALID,42
24,1,RISCY-a-3-c2,1,UP_INTEGERS,731162.9,729482.1,0.002299,0.0022988037275961984,0.0,VALID,42
24,2,RISCY-a-3-c2,7,DO_NOTHING,729482.1,729482.1,0.0,0.0,0.0,VALID,42
24,3,RISCY-a-3-c2,7,DO_NOTHING,729482.1,729482.1,0.0,0.0,0.0,VALID,42
24,4,RISCY-a-3-c2,1,UP_INTEGERS,729482.1,727803.06,0.002302,0.0023016877316111265,0.0,VALID,42
24,5,RISCY-a-3-c2,1,UP_INTEGERS,727803.06,726125.77,0.002305,0.0023045932233371445,0.0,VALID,42
24,6,RISCY-a-3-c2,3,UP_EFFORTS,726125.77,725543.47,0.000802,0.0008019271923100134,0.0,VALID,42
24,7,RISCY-a-3-c2,6,DOWN_DETAILED,725543.47,727219.88,-0.002311,-0.0023105576293037723,0.0,VALID,42
24,8,RISCY-a-3-c2,0,FLIP_BOOLEANS,727219.88,727219.88,0.0,0.0,0.0,VALID,42
24,9,RISCY-a-3-c2,7,DO_NOTHING,727219.88,727219.88,0.0,0.0,0.0,VALID,42
24,10,RISCY-a-3-c2,2,DOWN_INTEGERS,727219.88,728898.05,-0.002308,-0.0023076514354916176,0.0,VALID,42
25,1,RISCY-a-2-c2,4,DOWN_EFFORTS,731162.9,731162.9,0.0,0.0,0.0,VALID,42
25,2,RISCY-a-2-c2,0,FLIP_BOOLEANS,731162.9,731162.9,0.0,0.0,0.0,VALID,42
25,3,RISCY-a-2-c2,4,DOWN_EFFORTS,731162.9,731162.9,0.0,0.0,0.0,VALID,42
25,4,RISCY-a-2-c2,0,FLIP_BOOLEANS,731162.9,731162.9,0.0,0.0,0.0,VALID,42
25,5,RISCY-a-2-c2,7,DO_NOTHING,731162.9,731162.9,0.0,0.0,0.0,VALID,42
25,6,RISCY-a-2-c2,0,FLIP_BOOLEANS,731162.9,731162.9,0.0,0.0,0.0,VALID,42
25,7,RISCY-a-2-c2,6,DOWN_DETAILED,731162.9,731162.9,0.0,0.0,0.0,VALID,42
25,8,RISCY-a-2-c2,0,FLIP_BOOLEANS,731162.9,731162.9,0.0,0.0,0.0,VALID,42
25,9,RISCY-a-2-c2,2,DOWN_INTEGERS,731162.9,731162.9,0.0,0.0,0.0,VALID,42
25,10,RISCY-a-2-c2,4,DOWN_EFFORTS,731162.9,731162.9,0.0,0.0,0.0,VALID,42
26,1,RISCY-a-2-c2,0,FLIP_BOOLEANS,731162.9,731162.9,0.0,0.0,0.0,VALID,42
26,2,RISCY-a-2-c2,2,DOWN_INTEGERS,731162.9,731162.9,0.0,0.0,0.0,VALID,42
26,3,RISCY-a-2-c2,7,DO_NOTHING,731162.9,731162.9,0.0,0.0,0.0,VALID,42
26,4,RISCY-a-2-c2,5,UP_DETAILED,731162.9,729482.1,0.002299,0.0022988037275961984,0.0,VALID,42
26,5,RISCY-a-2-c2,6,DOWN_DETAILED,729482.1,731162.9,-0.002304,-0.0023041004021895077,0.0,VALID,42
26,6,RISCY-a-2-c2,5,UP_DETAILED,731162.9,729482.1,0.002299,0.0022988037275961984,0.0,VALID,42
26,7,RISCY-a-2-c2,2,DOWN_INTEGERS,729482.1,731162.9,-0.002304,-0.0023041004021895077,0.0,VALID,42
26,8,RISCY-a-2-c2,7,DO_NOTHING,731162.9,731162.9,0.0,0.0,0.0,VALID,42
26,9,RISCY-a-2-c2,0,FLIP_BOOLEANS,731162.9,731162.9,0.0,0.0,0.0,VALID,42
26,10,RISCY-a-2-c2,5,UP_DETAILED,731162.9,729482.1,0.002299,0.0022988037275961984,0.0,VALID,42
27,1,RISCY-a-2-c2,1,UP_INTEGERS,731162.9,729482.1,0.002299,0.0022988037275961984,0.0,VALID,42
27,2,RISCY-a-2-c2,1,UP_INTEGERS,729482.1,727803.06,0.002302,0.0023016877316111265,0.0,VALID,42
27,3,RISCY-a-2-c2,7,DO_NOTHING,727803.06,727803.06,0.0,0.0,0.0,VALID,42
27,4,RISCY-a-2-c2,2,DOWN_INTEGERS,727803.06,729482.1,-0.002307,-0.0023069977199600133,0.0,VALID,42
27,5,RISCY-a-2-c2,2,DOWN_INTEGERS,729482.1,731162.9,-0.002304,-0.0023041004021895077,0.0,VALID,42
27,6,RISCY-a-2-c2,0,FLIP_BOOLEANS,731162.9,731162.9,0.0,0.0,0.0,VALID,42
27,7,RISCY-a-2-c2,1,UP_INTEGERS,731162.9,729482.1,0.002299,0.0022988037275961984,0.0,VALID,42
27,8,RISCY-a-2-c2,6,DOWN_DETAILED,729482.1,731162.9,-0.002304,-0.0023041004021895077,0.0,VALID,42
27,9,RISCY-a-2-c2,0,FLIP_BOOLEANS,731162.9,731162.9,0.0,0.0,0.0,VALID,42
27,10,RISCY-a-2-c2,4,DOWN_EFFORTS,731162.9,731162.9,0.0,0.0,0.0,VALID,42
28,1,RISCY-a-3-c2,1,UP_INTEGERS,731162.9,729482.1,0.002299,0.0022988037275961984,0.0,VALID,42
28,2,RISCY-a-3-c2,3,UP_EFFORTS,729482.1,728898.05,0.000801,0.0008006365063651735,0.0,VALID,42
28,3,RISCY-a-3-c2,7,DO_NOTHING,728898.05,728898.05,0.0,0.0,0.0,VALID,42
28,4,RISCY-a-3-c2,0,FLIP_BOOLEANS,728898.05,728898.05,0.0,0.0,0.0,VALID,42
28,5,RISCY-a-3-c2,1,UP_INTEGERS,728898.05,727219.88,0.002302,0.002302338440883525,0.0,VALID,42
28,6,RISCY-a-3-c2,1,UP_INTEGERS,727219.88,725543.47,0.002305,0.002305231259629526,0.0,VALID,42
28,7,RISCY-a-3-c2,0,FLIP_BOOLEANS,725543.47,725543.47,0.0,0.0,0.0,VALID,42
28,8,RISCY-a-3-c2,0,FLIP_BOOLEANS,725543.47,725543.47,0.0,0.0,0.0,VALID,42
28,9,RISCY-a-3-c2,2,DOWN_INTEGERS,725543.47,727219.88,-0.002311,-0.0023105576293037723,0.0,VALID,42
28,10,RISCY-a-3-c2,2,DOWN_INTEGERS,727219.88,728898.05,-0.002308,-0.0023076514354916176,0.0,VALID,42
29,1,RISCY-a-3-c2,5,UP_DETAILED,731162.9,729482.1,0.002299,0.0022988037275961984,0.0,VALID,42
29,2,RISCY-a-3-c2,3,UP_EFFORTS,729482.1,728898.05,0.000801,0.0008006365063651735,0.0,VALID,42
29,3,RISCY-a-3-c2,4,DOWN_EFFORTS,728898.05,729482.1,-0.000801,-0.0008012780388147974,0.0,VALID,42
29,4,RISCY-a-3-c2,7,DO_NOTHING,729482.1,729482.1,0.0,0.0,0.0,VALID,42
29,5,RISCY-a-3-c2,1,UP_INTEGERS,729482.1,727803.06,0.002302,0.0023016877316111265,0.0,VALID,42
29,6,RISCY-a-3-c2,4,DOWN_EFFORTS,727803.06,728386.24,-0.000801,-0.0008012881946387183,0.0,VALID,42
29,7,RISCY-a-3-c2,5,UP_DETAILED,728386.24,726708.07,0.002304,0.0023039562087279982,0.0,VALID,42
29,8,RISCY-a-3-c2,7,DO_NOTHING,726708.07,726708.07,0.0,0.0,0.0,VALID,42
29,9,RISCY-a-3-c2,6,DOWN_DETAILED,726708.07,728386.24,-0.002309,-0.002309276681075032,0.0,VALID,42
29,10,RISCY-a-3-c2,4,DOWN_EFFORTS,728386.24,728969.41,-0.000801,-0.0008006329169535683,0.0,VALID,42
30,1,RISCY-a-3-c2,1,UP_INTEGERS,731162.9,729482.1,0.002299,0.0022988037275961984,0.0,VALID,42
30,2,RISCY-a-3-c2,6,DOWN_DETAILED,729482.1,731162.9,-0.002304,-0.0023041004021895077,0.0,VALID,42
30,3,RISCY-a-3-c2,7,DO_NOTHING,731162.9,731162.9,0.0,0.0,0.0,VALID,42
30,4,RISCY-a-3-c2,5,UP_DETAILED,731162.9,729482.1,0.002299,0.0022988037275961984,0.0,VALID,42
30,5,RISCY-a-3-c2,0,FLIP_BOOLEANS,729482.1,729482.1,0.0,0.0,0.0,VALID,42
30,6,RISCY-a-3-c2,2,DOWN_INTEGERS,729482.1,731162.9,-0.002304,-0.0023041004021895077,0.0,VALID,42
30,7,RISCY-a-3-c2,0,FLIP_BOOLEANS,731162.9,731162.9,0.0,0.0,0.0,VALID,42
30,8,RISCY-a-3-c2,6,DOWN_DETAILED,731162.9,731162.9,0.0,0.0,0.0,VALID,42
30,9,RISCY-a-3-c2,4,DOWN_EFFORTS,731162.9,731162.9,0.0,0.0,0.0,VALID,42
30,10,RISCY-a-3-c2,2,DOWN_INTEGERS,731162.9,731162.9,0.0,0.0,0.0,VALID,42
31,1,RISCY-a-2-c2,4,DOWN_EFFORTS,731162.9,731162.9,0.0,0.0,0.0,VALID,42
31,2,RISCY-a-2-c2,1,UP_INTEGERS,731162.9,729482.1,0.002299,0.0022988037275961984,0.0,VALID,42
31,3,RISCY-a-2-c2,3,UP_EFFORTS,729482.1,728898.05,0.000801,0.0008006365063651735,0.0,VALID,42
31,4,RISCY-a-2-c2,2,DOWN_INTEGERS,728898.05,730577.97,-0.002305,-0.0023047393253417614,0.0,VALID,42
31,5,RISCY-a-2-c2,7,DO_NOTHING,730577.97,730577.97,0.0,0.0,0.0,VALID,42
31,6,RISCY-a-2-c2,3,UP_EFFORTS,730577.97,729993.04,0.000801,0.0008006400740497757,0.0,VALID,42
31,7,RISCY-a-2-c2,1,UP_INTEGERS,729993.04,728314.0,0.0023,0.0023000767240192277,0.0,VALID,42
31,8,RISCY-a-2-c2,2,DOWN_INTEGERS,728314.0,729993.04,-0.002305,-0.0023053792732256103,0.0,VALID,42
31,9,RISCY-a-2-c2,6,DOWN_DETAILED,729993.04,730577.97,-0.000801,-0.0008012816122191176,0.0,VALID,42
31,10,RISCY-a-2-c2,3,UP_EFFORTS,730577.97,729993.04,0.000801,0.0008006400740497757,0.0,VALID,42
32,1,RISCY-a-2-c2,0,FLIP_BOOLEANS,731162.9,731162.9,0.0,0.0,0.0,VALID,42
32,2,RISCY-a-2-c2,3,UP_EFFORTS,731162.9,730577.97,0.0008,0.0007999995623411024,0.0,VALID,42
32,3,RISCY-a-2-c2,4,DOWN_EFFORTS,730577.97,731162.9,-0.000801,-0.000800640074049935,0.0,VALID,42
32,4,RISCY-a-2-c2,4,DOWN_EFFORTS,731162.9,731162.9,0.0,0.0,0.0,VALID,42
32,5,RISCY-a-2-c2,6,DOWN_DETAILED,731162.9,731162.9,0.0,0.0,0.0,VALID,42
32,6,RISCY-a-2-c2,6,DOWN_DETAILED,731162.9,731162.9,0.0,0.0,0.0,VALID,42
32,7,RISCY-a-2-c2,3,UP_EFFORTS,731162.9,730577.97,0.0008,0.0007999995623411024,0.0,VALID,42
32,8,RISCY-a-2-c2,4,DOWN_EFFORTS,730577.97,731162.9,-0.000801,-0.000800640074049935,0.0,VALID,42
32,9,RISCY-a-2-c2,5,UP_DETAILED,731162.9,729482.1,0.002299,0.0022988037275961984,0.0,VALID,42
32,10,RISCY-a-2-c2,5,UP_DETAILED,729482.1,727803.06,0.002302,0.0023016877316111265,0.0,VALID,42
33,1,RISCY-a-3-c2,4,DOWN_EFFORTS,731162.9,731162.9,0.0,0.0,0.0,VALID,42
33,2,RISCY-a-3-c2,4,DOWN_EFFORTS,731162.9,731162.9,0.0,0.0,0.0,VALID,42
33,3,RISCY-a-3-c2,7,DO_NOTHING,731162.9,731162.9,0.0,0.0,0.0,VALID,42
33,4,RISCY-a-3-c2,4,DOWN_EFFORTS,731162.9,731162.9,0.0,0.0,0.0,VALID,42
33,5,RISCY-a-3-c2,2,DOWN_INTEGERS,731162.9,731162.9,0.0,0.0,0.0,VALID,42
33,6,RISCY-a-3-c2,6,DOWN_DETAILED,731162.9,731162.9,0.0,0.0,0.0,VALID,42
33,7,RISCY-a-3-c2,7,DO_NOTHING,731162.9,731162.9,0.0,0.0,0.0,VALID,42
33,8,RISCY-a-3-c2,0,FLIP_BOOLEANS,731162.9,731162.9,0.0,0.0,0.0,VALID,42
33,9,RISCY-a-3-c2,0,FLIP_BOOLEANS,731162.9,731162.9,0.0,0.0,0.0,VALID,42
33,10,RISCY-a-3-c2,2,DOWN_INTEGERS,731162.9,731162.9,0.0,0.0,0.0,VALID,42
34,1,RISCY-a-2-c2,5,UP_DETAILED,731162.9,729482.1,0.002299,0.0022988037275961984,0.0,VALID,42
34,2,RISCY-a-2-c2,6,DOWN_DETAILED,729482.1,731162.9,-0.002304,-0.0023041004021895077,0.0,VALID,42
34,3,RISCY-a-2-c2,3,UP_EFFORTS,731162.9,730577.97,0.0008,0.0007999995623411024,0.0,VALID,42
34,4,RISCY-a-2-c2,0,FLIP_BOOLEANS,730577.97,730577.97,0.0,0.0,0.0,VALID,42
34,5,RISCY-a-2-c2,5,UP_DETAILED,730577.97,728898.05,0.002299,0.002299439716201579,0.0,VALID,42
34,6,RISCY-a-2-c2,2,DOWN_INTEGERS,728898.05,730577.97,-0.002305,-0.0023047393253417614,0.0,VALID,42
34,7,RISCY-a-2-c2,0,FLIP_BOOLEANS,730577.97,730577.97,0.0,0.0,0.0,VALID,42
34,8,RISCY-a-2-c2,6,DOWN_DETAILED,730577.97,731162.9,-0.000801,-0.000800640074049935,0.0,VALID,42
34,9,RISCY-a-2-c2,3,UP_EFFORTS,731162.9,730577.97,0.0008,0.0007999995623411024,0.0,VALID,42
34,10,RISCY-a-2-c2,6,DOWN_DETAILED,730577.97,731162.9,-0.000801,-0.000800640074049935,0.0,VALID,42
35,1,RISCY-a-3-c2,1,UP_INTEGERS,731162.9,729482.1,0.002299,0.0022988037275961984,0.0,VALID,42
35,2,RISCY-a-3-c2,3,UP_EFFORTS,729482.1,728898.05,0.000801,0.0008006365063651735,0.0,VALID,42
35,3,RISCY-a-3-c2,6,DOWN_DETAILED,728898.05,730577.97,-0.002305,-0.0023047393253417614,0.0,VALID,42
35,4,RISCY-a-3-c2,0,FLIP_BOOLEANS,730577.97,730577.97,0.0,0.0,0.0,VALID,42
35,5,RISCY-a-3-c2,4,DOWN_EFFORTS,730577.97,731162.9,-0.000801,-0.000800640074049935,0.0,VALID,42
35,6,RISCY-a-3-c2,7,DO_NOTHING,731162.9,731162.9,0.0,0.0,0.0,VALID,42
35,7,RISCY-a-3-c2,7,DO_NOTHING,731162.9,731162.9,0.0,0.0,0.0,VALID,42
35,8,RISCY-a-3-c2,7,DO_NOTHING,731162.9,731162.9,0.0,0.0,0.0,VALID,42
35,9,RISCY-a-3-c2,7,DO_NOTHING,731162.9,731162.9,0.0,0.0,0.0,VALID,42
35,10,RISCY-a-3-c2,3,UP_EFFORTS,731162.9,730577.97,0.0008,0.0007999995623411024,0.0,VALID,42
36,1,RISCY-a-2-c2,2,DOWN_INTEGERS,731162.9,731162.9,0.0,0.0,0.0,VALID,42
36,2,RISCY-a-2-c2,6,DOWN_DETAILED,731162.9,731162.9,0.0,0.0,0.0,VALID,42
36,3,RISCY-a-2-c2,1,UP_INTEGERS,731162.9,729482.1,0.002299,0.0022988037275961984,0.0,VALID,42
36,4,RISCY-a-2-c2,6,DOWN_DETAILED,729482.1,731162.9,-0.002304,-0.0023041004021895077,0.0,VALID,42
36,5,RISCY-a-2-c2,5,UP_DETAILED,731162.9,729482.1,0.002299,0.0022988037275961984,0.0,VALID,42
36,6,RISCY-a-2-c2,0,FLIP_BOOLEANS,729482.1,729482.1,0.0,0.0,0.0,VALID,42
36,7,RISCY-a-2-c2,7,DO_NOTHING,729482.1,729482.1,0.0,0.0,0.0,VALID,42
36,8,RISCY-a-2-c2,4,DOWN_EFFORTS,729482.1,730066.16,-0.000801,-0.0008006502147209039,0.0,VALID,42
36,9,RISCY-a-2-c2,2,DOWN_INTEGERS,730066.16,731162.9,-0.001502,-0.0015022474127550174,0.0,VALID,42
36,10,RISCY-a-2-c2,1,UP_INTEGERS,731162.9,729482.1,0.002299,0.0022988037275961984,0.0,VALID,42
37,1,RISCY-a-2-c2,0,FLIP_BOOLEANS,731162.9,731162.9,0.0,0.0,0.0,VALID,42
37,2,RISCY-a-2-c2,1,UP_INTEGERS,731162.9,729482.1,0.002299,0.0022988037275961984,0.0,VALID,42
37,3,RISCY-a-2-c2,0,FLIP_BOOLEANS,729482.1,729482.1,0.0,0.0,0.0,VALID,42
37,4,RISCY-a-2-c2,2,DOWN_INTEGERS,729482.1,731162.9,-0.002304,-0.0023041004021895077,0.0,VALID,42
37,5,RISCY-a-2-c2,0,FLIP_BOOLEANS,731162.9,731162.9,0.0,0.0,0.0,VALID,42
37,6,RISCY-a-2-c2,0,FLIP_BOOLEANS,731162.9,731162.9,0.0,0.0,0.0,VALID,42
37,7,RISCY-a-2-c2,2,DOWN_INTEGERS,731162.9,731162.9,0.0,0.0,0.0,VALID,42
37,8,RISCY-a-2-c2,7,DO_NOTHING,731162.9,731162.9,0.0,0.0,0.0,VALID,42
37,9,RISCY-a-2-c2,5,UP_DETAILED,731162.9,729482.1,0.002299,0.0022988037275961984,0.0,VALID,42
37,10,RISCY-a-2-c2,4,DOWN_EFFORTS,729482.1,730066.16,-0.000801,-0.0008006502147209039,0.0,VALID,42
38,1,RISCY-a-2-c2,4,DOWN_EFFORTS,731162.9,731162.9,0.0,0.0,0.0,VALID,42
38,2,RISCY-a-2-c2,5,UP_DETAILED,731162.9,729482.1,0.002299,0.0022988037275961984,0.0,VALID,42
38,3,RISCY-a-2-c2,3,UP_EFFORTS,729482.1,728898.05,0.000801,0.0008006365063651735,0.0,VALID,42
38,4,RISCY-a-2-c2,1,UP_INTEGERS,728898.05,727219.88,0.002302,0.002302338440883525,0.0,VALID,42
38,5,RISCY-a-2-c2,0,FLIP_BOOLEANS,727219.88,727219.88,0.0,0.0,0.0,VALID,42
38,6,RISCY-a-2-c2,4,DOWN_EFFORTS,727219.88,727803.06,-0.000802,-0.0008019307722996396,0.0,VALID,42
38,7,RISCY-a-2-c2,3,UP_EFFORTS,727803.06,727219.88,0.000801,0.0008012881946388782,0.0,VALID,42
38,8,RISCY-a-2-c2,6,DOWN_DETAILED,727219.88,728898.05,-0.002308,-0.0023076514354916176,0.0,VALID,42
38,9,RISCY-a-2-c2,5,UP_DETAILED,728898.05,727219.88,0.002302,0.002302338440883525,0.0,VALID,42
38,10,RISCY-a-2-c2,3,UP_EFFORTS,727219.88,726636.71,0.000802,0.0008019170213004104,0.0,VALID,42
39,1,RISCY-a-2-c2,4,DOWN_EFFORTS,731162.9,731162.9,0.0,0.0,0.0,VALID,42
39,2,RISCY-a-2-c2,5,UP_DETAILED,731162.9,729482.1,0.002299,0.0022988037275961984,0.0,VALID,42
39,3,RISCY-a-2-c2,6,DOWN_DETAILED,729482.1,731162.9,-0.002304,-0.0023041004021895077,0.0,VALID,42
39,4,RISCY-a-2-c2,0,FLIP_BOOLEANS,731162.9,731162.9,0.0,0.0,0.0,VALID,42
39,5,RISCY-a-2-c2,6,DOWN_DETAILED,731162.9,731162.9,0.0,0.0,0.0,VALID,42
39,6,RISCY-a-2-c2,5,UP_DETAILED,731162.9,729482.1,0.002299,0.0022988037275961984,0.0,VALID,42
39,7,RISCY-a-2-c2,4,DOWN_EFFORTS,729482.1,730066.16,-0.000801,-0.0008006502147209039,0.0,VALID,42
39,8,RISCY-a-2-c2,5,UP_DETAILED,730066.16,728386.24,0.002301,0.0023010517293392176,0.0,VALID,42
39,9,RISCY-a-2-c2,5,UP_DETAILED,728386.24,726708.07,0.002304,0.0023039562087279982,0.0,VALID,42
39,10,RISCY-a-2-c2,6,DOWN_DETAILED,726708.07,728386.24,-0.002309,-0.002309276681075032,0.0,VALID,42
40,1,RISCY-a-2-c2,2,DOWN_INTEGERS,731162.9,731162.9,0.0,0.0,0.0,VALID,42
40,2,RISCY-a-2-c2,1,UP_INTEGERS,731162.9,729482.1,0.002299,0.0022988037275961984,0.0,VALID,42
40,3,RISCY-a-2-c2,5,UP_DETAILED,729482.1,727803.06,0.002302,0.0023016877316111265,0.0,VALID,42
40,4,RISCY-a-2-c2,2,DOWN_INTEGERS,727803.06,729482.1,-0.002307,-0.0023069977199600133,0.0,VALID,42
40,5,RISCY-a-2-c2,6,DOWN_DETAILED,729482.1,731162.9,-0.002304,-0.0023041004021895077,0.0,VALID,42
40,6,RISCY-a-2-c2,7,DO_NOTHING,731162.9,731162.9,0.0,0.0,0.0,VALID,42
40,7,RISCY-a-2-c2,5,UP_DETAILED,731162.9,729482.1,0.002299,0.0022988037275961984,0.0,VALID,42
40,8,RISCY-a-2-c2,5,UP_DETAILED,729482.1,727803.06,0.002302,0.0023016877316111265,0.0,VALID,42
40,9,RISCY-a-2-c2,0,FLIP_BOOLEANS,727803.06,727803.06,0.0,0.0,0.0,VALID,42
40,10,RISCY-a-2-c2,2,DOWN_INTEGERS,727803.06,729482.1,-0.002307,-0.0023069977199600133,0.0,VALID,42
41,1,RISCY-a-3-c2,3,UP_EFFORTS,731162.9,730577.97,0.0008,0.0007999995623411024,0.0,VALID,42
41,2,RISCY-a-3-c2,2,DOWN_INTEGERS,730577.97,731162.9,-0.000801,-0.000800640074049935,0.0,VALID,42
41,3,RISCY-a-3-c2,3,UP_EFFORTS,731162.9,730577.97,0.0008,0.0007999995623411024,0.0,VALID,42
41,4,RISCY-a-3-c2,0,FLIP_BOOLEANS,730577.97,730577.97,0.0,0.0,0.0,VALID,42
41,5,RISCY-a-3-c2,4,DOWN_EFFORTS,730577.97,731162.9,-0.000801,-0.000800640074049935,0.0,VALID,42
41,6,RISCY-a-3-c2,2,DOWN_INTEGERS,731162.9,731162.9,0.0,0.0,0.0,VALID,42
41,7,RISCY-a-3-c2,3,UP_EFFORTS,731162.9,730577.97,0.0008,0.0007999995623411024,0.0,VALID,42
41,8,RISCY-a-3-c2,3,UP_EFFORTS,730577.97,729993.04,0.000801,0.0008006400740497757,0.0,VALID,42
41,9,RISCY-a-3-c2,0,FLIP_BOOLEANS,729993.04,729993.04,0.0,0.0,0.0,VALID,42
41,10,RISCY-a-3-c2,3,UP_EFFORTS,729993.04,729408.11,0.000801,0.000801281612219277,0.0,VALID,42
42,1,RISCY-a-3-c2,5,UP_DETAILED,731162.9,729482.1,0.002299,0.0022988037275961984,0.0,VALID,42
42,2,RISCY-a-3-c2,5,UP_DETAILED,729482.1,727803.06,0.002302,0.0023016877316111265,0.0,VALID,42
42,3,RISCY-a-3-c2,1,UP_INTEGERS,727803.06,726125.77,0.002305,0.0023045932233371445,0.0,VALID,42
42,4,RISCY-a-3-c2,1,UP_INTEGERS,726125.77,724450.24,0.002307,0.002307492819047075,0.0,VALID,42
42,5,RISCY-a-3-c2,2,DOWN_INTEGERS,724450.24,726125.77,-0.002313,-0.0023128296568719862,0.0,VALID,42
42,6,RISCY-a-3-c2,3,UP_EFFORTS,726125.77,725543.47,0.000802,0.0008019271923100134,0.0,VALID,42
42,7,RISCY-a-3-c2,4,DOWN_EFFORTS,725543.47,726125.77,-0.000803,-0.0008025707956548028,0.0,VALID,42
42,8,RISCY-a-3-c2,7,DO_NOTHING,726125.77,726125.77,0.0,0.0,0.0,VALID,42
42,9,RISCY-a-3-c2,1,UP_INTEGERS,726125.77,724450.24,0.002307,0.002307492819047075,0.0,VALID,42
42,10,RISCY-a-3-c2,7,DO_NOTHING,724450.24,724450.24,0.0,0.0,0.0,VALID,42
43,1,RISCY-a-3-c2,2,DOWN_INTEGERS,731162.9,731162.9,0.0,0.0,0.0,VALID,42
43,2,RISCY-a-3-c2,4,DOWN_EFFORTS,731162.9,731162.9,0.0,0.0,0.0,VALID,42
43,3,RISCY-a-3-c2,6,DOWN_DETAILED,731162.9,731162.9,0.0,0.0,0.0,VALID,42
43,4,RISCY-a-3-c2,4,DOWN_EFFORTS,731162.9,731162.9,0.0,0.0,0.0,VALID,42
43,5,RISCY-a-3-c2,1,UP_INTEGERS,731162.9,729482.1,0.002299,0.0022988037275961984,0.0,VALID,42
43,6,RISCY-a-3-c2,6,DOWN_DETAILED,729482.1,731162.9,-0.002304,-0.0023041004021895077,0.0,VALID,42
43,7,RISCY-a-3-c2,1,UP_INTEGERS,731162.9,729482.1,0.002299,0.0022988037275961984,0.0,VALID,42
43,8,RISCY-a-3-c2,4,DOWN_EFFORTS,729482.1,730066.16,-0.000801,-0.0008006502147209039,0.0,VALID,42
43,9,RISCY-a-3-c2,4,DOWN_EFFORTS,730066.16,730066.16,0.0,0.0,0.0,VALID,42
43,10,RISCY-a-3-c2,7,DO_NOTHING,730066.16,730066.16,0.0,0.0,0.0,VALID,42
44,1,RISCY-a-3-c2,3,UP_EFFORTS,731162.9,730577.97,0.0008,0.0007999995623411024,0.0,VALID,42
44,2,RISCY-a-3-c2,0,FLIP_BOOLEANS,730577.97,730577.97,0.0,0.0,0.0,VALID,42
44,3,RISCY-a-3-c2,1,UP_INTEGERS,730577.97,728898.05,0.002299,0.002299439716201579,0.0,VALID,42
44,4,RISCY-a-3-c2,0,FLIP_BOOLEANS,728898.05,728898.05,0.0,0.0,0.0,VALID,42
44,5,RISCY-a-3-c2,0,FLIP_BOOLEANS,728898.05,728898.05,0.0,0.0,0.0,VALID,42
44,6,RISCY-a-3-c2,1,UP_INTEGERS,728898.05,727219.88,0.002302,0.002302338440883525,0.0,VALID,42
44,7,RISCY-a-3-c2,4,DOWN_EFFORTS,727219.88,727803.06,-0.000802,-0.0008019307722996396,0.0,VALID,42
44,8,RISCY-a-3-c2,4,DOWN_EFFORTS,727803.06,728386.24,-0.000801,-0.0008012881946387183,0.0,VALID,42
44,9,RISCY-a-3-c2,5,UP_DETAILED,728386.24,726708.07,0.002304,0.0023039562087279982,0.0,VALID,42
44,10,RISCY-a-3-c2,4,DOWN_EFFORTS,726708.07,727290.37,-0.000801,-0.0008012846203841477,0.0,VALID,42
45,1,RISCY-a-2-c2,7,DO_NOTHING,731162.9,731162.9,0.0,0.0,0.0,VALID,42
45,2,RISCY-a-2-c2,6,DOWN_DETAILED,731162.9,731162.9,0.0,0.0,0.0,VALID,42
45,3,RISCY-a-2-c2,7,DO_NOTHING,731162.9,731162.9,0.0,0.0,0.0,VALID,42
45,4,RISCY-a-2-c2,1,UP_INTEGERS,731162.9,729482.1,0.002299,0.0022988037275961984,0.0,VALID,42
45,5,RISCY-a-2-c2,0,FLIP_BOOLEANS,729482.1,729482.1,0.0,0.0,0.0,VALID,42
45,6,RISCY-a-2-c2,0,FLIP_BOOLEANS,729482.1,729482.1,0.0,0.0,0.0,VALID,42
45,7,RISCY-a-2-c2,3,UP_EFFORTS,729482.1,728898.05,0.000801,0.0008006365063651735,0.0,VALID,42
45,8,RISCY-a-2-c2,5,UP_DETAILED,728898.05,727219.88,0.002302,0.002302338440883525,0.0,VALID,42
45,9,RISCY-a-2-c2,7,DO_NOTHING,727219.88,727219.88,0.0,0.0,0.0,VALID,42
45,10,RISCY-a-2-c2,1,UP_INTEGERS,727219.88,725543.47,0.002305,0.002305231259629526,0.0,VALID,42
46,1,RISCY-a-3-c2,1,UP_INTEGERS,731162.9,729482.1,0.002299,0.0022988037275961984,0.0,VALID,42
46,2,RISCY-a-3-c2,5,UP_DETAILED,729482.1,727803.06,0.002302,0.0023016877316111265,0.0,VALID,42
46,3,RISCY-a-3-c2,4,DOWN_EFFORTS,727803.06,728386.24,-0.000801,-0.0008012881946387183,0.0,VALID,42
46,4,RISCY-a-3-c2,4,DOWN_EFFORTS,728386.24,728969.41,-0.000801,-0.0008006329169535683,0.0,VALID,42
46,5,RISCY-a-3-c2,7,DO_NOTHING,728969.41,728969.41,0.0,0.0,0.0,VALID,42
46,6,RISCY-a-3-c2,6,DOWN_DETAILED,728969.41,730066.16,-0.001505,-0.00150452129397309,0.0,VALID,42
46,7,RISCY-a-3-c2,4,DOWN_EFFORTS,730066.16,730066.16,0.0,0.0,0.0,VALID,42
46,8,RISCY-a-3-c2,2,DOWN_INTEGERS,730066.16,731162.9,-0.001502,-0.0015022474127550174,0.0,VALID,42
46,9,RISCY-a-3-c2,5,UP_DETAILED,731162.9,729482.1,0.002299,0.0022988037275961984,0.0,VALID,42
46,10,RISCY-a-3-c2,0,FLIP_BOOLEANS,729482.1,729482.1,0.0,0.0,0.0,VALID,42
47,1,RISCY-a-2-c2,2,DOWN_INTEGERS,731162.9,731162.9,0.0,0.0,0.0,VALID,42
47,2,RISCY-a-2-c2,7,DO_NOTHING,731162.9,731162.9,0.0,0.0,0.0,VALID,42
47,3,RISCY-a-2-c2,6,DOWN_DETAILED,731162.9,731162.9,0.0,0.0,0.0,VALID,42
47,4,RISCY-a-2-c2,2,DOWN_INTEGERS,731162.9,731162.9,0.0,0.0,0.0,VALID,42
47,5,RISCY-a-2-c2,4,DOWN_EFFORTS,731162.9,731162.9,0.0,0.0,0.0,VALID,42
47,6,RISCY-a-2-c2,4,DOWN_EFFORTS,731162.9,731162.9,0.0,0.0,0.0,VALID,42
47,7,RISCY-a-2-c2,5,UP_DETAILED,731162.9,729482.1,0.002299,0.0022988037275961984,0.0,VALID,42
47,8,RISCY-a-2-c2,1,UP_INTEGERS,729482.1,727803.06,0.002302,0.0023016877316111265,0.0,VALID,42
47,9,RISCY-a-2-c2,5,UP_DETAILED,727803.06,726125.77,0.002305,0.0023045932233371445,0.0,VALID,42
47,10,RISCY-a-2-c2,0,FLIP_BOOLEANS,726125.77,726125.77,0.0,0.0,0.0,VALID,42
48,1,RISCY-a-3-c2,5,UP_DETAILED,731162.9,729482.1,0.002299,0.0022988037275961984,0.0,VALID,42
48,2,RISCY-a-3-c2,2,DOWN_INTEGERS,729482.1,731162.9,-0.002304,-0.0023041004021895077,0.0,VALID,42
48,3,RISCY-a-3-c2,5,UP_DETAILED,731162.9,729482.1,0.002299,0.0022988037275961984,0.0,VALID,42
48,4,RISCY-a-3-c2,3,UP_EFFORTS,729482.1,728898.05,0.000801,0.0008006365063651735,0.0,VALID,42
48,5,RISCY-a-3-c2,1,UP_INTEGERS,728898.05,727219.88,0.002302,0.002302338440883525,0.0,VALID,42
48,6,RISCY-a-3-c2,7,DO_NOTHING,727219.88,727219.88,0.0,0.0,0.0,VALID,42
48,7,RISCY-a-3-c2,1,UP_INTEGERS,727219.88,725543.47,0.002305,0.002305231259629526,0.0,VALID,42
48,8,RISCY-a-3-c2,2,DOWN_INTEGERS,725543.47,727219.88,-0.002311,-0.0023105576293037723,0.0,VALID,42
48,9,RISCY-a-3-c2,7,DO_NOTHING,727219.88,727219.88,0.0,0.0,0.0,VALID,42
48,10,RISCY-a-3-c2,1,UP_INTEGERS,727219.88,725543.47,0.002305,0.002305231259629526,0.0,VALID,42
49,1,RISCY-a-3-c2,6,DOWN_DETAILED,731162.9,731162.9,0.0,0.0,0.0,VALID,42
49,2,RISCY-a-3-c2,1,UP_INTEGERS,731162.9,729482.1,0.002299,0.0022988037275961984,0.0,VALID,42
49,3,RISCY-a-3-c2,3,UP_EFFORTS,729482.1,728898.05,0.000801,0.0008006365063651735,0.0,VALID,42
49,4,RISCY-a-3-c2,6,DOWN_DETAILED,728898.05,730577.97,-0.002305,-0.0023047393253417614,0.0,VALID,42
49,5,RISCY-a-3-c2,4,DOWN_EFFORTS,730577.97,731162.9,-0.000801,-0.000800640074049935,0.0,VALID,42
49,6,RISCY-a-3-c2,7,DO_NOTHING,731162.9,731162.9,0.0,0.0,0.0,VALID,42
49,7,RISCY-a-3-c2,5,UP_DETAILED,731162.9,729482.1,0.002299,0.0022988037275961984,0.0,VALID,42
49,8,RISCY-a-3-c2,5,UP_DETAILED,729482.1,727803.06,0.002302,0.0023016877316111265,0.0,VALID,42
49,9,RISCY-a-3-c2,1,UP_INTEGERS,727803.06,726125.77,0.002305,0.0023045932233371445,0.0,VALID,42
49,10,RISCY-a-3-c2,7,DO_NOTHING,726125.77,726125.77,0.0,0.0,0.0,VALID,42
50,1,RISCY-a-2-c2,4,DOWN_EFFORTS,731162.9,731162.9,0.0,0.0,0.0,VALID,42
50,2,RISCY-a-2-c2,3,UP_EFFORTS,731162.9,730577.97,0.0008,0.0007999995623411024,0.0,VALID,42
50,3,RISCY-a-2-c2,1,UP_INTEGERS,730577.97,728898.05,0.002299,0.002299439716201579,0.0,VALID,42
50,4,RISCY-a-2-c2,3,UP_EFFORTS,728898.05,728314.0,0.000801,0.0008012780388149571,0.0,VALID,42
50,5,RISCY-a-2-c2,4,DOWN_EFFORTS,728314.0,728898.05,-0.000802,-0.0008019206001807553,0.0,VALID,42
50,6,RISCY-a-2-c2,4,DOWN_EFFORTS,728898.05,729482.1,-0.000801,-0.0008012780388147974,0.0,VALID,42
50,7,RISCY-a-2-c2,6,DOWN_DETAILED,729482.1,731162.9,-0.002304,-0.0023041004021895077,0.0,VALID,42
50,8,RISCY-a-2-c2,5,UP_DETAILED,731162.9,729482.1,0.002299,0.0022988037275961984,0.0,VALID,42
50,9,RISCY-a-2-c2,1,UP_INTEGERS,729482.1,727803.06,0.002302,0.0023016877316111265,0.0,VALID,42
50,10,RISCY-a-2-c2,6,DOWN_DETAILED,727803.06,729482.1,-0.002307,-0.0023069977199600133,0.0,VALID,42
51,1,RISCY-a-2-c2,2,DOWN_INTEGERS,731162.9,731162.9,0.0,0.0,0.0,VALID,42
51,2,RISCY-a-2-c2,1,UP_INTEGERS,731162.9,729482.1,0.002299,0.0022988037275961984,0.0,VALID,42
51,3,RISCY-a-2-c2,6,DOWN_DETAILED,729482.1,731162.9,-0.002304,-0.0023041004021895077,0.0,VALID,42
51,4,RISCY-a-2-c2,1,UP_INTEGERS,731162.9,729482.1,0.002299,0.0022988037275961984,0.0,VALID,42
51,5,RISCY-a-2-c2,2,DOWN_INTEGERS,729482.1,731162.9,-0.002304,-0.0023041004021895077,0.0,VALID,42
51,6,RISCY-a-2-c2,7,DO_NOTHING,731162.9,731162.9,0.0,0.0,0.0,VALID,42
51,7,RISCY-a-2-c2,0,FLIP_BOOLEANS,731162.9,731162.9,0.0,0.0,0.0,VALID,42
51,8,RISCY-a-2-c2,3,UP_EFFORTS,731162.9,730577.97,0.0008,0.0007999995623411024,0.0,VALID,42
51,9,RISCY-a-2-c2,4,DOWN_EFFORTS,730577.97,731162.9,-0.000801,-0.000800640074049935,0.0,VALID,42
51,10,RISCY-a-2-c2,3,UP_EFFORTS,731162.9,730577.97,0.0008,0.0007999995623411024,0.0,VALID,42
52,1,RISCY-a-3-c2,4,DOWN_EFFORTS,731162.9,731162.9,0.0,0.0,0.0,VALID,42
52,2,RISCY-a-3-c2,5,UP_DETAILED,731162.9,729482.1,0.002299,0.0022988037275961984,0.0,VALID,42
52,3,RISCY-a-3-c2,2,DOWN_INTEGERS,729482.1,731162.9,-0.002304,-0.0023041004021895077,0.0,VALID,42
52,4,RISCY-a-3-c2,2,DOWN_INTEGERS,731162.9,731162.9,0.0,0.0,0.0,VALID,42
52,5,RISCY-a-3-c2,3,UP_EFFORTS,731162.9,730577.97,0.0008,0.0007999995623411024,0.0,VALID,42
52,6,RISCY-a-3-c2,2,DOWN_INTEGERS,730577.97,731162.9,-0.000801,-0.000800640074049935,0.0,VALID,42
52,7,RISCY-a-3-c2,4,DOWN_EFFORTS,731162.9,731162.9,0.0,0.0,0.0,VALID,42
52,8,RISCY-a-3-c2,7,DO_NOTHING,731162.9,731162.9,0.0,0.0,0.0,VALID,42
52,9,RISCY-a-3-c2,3,UP_EFFORTS,731162.9,730577.97,0.0008,0.0007999995623411024,0.0,VALID,42
52,10,RISCY-a-3-c2,1,UP_INTEGERS,730577.97,728898.05,0.002299,0.002299439716201579,0.0,VALID,42
53,1,RISCY-a-3-c2,7,DO_NOTHING,731162.9,731162.9,0.0,0.0,0.0,VALID,42
53,2,RISCY-a-3-c2,7,DO_NOTHING,731162.9,731162.9,0.0,0.0,0.0,VALID,42
53,3,RISCY-a-3-c2,6,DOWN_DETAILED,731162.9,731162.9,0.0,0.0,0.0,VALID,42
53,4,RISCY-a-3-c2,0,FLIP_BOOLEANS,731162.9,731162.9,0.0,0.0,0.0,VALID,42
53,5,RISCY-a-3-c2,3,UP_EFFORTS,731162.9,730577.97,0.0008,0.0007999995623411024,0.0,VALID,42
53,6,RISCY-a-3-c2,1,UP_INTEGERS,730577.97,728898.05,0.002299,0.002299439716201579,0.0,VALID,42
53,7,RISCY-a-3-c2,1,UP_INTEGERS,728898.05,727219.88,0.002302,0.002302338440883525,0.0,VALID,42
53,8,RISCY-a-3-c2,3,UP_EFFORTS,727219.88,726636.71,0.000802,0.0008019170213004104,0.0,VALID,42
53,9,RISCY-a-3-c2,7,DO_NOTHING,726636.71,726636.71,0.0,0.0,0.0,VALID,42
53,10,RISCY-a-3-c2,2,DOWN_INTEGERS,726636.71,728314.0,-0.002308,-0.0023082924065315077,0.0,VALID,42
54,1,RISCY-a-3-c2,2,DOWN_INTEGERS,731162.9,731162.9,0.0,0.0,0.0,VALID,42
54,2,RISCY-a-3-c2,2,DOWN_INTEGERS,731162.9,731162.9,0.0,0.0,0.0,VALID,42
54,3,RISCY-a-3-c2,6,DOWN_DETAILED,731162.9,731162.9,0.0,0.0,0.0,VALID,42
54,4,RISCY-a-3-c2,6,DOWN_DETAILED,731162.9,731162.9,0.0,0.0,0.0,VALID,42
54,5,RISCY-a-3-c2,5,UP_DETAILED,731162.9,729482.1,0.002299,0.0022988037275961984,0.0,VALID,42
54,6,RISCY-a-3-c2,6,DOWN_DETAILED,729482.1,731162.9,-0.002304,-0.0023041004021895077,0.0,VALID,42
54,7,RISCY-a-3-c2,4,DOWN_EFFORTS,731162.9,731162.9,0.0,0.0,0.0,VALID,42
54,8,RISCY-a-3-c2,6,DOWN_DETAILED,731162.9,731162.9,0.0,0.0,0.0,VALID,42
54,9,RISCY-a-3-c2,5,UP_DETAILED,731162.9,729482.1,0.002299,0.0022988037275961984,0.0,VALID,42
54,10,RISCY-a-3-c2,3,UP_EFFORTS,729482.1,728898.05,0.000801,0.0008006365063651735,0.0,VALID,42
55,1,RISCY-a-2-c2,0,FLIP_BOOLEANS,731162.9,731162.9,0.0,0.0,0.0,VALID,42
55,2,RISCY-a-2-c2,0,FLIP_BOOLEANS,731162.9,731162.9,0.0,0.0,0.0,VALID,42
55,3,RISCY-a-2-c2,0,FLIP_BOOLEANS,731162.9,731162.9,0.0,0.0,0.0,VALID,42
55,4,RISCY-a-2-c2,2,DOWN_INTEGERS,731162.9,731162.9,0.0,0.0,0.0,VALID,42
55,5,RISCY-a-2-c2,0,FLIP_BOOLEANS,731162.9,731162.9,0.0,0.0,0.0,VALID,42
55,6,RISCY-a-2-c2,3,UP_EFFORTS,731162.9,730577.97,0.0008,0.0007999995623411024,0.0,VALID,42
55,7,RISCY-a-2-c2,2,DOWN_INTEGERS,730577.97,731162.9,-0.000801,-0.000800640074049935,0.0,VALID,42
55,8,RISCY-a-2-c2,1,UP_INTEGERS,731162.9,729482.1,0.002299,0.0022988037275961984,0.0,VALID,42
55,9,RISCY-a-2-c2,5,UP_DETAILED,729482.1,727803.06,0.002302,0.0023016877316111265,0.0,VALID,42
55,10,RISCY-a-2-c2,1,UP_INTEGERS,727803.06,726125.77,0.002305,0.0023045932233371445,0.0,VALID,42
56,1,RISCY-a-3-c2,4,DOWN_EFFORTS,731162.9,731162.9,0.0,0.0,0.0,VALID,42
56,2,RISCY-a-3-c2,0,FLIP_BOOLEANS,731162.9,731162.9,0.0,0.0,0.0,VALID,42
56,3,RISCY-a-3-c2,4,DOWN_EFFORTS,731162.9,731162.9,0.0,0.0,0.0,VALID,42
56,4,RISCY-a-3-c2,0,FLIP_BOOLEANS,731162.9,731162.9,0.0,0.0,0.0,VALID,42
56,5,RISCY-a-3-c2,0,FLIP_BOOLEANS,731162.9,731162.9,0.0,0.0,0.0,VALID,42
56,6,RISCY-a-3-c2,5,UP_DETAILED,731162.9,729482.1,0.002299,0.0022988037275961984,0.0,VALID,42
56,7,RISCY-a-3-c2,5,UP_DETAILED,729482.1,727803.06,0.002302,0.0023016877316111265,0.0,VALID,42
56,8,RISCY-a-3-c2,3,UP_EFFORTS,727803.06,727219.88,0.000801,0.0008012881946388782,0.0,VALID,42
56,9,RISCY-a-3-c2,3,UP_EFFORTS,727219.88,726636.71,0.000802,0.0008019170213004104,0.0,VALID,42
56,10,RISCY-a-3-c2,2,DOWN_INTEGERS,726636.71,728314.0,-0.002308,-0.0023082924065315077,0.0,VALID,42
57,1,RISCY-a-3-c2,6,DOWN_DETAILED,731162.9,731162.9,0.0,0.0,0.0,VALID,42
57,2,RISCY-a-3-c2,1,UP_INTEGERS,731162.9,729482.1,0.002299,0.0022988037275961984,0.0,VALID,42
57,3,RISCY-a-3-c2,7,DO_NOTHING,729482.1,729482.1,0.0,0.0,0.0,VALID,42
57,4,RISCY-a-3-c2,2,DOWN_INTEGERS,729482.1,731162.9,-0.002304,-0.0023041004021895077,0.0,VALID,42
57,5,RISCY-a-3-c2,0,FLIP_BOOLEANS,731162.9,731162.9,0.0,0.0,0.0,VALID,42
57,6,RISCY-a-3-c2,0,FLIP_BOOLEANS,731162.9,731162.9,0.0,0.0,0.0,VALID,42
57,7,RISCY-a-3-c2,2,DOWN_INTEGERS,731162.9,731162.9,0.0,0.0,0.0,VALID,42
57,8,RISCY-a-3-c2,3,UP_EFFORTS,731162.9,730577.97,0.0008,0.0007999995623411024,0.0,VALID,42
57,9,RISCY-a-3-c2,1,UP_INTEGERS,730577.97,728898.05,0.002299,0.002299439716201579,0.0,VALID,42
57,10,RISCY-a-3-c2,0,FLIP_BOOLEANS,728898.05,728898.05,0.0,0.0,0.0,VALID,42
58,1,RISCY-a-2-c2,5,UP_DETAILED,731162.9,729482.1,0.002299,0.0022988037275961984,0.0,VALID,42
58,2,RISCY-a-2-c2,0,FLIP_BOOLEANS,729482.1,729482.1,0.0,0.0,0.0,VALID,42
58,3,RISCY-a-2-c2,2,DOWN_INTEGERS,729482.1,731162.9,-0.002304,-0.0023041004021895077,0.0,VALID,42
58,4,RISCY-a-2-c2,7,DO_NOTHING,731162.9,731162.9,0.0,0.0,0.0,VALID,42
58,5,RISCY-a-2-c2,5,UP_DETAILED,731162.9,729482.1,0.002299,0.0022988037275961984,0.0,VALID,42
58,6,RISCY-a-2-c2,3,UP_EFFORTS,729482.1,728898.05,0.000801,0.0008006365063651735,0.0,VALID,42
58,7,RISCY-a-2-c2,6,DOWN_DETAILED,728898.05,730577.97,-0.002305,-0.0023047393253417614,0.0,VALID,42
58,8,RISCY-a-2-c2,0,FLIP_BOOLEANS,730577.97,730577.97,0.0,0.0,0.0,VALID,42
58,9,RISCY-a-2-c2,0,FLIP_BOOLEANS,730577.97,730577.97,0.0,0.0,0.0,VALID,42
58,10,RISCY-a-2-c2,7,DO_NOTHING,730577.97,730577.97,0.0,0.0,0.0,VALID,42
59,1,RISCY-a-2-c2,4,DOWN_EFFORTS,731162.9,731162.9,0.0,0.0,0.0,VALID,42
59,2,RISCY-a-2-c2,2,DOWN_INTEGERS,731162.9,731162.9,0.0,0.0,0.0,VALID,42
59,3,RISCY-a-2-c2,7,DO_NOTHING,731162.9,731162.9,0.0,0.0,0.0,VALID,42
59,4,RISCY-a-2-c2,4,DOWN_EFFORTS,731162.9,731162.9,0.0,0.0,0.0,VALID,42
59,5,RISCY-a-2-c2,2,DOWN_INTEGERS,731162.9,731162.9,0.0,0.0,0.0,VALID,42
59,6,RISCY-a-2-c2,5,UP_DETAILED,731162.9,729482.1,0.002299,0.0022988037275961984,0.0,VALID,42
59,7,RISCY-a-2-c2,5,UP_DETAILED,729482.1,727803.06,0.002302,0.0023016877316111265,0.0,VALID,42
59,8,RISCY-a-2-c2,0,FLIP_BOOLEANS,727803.06,727803.06,0.0,0.0,0.0,VALID,42
59,9,RISCY-a-2-c2,2,DOWN_INTEGERS,727803.06,729482.1,-0.002307,-0.0023069977199600133,0.0,VALID,42
59,10,RISCY-a-2-c2,5,UP_DETAILED,729482.1,727803.06,0.002302,0.0023016877316111265,0.0,VALID,42
60,1,RISCY-a-3-c2,7,DO_NOTHING,731162.9,731162.9,0.0,0.0,0.0,VALID,42
60,2,RISCY-a-3-c2,0,FLIP_BOOLEANS,731162.9,731162.9,0.0,0.0,0.0,VALID,42
60,3,RISCY-a-3-c2,7,DO_NOTHING,731162.9,731162.9,0.0,0.0,0.0,VALID,42
60,4,RISCY-a-3-c2,5,UP_DETAILED,731162.9,729482.1,0.002299,0.0022988037275961984,0.0,VALID,42
60,5,RISCY-a-3-c2,6,DOWN_DETAILED,729482.1,731162.9,-0.002304,-0.0023041004021895077,0.0,VALID,42
60,6,RISCY-a-3-c2,4,DOWN_EFFORTS,731162.9,731162.9,0.0,0.0,0.0,VALID,42
60,7,RISCY-a-3-c2,1,UP_INTEGERS,731162.9,729482.1,0.002299,0.0022988037275961984,0.0,VALID,42
60,8,RISCY-a-3-c2,4,DOWN_EFFORTS,729482.1,730066.16,-0.000801,-0.0008006502147209039,0.0,VALID,42
60,9,RISCY-a-3-c2,7,DO_NOTHING,730066.16,730066.16,0.0,0.0,0.0,VALID,42
60,10,RISCY-a-3-c2,5,UP_DETAILED,730066.16,728386.24,0.002301,0.0023010517293392176,0.0,VALID,42
61,1,RISCY-a-3-c2,3,UP_EFFORTS,731162.9,730577.97,0.0008,0.0007999995623411024,0.0,VALID,42
61,2,RISCY-a-3-c2,6,DOWN_DETAILED,730577.97,731162.9,-0.000801,-0.000800640074049935,0.0,VALID,42
61,3,RISCY-a-3-c2,0,FLIP_BOOLEANS,731162.9,731162.9,0.0,0.0,0.0,VALID,42
61,4,RISCY-a-3-c2,0,FLIP_BOOLEANS,731162.9,731162.9,0.0,0.0,0.0,VALID,42
61,5,RISCY-a-3-c2,2,DOWN_INTEGERS,731162.9,731162.9,0.0,0.0,0.0,VALID,42
61,6,RISCY-a-3-c2,7,DO_NOTHING,731162.9,731162.9,0.0,0.0,0.0,VALID,42
61,7,RISCY-a-3-c2,3,UP_EFFORTS,731162.9,730577.97,0.0008,0.0007999995623411024,0.0,VALID,42
61,8,RISCY-a-3-c2,7,DO_NOTHING,730577.97,730577.97,0.0,0.0,0.0,VALID,42
61,9,RISCY-a-3-c2,5,UP_DETAILED,730577.97,728898.05,0.002299,0.002299439716201579,0.0,VALID,42
61,10,RISCY-a-3-c2,0,FLIP_BOOLEANS,728898.05,728898.05,0.0,0.0,0.0,VALID,42
62,1,RISCY-a-3-c2,0,FLIP_BOOLEANS,731162.9,731162.9,0.0,0.0,0.0,VALID,42
62,2,RISCY-a-3-c2,2,DOWN_INTEGERS,731162.9,731162.9,0.0,0.0,0.0,VALID,42
62,3,RISCY-a-3-c2,3,UP_EFFORTS,731162.9,730577.97,0.0008,0.0007999995623411024,0.0,VALID,42
62,4,RISCY-a-3-c2,1,UP_INTEGERS,730577.97,728898.05,0.002299,0.002299439716201579,0.0,VALID,42
62,5,RISCY-a-3-c2,1,UP_INTEGERS,728898.05,727219.88,0.002302,0.002302338440883525,0.0,VALID,42
62,6,RISCY-a-3-c2,0,FLIP_BOOLEANS,727219.88,727219.88,0.0,0.0,0.0,VALID,42
62,7,RISCY-a-3-c2,2,DOWN_INTEGERS,727219.88,728898.05,-0.002308,-0.0023076514354916176,0.0,VALID,42
62,8,RISCY-a-3-c2,0,FLIP_BOOLEANS,728898.05,728898.05,0.0,0.0,0.0,VALID,42
62,9,RISCY-a-3-c2,0,FLIP_BOOLEANS,728898.05,728898.05,0.0,0.0,0.0,VALID,42
62,10,RISCY-a-3-c2,7,DO_NOTHING,728898.05,728898.05,0.0,0.0,0.0,VALID,42
63,1,RISCY-a-3-c2,2,DOWN_INTEGERS,731162.9,731162.9,0.0,0.0,0.0,VALID,42
63,2,RISCY-a-3-c2,2,DOWN_INTEGERS,731162.9,731162.9,0.0,0.0,0.0,VALID,42
63,3,RISCY-a-3-c2,1,UP_INTEGERS,731162.9,729482.1,0.002299,0.0022988037275961984,0.0,VALID,42
63,4,RISCY-a-3-c2,5,UP_DETAILED,729482.1,727803.06,0.002302,0.0023016877316111265,0.0,VALID,42
63,5,RISCY-a-3-c2,2,DOWN_INTEGERS,727803.06,729482.1,-0.002307,-0.0023069977199600133,0.0,VALID,42
63,6,RISCY-a-3-c2,7,DO_NOTHING,729482.1,729482.1,0.0,0.0,0.0,VALID,42
63,7,RISCY-a-3-c2,3,UP_EFFORTS,729482.1,728898.05,0.000801,0.0008006365063651735,0.0,VALID,42
63,8,RISCY-a-3-c2,3,UP_EFFORTS,728898.05,728314.0,0.000801,0.0008012780388149571,0.0,VALID,42
63,9,RISCY-a-3-c2,7,DO_NOTHING,728314.0,728314.0,0.0,0.0,0.0,VALID,42
63,10,RISCY-a-3-c2,1,UP_INTEGERS,728314.0,726636.71,0.002303,0.0023029764634485087,0.0,VALID,42
64,1,RISCY-a-3-c2,7,DO_NOTHING,731162.9,731162.9,0.0,0.0,0.0,VALID,42
64,2,RISCY-a-3-c2,5,UP_DETAILED,731162.9,729482.1,0.002299,0.0022988037275961984,0.0,VALID,42
64,3,RISCY-a-3-c2,5,UP_DETAILED,729482.1,727803.06,0.002302,0.0023016877316111265,0.0,VALID,42
64,4,RISCY-a-3-c2,4,DOWN_EFFORTS,727803.06,728386.24,-0.000801,-0.0008012881946387183,0.0,VALID,42
64,5,RISCY-a-3-c2,6,DOWN_DETAILED,728386.24,730066.16,-0.002306,-0.002306358780198871,0.0,VALID,42
64,6,RISCY-a-3-c2,7,DO_NOTHING,730066.16,730066.16,0.0,0.0,0.0,VALID,42
64,7,RISCY-a-3-c2,0,FLIP_BOOLEANS,730066.16,730066.16,0.0,0.0,0.0,VALID,42
64,8,RISCY-a-3-c2,0,FLIP_BOOLEANS,730066.16,730066.16,0.0,0.0,0.0,VALID,42
64,9,RISCY-a-3-c2,4,DOWN_EFFORTS,730066.16,730066.16,0.0,0.0,0.0,VALID,42
64,10,RISCY-a-3-c2,7,DO_NOTHING,730066.16,730066.16,0.0,0.0,0.0,VALID,42
65,1,RISCY-a-2-c2,7,DO_NOTHING,731162.9,731162.9,0.0,0.0,0.0,VALID,42
65,2,RISCY-a-2-c2,3,UP_EFFORTS,731162.9,730577.97,0.0008,0.0007999995623411024,0.0,VALID,42
65,3,RISCY-a-2-c2,3,UP_EFFORTS,730577.97,729993.04,0.000801,0.0008006400740497757,0.0,VALID,42
65,4,RISCY-a-2-c2,3,UP_EFFORTS,729993.04,729408.11,0.000801,0.000801281612219277,0.0,VALID,42
65,5,RISCY-a-2-c2,7,DO_NOTHING,729408.11,729408.11,0.0,0.0,0.0,VALID,42
65,6,RISCY-a-2-c2,4,DOWN_EFFORTS,729408.11,729993.04,-0.000802,-0.000801924179318559,0.0,VALID,42
65,7,RISCY-a-2-c2,5,UP_DETAILED,729993.04,728314.0,0.0023,0.0023000767240192277,0.0,VALID,42
65,8,RISCY-a-2-c2,2,DOWN_INTEGERS,728314.0,729993.04,-0.002305,-0.0023053792732256103,0.0,VALID,42
65,9,RISCY-a-2-c2,7,DO_NOTHING,729993.04,729993.04,0.0,0.0,0.0,VALID,42
65,10,RISCY-a-2-c2,7,DO_NOTHING,729993.04,729993.04,0.0,0.0,0.0,VALID,42
66,1,RISCY-a-2-c2,7,DO_NOTHING,731162.9,731162.9,0.0,0.0,0.0,VALID,42
66,2,RISCY-a-2-c2,3,UP_EFFORTS,731162.9,730577.97,0.0008,0.0007999995623411024,0.0,VALID,42
66,3,RISCY-a-2-c2,1,UP_INTEGERS,730577.97,728898.05,0.002299,0.002299439716201579,0.0,VALID,42
66,4,RISCY-a-2-c2,5,UP_DETAILED,728898.05,727219.88,0.002302,0.002302338440883525,0.0,VALID,42
66,5,RISCY-a-2-c2,3,UP_EFFORTS,727219.88,726636.71,0.000802,0.0008019170213004104,0.0,VALID,42
66,6,RISCY-a-2-c2,0,FLIP_BOOLEANS,726636.71,726636.71,0.0,0.0,0.0,VALID,42
66,7,RISCY-a-2-c2,1,UP_INTEGERS,726636.71,724961.18,0.002306,0.0023058702883314436,0.0,VALID,42
66,8,RISCY-a-2-c2,1,UP_INTEGERS,724961.18,723287.4,0.002309,0.002308785692497394,0.0,VALID,42
66,9,RISCY-a-2-c2,0,FLIP_BOOLEANS,723287.4,723287.4,0.0,0.0,0.0,VALID,42
66,10,RISCY-a-2-c2,6,DOWN_DETAILED,723287.4,724961.18,-0.002314,-0.0023141285193133848,0.0,VALID,42
67,1,RISCY-a-3-c2,7,DO_NOTHING,731162.9,731162.9,0.0,0.0,0.0,VALID,42
67,2,RISCY-a-3-c2,7,DO_NOTHING,731162.9,731162.9,0.0,0.0,0.0,VALID,42
67,3,RISCY-a-3-c2,5,UP_DETAILED,731162.9,729482.1,0.002299,0.0022988037275961984,0.0,VALID,42
67,4,RISCY-a-3-c2,6,DOWN_DETAILED,729482.1,731162.9,-0.002304,-0.0023041004021895077,0.0,VALID,42
67,5,RISCY-a-3-c2,7,DO_NOTHING,731162.9,731162.9,0.0,0.0,0.0,VALID,42
67,6,RISCY-a-3-c2,6,DOWN_DETAILED,731162.9,731162.9,0.0,0.0,0.0,VALID,42
67,7,RISCY-a-3-c2,6,DOWN_DETAILED,731162.9,731162.9,0.0,0.0,0.0,VALID,42
67,8,RISCY-a-3-c2,5,UP_DETAILED,731162.9,729482.1,0.002299,0.0022988037275961984,0.0,VALID,42
67,9,RISCY-a-3-c2,3,UP_EFFORTS,729482.1,728898.05,0.000801,0.0008006365063651735,0.0,VALID,42
67,10,RISCY-a-3-c2,2,DOWN_INTEGERS,728898.05,730577.97,-0.002305,-0.0023047393253417614,0.0,VALID,42
68,1,RISCY-a-2-c2,7,DO_NOTHING,731162.9,731162.9,0.0,0.0,0.0,VALID,42
68,2,RISCY-a-2-c2,5,UP_DETAILED,731162.9,729482.1,0.002299,0.0022988037275961984,0.0,VALID,42
68,3,RISCY-a-2-c2,7,DO_NOTHING,729482.1,729482.1,0.0,0.0,0.0,VALID,42
68,4,RISCY-a-2-c2,6,DOWN_DETAILED,729482.1,731162.9,-0.002304,-0.0023041004021895077,0.0,VALID,42
68,5,RISCY-a-2-c2,0,FLIP_BOOLEANS,731162.9,731162.9,0.0,0.0,0.0,VALID,42
68,6,RISCY-a-2-c2,3,UP_EFFORTS,731162.9,730577.97,0.0008,0.0007999995623411024,0.0,VALID,42
68,7,RISCY-a-2-c2,3,UP_EFFORTS,730577.97,729993.04,0.000801,0.0008006400740497757,0.0,VALID,42
68,8,RISCY-a-2-c2,4,DOWN_EFFORTS,729993.04,730577.97,-0.000801,-0.0008012816122191176,0.0,VALID,42
68,9,RISCY-a-2-c2,2,DOWN_INTEGERS,730577.97,731162.9,-0.000801,-0.000800640074049935,0.0,VALID,42
68,10,RISCY-a-2-c2,5,UP_DETAILED,731162.9,729482.1,0.002299,0.0022988037275961984,0.0,VALID,42
69,1,RISCY-a-3-c2,5,UP_DETAILED,731162.9,729482.1,0.002299,0.0022988037275961984,0.0,VALID,42
69,2,RISCY-a-3-c2,1,UP_INTEGERS,729482.1,727803.06,0.002302,0.0023016877316111265,0.0,VALID,42
69,3,RISCY-a-3-c2,4,DOWN_EFFORTS,727803.06,728386.24,-0.000801,-0.0008012881946387183,0.0,VALID,42
69,4,RISCY-a-3-c2,5,UP_DETAILED,728386.24,726708.07,0.002304,0.0023039562087279982,0.0,VALID,42
69,5,RISCY-a-3-c2,1,UP_INTEGERS,726708.07,725031.66,0.002307,0.0023068548007178676,0.0,VALID,42
69,6,RISCY-a-3-c2,4,DOWN_EFFORTS,725031.66,725613.08,-0.000802,-0.0008019236015154504,0.0,VALID,42
69,7,RISCY-a-3-c2,5,UP_DETAILED,725613.08,723937.55,0.002309,0.0023091232037877702,0.0,VALID,42
69,8,RISCY-a-3-c2,4,DOWN_EFFORTS,723937.55,724518.09,-0.000802,-0.0008019199998672825,0.0,VALID,42
69,9,RISCY-a-3-c2,2,DOWN_INTEGERS,724518.09,726194.5,-0.002314,-0.0023138276643997016,0.0,VALID,42
69,10,RISCY-a-3-c2,4,DOWN_EFFORTS,726194.5,726775.92,-0.000801,-0.0008006394980959535,0.0,VALID,42
70,1,RISCY-a-3-c2,5,UP_DETAILED,731162.9,729482.1,0.002299,0.0022988037275961984,0.0,VALID,42
70,2,RISCY-a-3-c2,1,UP_INTEGERS,729482.1,727803.06,0.002302,0.0023016877316111265,0.0,VALID,42
70,3,RISCY-a-3-c2,3,UP_EFFORTS,727803.06,727219.88,0.000801,0.0008012881946388782,0.0,VALID,42
70,4,RISCY-a-3-c2,3,UP_EFFORTS,727219.88,726636.71,0.000802,0.0008019170213004104,0.0,VALID,42
70,5,RISCY-a-3-c2,6,DOWN_DETAILED,726636.71,728314.0,-0.002308,-0.0023082924065315077,0.0,VALID,42
70,6,RISCY-a-3-c2,0,FLIP_BOOLEANS,728314.0,728314.0,0.0,0.0,0.0,VALID,42
70,7,RISCY-a-3-c2,5,UP_DETAILED,728314.0,726636.71,0.002303,0.0023029764634485087,0.0,VALID,42
70,8,RISCY-a-3-c2,6,DOWN_DETAILED,726636.71,728314.0,-0.002308,-0.0023082924065315077,0.0,VALID,42
70,9,RISCY-a-3-c2,6,DOWN_DETAILED,728314.0,729993.04,-0.002305,-0.0023053792732256103,0.0,VALID,42
70,10,RISCY-a-3-c2,3,UP_EFFORTS,729993.04,729408.11,0.000801,0.000801281612219277,0.0,VALID,42
71,1,RISCY-a-3-c2,0,FLIP_BOOLEANS,731162.9,731162.9,0.0,0.0,0.0,VALID,42
71,2,RISCY-a-3-c2,4,DOWN_EFFORTS,731162.9,731162.9,0.0,0.0,0.0,VALID,42
71,3,RISCY-a-3-c2,7,DO_NOTHING,731162.9,731162.9,0.0,0.0,0.0,VALID,42
71,4,RISCY-a-3-c2,5,UP_DETAILED,731162.9,729482.1,0.002299,0.0022988037275961984,0.0,VALID,42
71,5,RISCY-a-3-c2,6,DOWN_DETAILED,729482.1,731162.9,-0.002304,-0.0023041004021895077,0.0,VALID,42
71,6,RISCY-a-3-c2,4,DOWN_EFFORTS,731162.9,731162.9,0.0,0.0,0.0,VALID,42
71,7,RISCY-a-3-c2,3,UP_EFFORTS,731162.9,730577.97,0.0008,0.0007999995623411024,0.0,VALID,42
71,8,RISCY-a-3-c2,6,DOWN_DETAILED,730577.97,731162.9,-0.000801,-0.000800640074049935,0.0,VALID,42
71,9,RISCY-a-3-c2,4,DOWN_EFFORTS,731162.9,731162.9,0.0,0.0,0.0,VALID,42
71,10,RISCY-a-3-c2,1,UP_INTEGERS,731162.9,729482.1,0.002299,0.0022988037275961984,0.0,VALID,42
72,1,RISCY-a-3-c2,6,DOWN_DETAILED,731162.9,731162.9,0.0,0.0,0.0,VALID,42
72,2,RISCY-a-3-c2,7,DO_NOTHING,731162.9,731162.9,0.0,0.0,0.0,VALID,42
72,3,RISCY-a-3-c2,7,DO_NOTHING,731162.9,731162.9,0.0,0.0,0.0,VALID,42
72,4,RISCY-a-3-c2,3,UP_EFFORTS,731162.9,730577.97,0.0008,0.0007999995623411024,0.0,VALID,42
72,5,RISCY-a-3-c2,0,FLIP_BOOLEANS,730577.97,730577.97,0.0,0.0,0.0,VALID,42
72,6,RISCY-a-3-c2,4,DOWN_EFFORTS,730577.97,731162.9,-0.000801,-0.000800640074049935,0.0,VALID,42
72,7,RISCY-a-3-c2,2,DOWN_INTEGERS,731162.9,731162.9,0.0,0.0,0.0,VALID,42
72,8,RISCY-a-3-c2,7,DO_NOTHING,731162.9,731162.9,0.0,0.0,0.0,VALID,42
72,9,RISCY-a-3-c2,5,UP_DETAILED,731162.9,729482.1,0.002299,0.0022988037275961984,0.0,VALID,42
72,10,RISCY-a-3-c2,4,DOWN_EFFORTS,729482.1,730066.16,-0.000801,-0.0008006502147209039,0.0,VALID,42
73,1,RISCY-a-2-c2,1,UP_INTEGERS,731162.9,729482.1,0.002299,0.0022988037275961984,0.0,VALID,42
73,2,RISCY-a-2-c2,6,DOWN_DETAILED,729482.1,731162.9,-0.002304,-0.0023041004021895077,0.0,VALID,42
73,3,RISCY-a-2-c2,6,DOWN_DETAILED,731162.9,731162.9,0.0,0.0,0.0,VALID,42
73,4,RISCY-a-2-c2,6,DOWN_DETAILED,731162.9,731162.9,0.0,0.0,0.0,VALID,42
73,5,RISCY-a-2-c2,1,UP_INTEGERS,731162.9,729482.1,0.002299,0.0022988037275961984,0.0,VALID,42
73,6,RISCY-a-2-c2,1,UP_INTEGERS,729482.1,727803.06,0.002302,0.0023016877316111265,0.0,VALID,42
73,7,RISCY-a-2-c2,7,DO_NOTHING,727803.06,727803.06,0.0,0.0,0.0,VALID,42
73,8,RISCY-a-2-c2,1,UP_INTEGERS,727803.06,726125.77,0.002305,0.0023045932233371445,0.0,VALID,42
73,9,RISCY-a-2-c2,3,UP_EFFORTS,726125.77,725543.47,0.000802,0.0008019271923100134,0.0,VALID,42
73,10,RISCY-a-2-c2,3,UP_EFFORTS,725543.47,724961.18,0.000803,0.0008025570128829371,0.0,VALID,42
74,1,RISCY-a-3-c2,3,UP_EFFORTS,731162.9,730577.97,0.0008,0.0007999995623411024,0.0,VALID,42
74,2,RISCY-a-3-c2,6,DOWN_DETAILED,730577.97,731162.9,-0.000801,-0.000800640074049935,0.0,VALID,42
74,3,RISCY-a-3-c2,1,UP_INTEGERS,731162.9,729482.1,0.002299,0.0022988037275961984,0.0,VALID,42
74,4,RISCY-a-3-c2,1,UP_INTEGERS,729482.1,727803.06,0.002302,0.0023016877316111265,0.0,VALID,42
74,5,RISCY-a-3-c2,5,UP_DETAILED,727803.06,726125.77,0.002305,0.0023045932233371445,0.0,VALID,42
74,6,RISCY-a-3-c2,7,DO_NOTHING,726125.77,726125.77,0.0,0.0,0.0,VALID,42
74,7,RISCY-a-3-c2,0,FLIP_BOOLEANS,726125.77,726125.77,0.0,0.0,0.0,VALID,42
74,8,RISCY-a-3-c2,5,UP_DETAILED,726125.77,724450.24,0.002307,0.002307492819047075,0.0,VALID,42
74,9,RISCY-a-3-c2,5,UP_DETAILED,724450.24,722776.46,0.00231,0.0023104140320252056,0.0,VALID,42
74,10,RISCY-a-3-c2,6,DOWN_DETAILED,722776.46,724450.24,-0.002316,-0.002315764406605091,0.0,VALID,42
75,1,RISCY-a-3-c2,1,UP_INTEGERS,731162.9,729482.1,0.002299,0.0022988037275961984,0.0,VALID,42
75,2,RISCY-a-3-c2,2,DOWN_INTEGERS,729482.1,731162.9,-0.002304,-0.0023041004021895077,0.0,VALID,42
75,3,RISCY-a-3-c2,7,DO_NOTHING,731162.9,731162.9,0.0,0.0,0.0,VALID,42
75,4,RISCY-a-3-c2,2,DOWN_INTEGERS,731162.9,731162.9,0.0,0.0,0.0,VALID,42
75,5,RISCY-a-3-c2,0,FLIP_BOOLEANS,731162.9,731162.9,0.0,0.0,0.0,VALID,42
75,6,RISCY-a-3-c2,7,DO_NOTHING,731162.9,731162.9,0.0,0.0,0.0,VALID,42
75,7,RISCY-a-3-c2,6,DOWN_DETAILED,731162.9,731162.9,0.0,0.0,0.0,VALID,42
75,8,RISCY-a-3-c2,4,DOWN_EFFORTS,731162.9,731162.9,0.0,0.0,0.0,VALID,42
75,9,RISCY-a-3-c2,2,DOWN_INTEGERS,731162.9,731162.9,0.0,0.0,0.0,VALID,42
75,10,RISCY-a-3-c2,3,UP_EFFORTS,731162.9,730577.97,0.0008,0.0007999995623411024,0.0,VALID,42
76,1,RISCY-a-2-c2,3,UP_EFFORTS,731162.9,730577.97,0.0008,0.0007999995623411024,0.0,VALID,42
76,2,RISCY-a-2-c2,2,DOWN_INTEGERS,730577.97,731162.9,-0.000801,-0.000800640074049935,0.0,VALID,42
76,3,RISCY-a-2-c2,5,UP_DETAILED,731162.9,729482.1,0.002299,0.0022988037275961984,0.0,VALID,42
76,4,RISCY-a-2-c2,3,UP_EFFORTS,729482.1,728898.05,0.000801,0.0008006365063651735,0.0,VALID,42
76,5,RISCY-a-2-c2,3,UP_EFFORTS,728898.05,728314.0,0.000801,0.0008012780388149571,0.0,VALID,42
76,6,RISCY-a-2-c2,5,UP_DETAILED,728314.0,726636.71,0.002303,0.0023029764634485087,0.0,VALID,42
76,7,RISCY-a-2-c2,0,FLIP_BOOLEANS,726636.71,726636.71,0.0,0.0,0.0,VALID,42
76,8,RISCY-a-2-c2,6,DOWN_DETAILED,726636.71,728314.0,-0.002308,-0.0023082924065315077,0.0,VALID,42
76,9,RISCY-a-2-c2,1,UP_INTEGERS,728314.0,726636.71,0.002303,0.0023029764634485087,0.0,VALID,42
76,10,RISCY-a-2-c2,1,UP_INTEGERS,726636.71,724961.18,0.002306,0.0023058702883314436,0.0,VALID,42
77,1,RISCY-a-2-c2,2,DOWN_INTEGERS,731162.9,731162.9,0.0,0.0,0.0,VALID,42
77,2,RISCY-a-2-c2,4,DOWN_EFFORTS,731162.9,731162.9,0.0,0.0,0.0,VALID,42
77,3,RISCY-a-2-c2,7,DO_NOTHING,731162.9,731162.9,0.0,0.0,0.0,VALID,42
77,4,RISCY-a-2-c2,1,UP_INTEGERS,731162.9,729482.1,0.002299,0.0022988037275961984,0.0,VALID,42
77,5,RISCY-a-2-c2,1,UP_INTEGERS,729482.1,727803.06,0.002302,0.0023016877316111265,0.0,VALID,42
77,6,RISCY-a-2-c2,6,DOWN_DETAILED,727803.06,729482.1,-0.002307,-0.0023069977199600133,0.0,VALID,42
77,7,RISCY-a-2-c2,4,DOWN_EFFORTS,729482.1,730066.16,-0.000801,-0.0008006502147209039,0.0,VALID,42
77,8,RISCY-a-2-c2,6,DOWN_DETAILED,730066.16,731162.9,-0.001502,-0.0015022474127550174,0.0,VALID,42
77,9,RISCY-a-2-c2,1,UP_INTEGERS,731162.9,729482.1,0.002299,0.0022988037275961984,0.0,VALID,42
77,10,RISCY-a-2-c2,4,DOWN_EFFORTS,729482.1,730066.16,-0.000801,-0.0008006502147209039,0.0,VALID,42
78,1,RISCY-a-2-c2,6,DOWN_DETAILED,731162.9,731162.9,0.0,0.0,0.0,VALID,42
78,2,RISCY-a-2-c2,3,UP_EFFORTS,731162.9,730577.97,0.0008,0.0007999995623411024,0.0,VALID,42
78,3,RISCY-a-2-c2,2,DOWN_INTEGERS,730577.97,731162.9,-0.000801,-0.000800640074049935,0.0,VALID,42
78,4,RISCY-a-2-c2,1,UP_INTEGERS,731162.9,729482.1,0.002299,0.0022988037275961984,0.0,VALID,42
78,5,RISCY-a-2-c2,4,DOWN_EFFORTS,729482.1,730066.16,-0.000801,-0.0008006502147209039,0.0,VALID,42
78,6,RISCY-a-2-c2,6,DOWN_DETAILED,730066.16,731162.9,-0.001502,-0.0015022474127550174,0.0,VALID,42
78,7,RISCY-a-2-c2,2,DOWN_INTEGERS,731162.9,731162.9,0.0,0.0,0.0,VALID,42
78,8,RISCY-a-2-c2,4,DOWN_EFFORTS,731162.9,731162.9,0.0,0.0,0.0,VALID,42
78,9,RISCY-a-2-c2,6,DOWN_DETAILED,731162.9,731162.9,0.0,0.0,0.0,VALID,42
78,10,RISCY-a-2-c2,5,UP_DETAILED,731162.9,729482.1,0.002299,0.0022988037275961984,0.0,VALID,42
79,1,RISCY-a-2-c2,4,DOWN_EFFORTS,731162.9,731162.9,0.0,0.0,0.0,VALID,42
79,2,RISCY-a-2-c2,3,UP_EFFORTS,731162.9,730577.97,0.0008,0.0007999995623411024,0.0,VALID,42
79,3,RISCY-a-2-c2,4,DOWN_EFFORTS,730577.97,731162.9,-0.000801,-0.000800640074049935,0.0,VALID,42
79,4,RISCY-a-2-c2,6,DOWN_DETAILED,731162.9,731162.9,0.0,0.0,0.0,VALID,42
79,5,RISCY-a-2-c2,5,UP_DETAILED,731162.9,729482.1,0.002299,0.0022988037275961984,0.0,VALID,42
79,6,RISCY-a-2-c2,4,DOWN_EFFORTS,729482.1,730066.16,-0.000801,-0.0008006502147209039,0.0,VALID,42
79,7,RISCY-a-2-c2,6,DOWN_DETAILED,730066.16,731162.9,-0.001502,-0.0015022474127550174,0.0,VALID,42
79,8,RISCY-a-2-c2,2,DOWN_INTEGERS,731162.9,731162.9,0.0,0.0,0.0,VALID,42
79,9,RISCY-a-2-c2,2,DOWN_INTEGERS,731162.9,731162.9,0.0,0.0,0.0,VALID,42
79,10,RISCY-a-2-c2,4,DOWN_EFFORTS,731162.9,731162.9,0.0,0.0,0.0,VALID,42
80,1,RISCY-a-2-c2,6,DOWN_DETAILED,731162.9,731162.9,0.0,0.0,0.0,VALID,42
80,2,RISCY-a-2-c2,2,DOWN_INTEGERS,731162.9,731162.9,0.0,0.0,0.0,VALID,42
80,3,RISCY-a-2-c2,4,DOWN_EFFORTS,731162.9,731162.9,0.0,0.0,0.0,VALID,42
80,4,RISCY-a-2-c2,6,DOWN_DETAILED,731162.9,731162.9,0.0,0.0,0.0,VALID,42
80,5,RISCY-a-2-c2,0,FLIP_BOOLEANS,731162.9,731162.9,0.0,0.0,0.0,VALID,42
80,6,RISCY-a-2-c2,1,UP_INTEGERS,731162.9,729482.1,0.002299,0.0022988037275961984,0.0,VALID,42
80,7,RISCY-a-2-c2,5,UP_DETAILED,729482.1,727803.06,0.002302,0.0023016877316111265,0.0,VALID,42
80,8,RISCY-a-2-c2,6,DOWN_DETAILED,727803.06,729482.1,-0.002307,-0.0023069977199600133,0.0,VALID,42
80,9,RISCY-a-2-c2,3,UP_EFFORTS,729482.1,728898.05,0.000801,0.0008006365063651735,0.0,VALID,42
80,10,RISCY-a-2-c2,2,DOWN_INTEGERS,728898.05,730577.97,-0.002305,-0.0023047393253417614,0.0,VALID,42
81,1,RISCY-a-2-c2,4,DOWN_EFFORTS,731162.9,731162.9,0.0,0.0,0.0,VALID,42
81,2,RISCY-a-2-c2,4,DOWN_EFFORTS,731162.9,731162.9,0.0,0.0,0.0,VALID,42
81,3,RISCY-a-2-c2,7,DO_NOTHING,731162.9,731162.9,0.0,0.0,0.0,VALID,42
81,4,RISCY-a-2-c2,0,FLIP_BOOLEANS,731162.9,731162.9,0.0,0.0,0.0,VALID,42
81,5,RISCY-a-2-c2,2,DOWN_INTEGERS,731162.9,731162.9,0.0,0.0,0.0,VALID,42
81,6,RISCY-a-2-c2,2,DOWN_INTEGERS,731162.9,731162.9,0.0,0.0,0.0,VALID,42
81,7,RISCY-a-2-c2,7,DO_NOTHING,731162.9,731162.9,0.0,0.0,0.0,VALID,42
81,8,RISCY-a-2-c2,2,DOWN_INTEGERS,731162.9,731162.9,0.0,0.0,0.0,VALID,42
81,9,RISCY-a-2-c2,3,UP_EFFORTS,731162.9,730577.97,0.0008,0.0007999995623411024,0.0,VALID,42
81,10,RISCY-a-2-c2,3,UP_EFFORTS,730577.97,729993.04,0.000801,0.0008006400740497757,0.0,VALID,42
82,1,RISCY-a-2-c2,4,DOWN_EFFORTS,731162.9,731162.9,0.0,0.0,0.0,VALID,42
82,2,RISCY-a-2-c2,5,UP_DETAILED,731162.9,729482.1,0.002299,0.0022988037275961984,0.0,VALID,42
82,3,RISCY-a-2-c2,0,FLIP_BOOLEANS,729482.1,729482.1,0.0,0.0,0.0,VALID,42
82,4,RISCY-a-2-c2,1,UP_INTEGERS,729482.1,727803.06,0.002302,0.0023016877316111265,0.0,VALID,42
82,5,RISCY-a-2-c2,2,DOWN_INTEGERS,727803.06,729482.1,-0.002307,-0.0023069977199600133,0.0,VALID,42
82,6,RISCY-a-2-c2,7,DO_NOTHING,729482.1,729482.1,0.0,0.0,0.0,VALID,42
82,7,RISCY-a-2-c2,1,UP_INTEGERS,729482.1,727803.06,0.002302,0.0023016877316111265,0.0,VALID,42
82,8,RISCY-a-2-c2,6,DOWN_DETAILED,727803.06,729482.1,-0.002307,-0.0023069977199600133,0.0,VALID,42
82,9,RISCY-a-2-c2,1,UP_INTEGERS,729482.1,727803.06,0.002302,0.0023016877316111265,0.0,VALID,42
82,10,RISCY-a-2-c2,7,DO_NOTHING,727803.06,727803.06,0.0,0.0,0.0,VALID,42
83,1,RISCY-a-3-c2,0,FLIP_BOOLEANS,731162.9,731162.9,0.0,0.0,0.0,VALID,42
83,2,RISCY-a-3-c2,0,FLIP_BOOLEANS,731162.9,731162.9,0.0,0.0,0.0,VALID,42
83,3,RISCY-a-3-c2,4,DOWN_EFFORTS,731162.9,731162.9,0.0,0.0,0.0,VALID,42
83,4,RISCY-a-3-c2,6,DOWN_DETAILED,731162.9,731162.9,0.0,0.0,0.0,VALID,42
83,5,RISCY-a-3-c2,5,UP_DETAILED,731162.9,729482.1,0.002299,0.0022988037275961984,0.0,VALID,42
83,6,RISCY-a-3-c2,5,UP_DETAILED,729482.1,727803.06,0.002302,0.0023016877316111265,0.0,VALID,42
83,7,RISCY-a-3-c2,6,DOWN_DETAILED,727803.06,729482.1,-0.002307,-0.0023069977199600133,0.0,VALID,42
83,8,RISCY-a-3-c2,3,UP_EFFORTS,729482.1,728898.05,0.000801,0.0008006365063651735,0.0,VALID,42
83,9,RISCY-a-3-c2,6,DOWN_DETAILED,728898.05,730577.97,-0.002305,-0.0023047393253417614,0.0,VALID,42
83,10,RISCY-a-3-c2,6,DOWN_DETAILED,730577.97,731162.9,-0.000801,-0.000800640074049935,0.0,VALID,42
84,1,RISCY-a-3-c2,1,UP_INTEGERS,731162.9,729482.1,0.002299,0.0022988037275961984,0.0,VALID,42
84,2,RISCY-a-3-c2,0,FLIP_BOOLEANS,729482.1,729482.1,0.0,0.0,0.0,VALID,42
84,3,RISCY-a-3-c2,0,FLIP_BOOLEANS,729482.1,729482.1,0.0,0.0,0.0,VALID,42
84,4,RISCY-a-3-c2,4,DOWN_EFFORTS,729482.1,730066.16,-0.000801,-0.0008006502147209039,0.0,VALID,42
84,5,RISCY-a-3-c2,1,UP_INTEGERS,730066.16,728386.24,0.002301,0.0023010517293392176,0.0,VALID,42
84,6,RISCY-a-3-c2,2,DOWN_INTEGERS,728386.24,730066.16,-0.002306,-0.002306358780198871,0.0,VALID,42
84,7,RISCY-a-3-c2,5,UP_DETAILED,730066.16,728386.24,0.002301,0.0023010517293392176,0.0,VALID,42
84,8,RISCY-a-3-c2,7,DO_NOTHING,728386.24,728386.24,0.0,0.0,0.0,VALID,42
84,9,RISCY-a-3-c2,0,FLIP_BOOLEANS,728386.24,728386.24,0.0,0.0,0.0,VALID,42
84,10,RISCY-a-3-c2,2,DOWN_INTEGERS,728386.24,730066.16,-0.002306,-0.002306358780198871,0.0,VALID,42
85,1,RISCY-a-3-c2,2,DOWN_INTEGERS,731162.9,731162.9,0.0,0.0,0.0,VALID,42
85,2,RISCY-a-3-c2,1,UP_INTEGERS,731162.9,729482.1,0.002299,0.0022988037275961984,0.0,VALID,42
85,3,RISCY-a-3-c2,6,DOWN_DETAILED,729482.1,731162.9,-0.002304,-0.0023041004021895077,0.0,VALID,42
85,4,RISCY-a-3-c2,4,DOWN_EFFORTS,731162.9,731162.9,0.0,0.0,0.0,VALID,42
85,5,RISCY-a-3-c2,6,DOWN_DETAILED,731162.9,731162.9,0.0,0.0,0.0,VALID,42
85,6,RISCY-a-3-c2,7,DO_NOTHING,731162.9,731162.9,0.0,0.0,0.0,VALID,42
85,7,RISCY-a-3-c2,7,DO_NOTHING,731162.9,731162.9,0.0,0.0,0.0,VALID,42
85,8,RISCY-a-3-c2,3,UP_EFFORTS,731162.9,730577.97,0.0008,0.0007999995623411024,0.0,VALID,42
85,9,RISCY-a-3-c2,4,DOWN_EFFORTS,730577.97,731162.9,-0.000801,-0.000800640074049935,0.0,VALID,42
85,10,RISCY-a-3-c2,6,DOWN_DETAILED,731162.9,731162.9,0.0,0.0,0.0,VALID,42
86,1,RISCY-a-2-c2,3,UP_EFFORTS,731162.9,730577.97,0.0008,0.0007999995623411024,0.0,VALID,42
86,2,RISCY-a-2-c2,3,UP_EFFORTS,730577.97,729993.04,0.000801,0.0008006400740497757,0.0,VALID,42
86,3,RISCY-a-2-c2,4,DOWN_EFFORTS,729993.04,730577.97,-0.000801,-0.0008012816122191176,0.0,VALID,42
86,4,RISCY-a-2-c2,3,UP_EFFORTS,730577.97,729993.04,0.000801,0.0008006400740497757,0.0,VALID,42
86,5,RISCY-a-2-c2,1,UP_INTEGERS,729993.04,728314.0,0.0023,0.0023000767240192277,0.0,VALID,42
86,6,RISCY-a-2-c2,2,DOWN_INTEGERS,728314.0,729993.04,-0.002305,-0.0023053792732256103,0.0,VALID,42
86,7,RISCY-a-2-c2,1,UP_INTEGERS,729993.04,728314.0,0.0023,0.0023000767240192277,0.0,VALID,42
86,8,RISCY-a-2-c2,1,UP_INTEGERS,728314.0,726636.71,0.002303,0.0023029764634485087,0.0,VALID,42
86,9,RISCY-a-2-c2,1,UP_INTEGERS,726636.71,724961.18,0.002306,0.0023058702883314436,0.0,VALID,42
86,10,RISCY-a-2-c2,6,DOWN_DETAILED,724961.18,726636.71,-0.002311,-0.002311199614853738,0.0,VALID,42
87,1,RISCY-a-2-c2,7,DO_NOTHING,731162.9,731162.9,0.0,0.0,0.0,VALID,42
87,2,RISCY-a-2-c2,7,DO_NOTHING,731162.9,731162.9,0.0,0.0,0.0,VALID,42
87,3,RISCY-a-2-c2,2,DOWN_INTEGERS,731162.9,731162.9,0.0,0.0,0.0,VALID,42
87,4,RISCY-a-2-c2,4,DOWN_EFFORTS,731162.9,731162.9,0.0,0.0,0.0,VALID,42
87,5,RISCY-a-2-c2,0,FLIP_BOOLEANS,731162.9,731162.9,0.0,0.0,0.0,VALID,42
87,6,RISCY-a-2-c2,7,DO_NOTHING,731162.9,731162.9,0.0,0.0,0.0,VALID,42
87,7,RISCY-a-2-c2,4,DOWN_EFFORTS,731162.9,731162.9,0.0,0.0,0.0,VALID,42
87,8,RISCY-a-2-c2,6,DOWN_DETAILED,731162.9,731162.9,0.0,0.0,0.0,VALID,42
87,9,RISCY-a-2-c2,4,DOWN_EFFORTS,731162.9,731162.9,0.0,0.0,0.0,VALID,42
87,10,RISCY-a-2-c2,3,UP_EFFORTS,731162.9,730577.97,0.0008,0.0007999995623411024,0.0,VALID,42
88,1,RISCY-a-3-c2,3,UP_EFFORTS,731162.9,730577.97,0.0008,0.0007999995623411024,0.0,VALID,42
88,2,RISCY-a-3-c2,3,UP_EFFORTS,730577.97,729993.04,0.000801,0.0008006400740497757,0.0,VALID,42
88,3,RISCY-a-3-c2,3,UP_EFFORTS,729993.04,729408.11,0.000801,0.000801281612219277,0.0,VALID,42
88,4,RISCY-a-3-c2,4,DOWN_EFFORTS,729408.11,729993.04,-0.000802,-0.000801924179318559,0.0,VALID,42
88,5,RISCY-a-3-c2,2,DOWN_INTEGERS,729993.04,730577.97,-0.000801,-0.0008012816122191176,0.0,VALID,42
88,6,RISCY-a-3-c2,7,DO_NOTHING,730577.97,730577.97,0.0,0.0,0.0,VALID,42
88,7,RISCY-a-3-c2,5,UP_DETAILED,730577.97,728898.05,0.002299,0.002299439716201579,0.0,VALID,42
88,8,RISCY-a-3-c2,7,DO_NOTHING,728898.05,728898.05,0.0,0.0,0.0,VALID,42
88,9,RISCY-a-3-c2,1,UP_INTEGERS,728898.05,727219.88,0.002302,0.002302338440883525,0.0,VALID,42
88,10,RISCY-a-3-c2,3,UP_EFFORTS,727219.88,726636.71,0.000802,0.0008019170213004104,0.0,VALID,42
89,1,RISCY-a-2-c2,5,UP_DETAILED,731162.9,729482.1,0.002299,0.0022988037275961984,0.0,VALID,42
89,2,RISCY-a-2-c2,3,UP_EFFORTS,729482.1,728898.05,0.000801,0.0008006365063651735,0.0,VALID,42
89,3,RISCY-a-2-c2,3,UP_EFFORTS,728898.05,728314.0,0.000801,0.0008012780388149571,0.0,VALID,42
89,4,RISCY-a-2-c2,1,UP_INTEGERS,728314.0,726636.71,0.002303,0.0023029764634485087,0.0,VALID,42
89,5,RISCY-a-2-c2,2,DOWN_INTEGERS,726636.71,728314.0,-0.002308,-0.0023082924065315077,0.0,VALID,42
89,6,RISCY-a-2-c2,3,UP_EFFORTS,728314.0,727729.94,0.000802,0.0008019343305223515,0.0,VALID,42
89,7,RISCY-a-2-c2,2,DOWN_INTEGERS,727729.94,729408.11,-0.002306,-0.0023060340213569364,0.0,VALID,42
89,8,RISCY-a-2-c2,4,DOWN_EFFORTS,729408.11,729993.04,-0.000802,-0.000801924179318559,0.0,VALID,42
89,9,RISCY-a-2-c2,2,DOWN_INTEGERS,729993.04,730577.97,-0.000801,-0.0008012816122191176,0.0,VALID,42
89,10,RISCY-a-2-c2,6,DOWN_DETAILED,730577.97,731162.9,-0.000801,-0.000800640074049935,0.0,VALID,42
90,1,RISCY-a-2-c2,5,UP_DETAILED,731162.9,729482.1,0.002299,0.0022988037275961984,0.0,VALID,42
90,2,RISCY-a-2-c2,3,UP_EFFORTS,729482.1,728898.05,0.000801,0.0008006365063651735,0.0,VALID,42
90,3,RISCY-a-2-c2,4,DOWN_EFFORTS,728898.05,729482.1,-0.000801,-0.0008012780388147974,0.0,VALID,42
90,4,RISCY-a-2-c2,1,UP_INTEGERS,729482.1,727803.06,0.002302,0.0023016877316111265,0.0,VALID,42
90,5,RISCY-a-2-c2,1,UP_INTEGERS,727803.06,726125.77,0.002305,0.0023045932233371445,0.0,VALID,42
90,6,RISCY-a-2-c2,4,DOWN_EFFORTS,726125.77,726708.07,-0.000802,-0.0008019271923098531,0.0,VALID,42
90,7,RISCY-a-2-c2,4,DOWN_EFFORTS,726708.07,727290.37,-0.000801,-0.0008012846203841477,0.0,VALID,42
90,8,RISCY-a-2-c2,0,FLIP_BOOLEANS,727290.37,727290.37,0.0,0.0,0.0,VALID,42
90,9,RISCY-a-2-c2,7,DO_NOTHING,727290.37,727290.37,0.0,0.0,0.0,VALID,42
90,10,RISCY-a-2-c2,4,DOWN_EFFORTS,727290.37,727872.67,-0.000801,-0.0008006430773998102,0.0,VALID,42
91,1,RISCY-a-2-c2,4,DOWN_EFFORTS,731162.9,731162.9,0.0,0.0,0.0,VALID,42
91,2,RISCY-a-2-c2,1,UP_INTEGERS,731162.9,729482.1,0.002299,0.0022988037275961984,0.0,VALID,42
91,3,RISCY-a-2-c2,2,DOWN_INTEGERS,729482.1,731162.9,-0.002304,-0.0023041004021895077,0.0,VALID,42
91,4,RISCY-a-2-c2,1,UP_INTEGERS,731162.9,729482.1,0.002299,0.0022988037275961984,0.0,VALID,42
91,5,RISCY-a-2-c2,3,UP_EFFORTS,729482.1,728898.05,0.000801,0.0008006365063651735,0.0,VALID,42
91,6,RISCY-a-2-c2,5,UP_DETAILED,728898.05,727219.88,0.002302,0.002302338440883525,0.0,VALID,42
91,7,RISCY-a-2-c2,2,DOWN_INTEGERS,727219.88,728898.05,-0.002308,-0.0023076514354916176,0.0,VALID,42
91,8,RISCY-a-2-c2,2,DOWN_INTEGERS,728898.05,730577.97,-0.002305,-0.0023047393253417614,0.0,VALID,42
91,9,RISCY-a-2-c2,2,DOWN_INTEGERS,730577.97,731162.9,-0.000801,-0.000800640074049935,0.0,VALID,42
91,10,RISCY-a-2-c2,5,UP_DETAILED,731162.9,729482.1,0.002299,0.0022988037275961984,0.0,VALID,42
92,1,RISCY-a-2-c2,1,UP_INTEGERS,731162.9,729482.1,0.002299,0.0022988037275961984,0.0,VALID,42
92,2,RISCY-a-2-c2,4,DOWN_EFFORTS,729482.1,730066.16,-0.000801,-0.0008006502147209039,0.0,VALID,42
92,3,RISCY-a-2-c2,1,UP_INTEGERS,730066.16,728386.24,0.002301,0.0023010517293392176,0.0,VALID,42
92,4,RISCY-a-2-c2,7,DO_NOTHING,728386.24,728386.24,0.0,0.0,0.0,VALID,42
92,5,RISCY-a-2-c2,2,DOWN_INTEGERS,728386.24,730066.16,-0.002306,-0.002306358780198871,0.0,VALID,42
92,6,RISCY-a-2-c2,4,DOWN_EFFORTS,730066.16,730066.16,0.0,0.0,0.0,VALID,42
92,7,RISCY-a-2-c2,3,UP_EFFORTS,730066.16,729482.1,0.0008,0.0008000096867933939,0.0,VALID,42
92,8,RISCY-a-2-c2,0,FLIP_BOOLEANS,729482.1,729482.1,0.0,0.0,0.0,VALID,42
92,9,RISCY-a-2-c2,6,DOWN_DETAILED,729482.1,731162.9,-0.002304,-0.0023041004021895077,0.0,VALID,42
92,10,RISCY-a-2-c2,3,UP_EFFORTS,731162.9,730577.97,0.0008,0.0007999995623411024,0.0,VALID,42
93,1,RISCY-a-2-c2,5,UP_DETAILED,731162.9,729482.1,0.002299,0.0022988037275961984,0.0,VALID,42
93,2,RISCY-a-2-c2,0,FLIP_BOOLEANS,729482.1,729482.1,0.0,0.0,0.0,VALID,42
93,3,RISCY-a-2-c2,1,UP_INTEGERS,729482.1,727803.06,0.002302,0.0023016877316111265,0.0,VALID,42
93,4,RISCY-a-2-c2,4,DOWN_EFFORTS,727803.06,728386.24,-0.000801,-0.0008012881946387183,0.0,VALID,42
93,5,RISCY-a-2-c2,6,DOWN_DETAILED,728386.24,730066.16,-0.002306,-0.002306358780198871,0.0,VALID,42
93,6,RISCY-a-2-c2,4,DOWN_EFFORTS,730066.16,730066.16,0.0,0.0,0.0,VALID,42
93,7,RISCY-a-2-c2,5,UP_DETAILED,730066.16,728386.24,0.002301,0.0023010517293392176,0.0,VALID,42
93,8,RISCY-a-2-c2,7,DO_NOTHING,728386.24,728386.24,0.0,0.0,0.0,VALID,42
93,9,RISCY-a-2-c2,1,UP_INTEGERS,728386.24,726708.07,0.002304,0.0023039562087279982,0.0,VALID,42
93,10,RISCY-a-2-c2,0,FLIP_BOOLEANS,726708.07,726708.07,0.0,0.0,0.0,VALID,42
94,1,RISCY-a-2-c2,5,UP_DETAILED,731162.9,729482.1,0.002299,0.0022988037275961984,0.0,VALID,42
94,2,RISCY-a-2-c2,5,UP_DETAILED,729482.1,727803.06,0.002302,0.0023016877316111265,0.0,VALID,42
94,3,RISCY-a-2-c2,5,UP_DETAILED,727803.06,726125.77,0.002305,0.0023045932233371445,0.0,VALID,42
94,4,RISCY-a-2-c2,1,UP_INTEGERS,726125.77,724450.24,0.002307,0.002307492819047075,0.0,VALID,42
94,5,RISCY-a-2-c2,2,DOWN_INTEGERS,724450.24,726125.77,-0.002313,-0.0023128296568719862,0.0,VALID,42
94,6,RISCY-a-2-c2,2,DOWN_INTEGERS,726125.77,727803.06,-0.00231,-0.0023099166415757938,0.0,VALID,42
94,7,RISCY-a-2-c2,6,DOWN_DETAILED,727803.06,729482.1,-0.002307,-0.0023069977199600133,0.0,VALID,42
94,8,RISCY-a-2-c2,3,UP_EFFORTS,729482.1,728898.05,0.000801,0.0008006365063651735,0.0,VALID,42
94,9,RISCY-a-2-c2,4,DOWN_EFFORTS,728898.05,729482.1,-0.000801,-0.0008012780388147974,0.0,VALID,42
94,10,RISCY-a-2-c2,5,UP_DETAILED,729482.1,727803.06,0.002302,0.0023016877316111265,0.0,VALID,42
95,1,RISCY-a-3-c2,3,UP_EFFORTS,731162.9,730577.97,0.0008,0.0007999995623411024,0.0,VALID,42
95,2,RISCY-a-3-c2,5,UP_DETAILED,730577.97,728898.05,0.002299,0.002299439716201579,0.0,VALID,42
95,3,RISCY-a-3-c2,4,DOWN_EFFORTS,728898.05,729482.1,-0.000801,-0.0008012780388147974,0.0,VALID,42
95,4,RISCY-a-3-c2,3,UP_EFFORTS,729482.1,728898.05,0.000801,0.0008006365063651735,0.0,VALID,42
95,5,RISCY-a-3-c2,0,FLIP_BOOLEANS,728898.05,728898.05,0.0,0.0,0.0,VALID,42
95,6,RISCY-a-3-c2,5,UP_DETAILED,728898.05,727219.88,0.002302,0.002302338440883525,0.0,VALID,42
95,7,RISCY-a-3-c2,4,DOWN_EFFORTS,727219.88,727803.06,-0.000802,-0.0008019307722996396,0.0,VALID,42
95,8,RISCY-a-3-c2,5,UP_DETAILED,727803.06,726125.77,0.002305,0.0023045932233371445,0.0,VALID,42
95,9,RISCY-a-3-c2,7,DO_NOTHING,726125.77,726125.77,0.0,0.0,0.0,VALID,42
95,10,RISCY-a-3-c2,6,DOWN_DETAILED,726125.77,727803.06,-0.00231,-0.0023099166415757938,0.0,VALID,42
96,1,RISCY-a-3-c2,3,UP_EFFORTS,731162.9,730577.97,0.0008,0.0007999995623411024,0.0,VALID,42
96,2,RISCY-a-3-c2,1,UP_INTEGERS,730577.97,728898.05,0.002299,0.002299439716201579,0.0,VALID,42
96,3,RISCY-a-3-c2,5,UP_DETAILED,728898.05,727219.88,0.002302,0.002302338440883525,0.0,VALID,42
96,4,RISCY-a-3-c2,3,UP_EFFORTS,727219.88,726636.71,0.000802,0.0008019170213004104,0.0,VALID,42
96,5,RISCY-a-3-c2,5,UP_DETAILED,726636.71,724961.18,0.002306,0.0023058702883314436,0.0,VALID,42
96,6,RISCY-a-3-c2,6,DOWN_DETAILED,724961.18,726636.71,-0.002311,-0.002311199614853738,0.0,VALID,42
96,7,RISCY-a-3-c2,3,UP_EFFORTS,726636.71,726053.53,0.000803,0.000802574370347921,0.0,VALID,42
96,8,RISCY-a-3-c2,6,DOWN_DETAILED,726053.53,727729.94,-0.002309,-0.002308934439034979,0.0,VALID,42
96,9,RISCY-a-3-c2,4,DOWN_EFFORTS,727729.94,728314.0,-0.000803,-0.0008025779453296314,0.0,VALID,42
96,10,RISCY-a-3-c2,0,FLIP_BOOLEANS,728314.0,728314.0,0.0,0.0,0.0,VALID,42
97,1,RISCY-a-3-c2,1,UP_INTEGERS,731162.9,729482.1,0.002299,0.0022988037275961984,0.0,VALID,42
97,2,RISCY-a-3-c2,7,DO_NOTHING,729482.1,729482.1,0.0,0.0,0.0,VALID,42
97,3,RISCY-a-3-c2,1,UP_INTEGERS,729482.1,727803.06,0.002302,0.0023016877316111265,0.0,VALID,42
97,4,RISCY-a-3-c2,2,DOWN_INTEGERS,727803.06,729482.1,-0.002307,-0.0023069977199600133,0.0,VALID,42
97,5,RISCY-a-3-c2,4,DOWN_EFFORTS,729482.1,730066.16,-0.000801,-0.0008006502147209039,0.0,VALID,42
97,6,RISCY-a-3-c2,4,DOWN_EFFORTS,730066.16,730066.16,0.0,0.0,0.0,VALID,42
97,7,RISCY-a-3-c2,2,DOWN_INTEGERS,730066.16,731162.9,-0.001502,-0.0015022474127550174,0.0,VALID,42
97,8,RISCY-a-3-c2,2,DOWN_INTEGERS,731162.9,731162.9,0.0,0.0,0.0,VALID,42
97,9,RISCY-a-3-c2,1,UP_INTEGERS,731162.9,729482.1,0.002299,0.0022988037275961984,0.0,VALID,42
97,10,RISCY-a-3-c2,6,DOWN_DETAILED,729482.1,731162.9,-0.002304,-0.0023041004021895077,0.0,VALID,42
98,1,RISCY-a-2-c2,3,UP_EFFORTS,731162.9,730577.97,0.0008,0.0007999995623411024,0.0,VALID,42
98,2,RISCY-a-2-c2,5,UP_DETAILED,730577.97,728898.05,0.002299,0.002299439716201579,0.0,VALID,42
98,3,RISCY-a-2-c2,1,UP_INTEGERS,728898.05,727219.88,0.002302,0.002302338440883525,0.0,VALID,42
98,4,RISCY-a-2-c2,0,FLIP_BOOLEANS,727219.88,727219.88,0.0,0.0,0.0,VALID,42
98,5,RISCY-a-2-c2,7,DO_NOTHING,727219.88,727219.88,0.0,0.0,0.0,VALID,42
98,6,RISCY-a-2-c2,3,UP_EFFORTS,727219.88,726636.71,0.000802,0.0008019170213004104,0.0,VALID,42
98,7,RISCY-a-2-c2,1,UP_INTEGERS,726636.71,724961.18,0.002306,0.0023058702883314436,0.0,VALID,42
98,8,RISCY-a-2-c2,5,UP_DETAILED,724961.18,723287.4,0.002309,0.002308785692497394,0.0,VALID,42
98,9,RISCY-a-2-c2,4,DOWN_EFFORTS,723287.4,723868.82,-0.000804,-0.0008038574984161558,0.0,VALID,42
98,10,RISCY-a-2-c2,6,DOWN_DETAILED,723868.82,725543.47,-0.002313,-0.0023134716591329675,0.0,VALID,42
99,1,RISCY-a-2-c2,1,UP_INTEGERS,731162.9,729482.1,0.002299,0.0022988037275961984,0.0,VALID,42
99,2,RISCY-a-2-c2,5,UP_DETAILED,729482.1,727803.06,0.002302,0.0023016877316111265,0.0,VALID,42
99,3,RISCY-a-2-c2,5,UP_DETAILED,727803.06,726125.77,0.002305,0.0023045932233371445,0.0,VALID,42
99,4,RISCY-a-2-c2,7,DO_NOTHING,726125.77,726125.77,0.0,0.0,0.0,VALID,42
99,5,RISCY-a-2-c2,6,DOWN_DETAILED,726125.77,727803.06,-0.00231,-0.0023099166415757938,0.0,VALID,42
99,6,RISCY-a-2-c2,0,FLIP_BOOLEANS,727803.06,727803.06,0.0,0.0,0.0,VALID,42
99,7,RISCY-a-2-c2,1,UP_INTEGERS,727803.06,726125.77,0.002305,0.0023045932233371445,0.0,VALID,42
99,8,RISCY-a-2-c2,3,UP_EFFORTS,726125.77,725543.47,0.000802,0.0008019271923100134,0.0,VALID,42
99,9,RISCY-a-2-c2,2,DOWN_INTEGERS,725543.47,727219.88,-0.002311,-0.0023105576293037723,0.0,VALID,42
99,10,RISCY-a-2-c2,4,DOWN_EFFORTS,727219.88,727803.06,-0.000802,-0.0008019307722996396,0.0,VALID,42
100,1,RISCY-a-3-c2,7,DO_NOTHING,731162.9,731162.9,0.0,0.0,0.0,VALID,42
100,2,RISCY-a-3-c2,4,DOWN_EFFORTS,731162.9,731162.9,0.0,0.0,0.0,VALID,42
100,3,RISCY-a-3-c2,3,UP_EFFORTS,731162.9,730577.97,0.0008,0.0007999995623411024,0.0,VALID,42
100,4,RISCY-a-3-c2,3,UP_EFFORTS,730577.97,729993.04,0.000801,0.0008006400740497757,0.0,VALID,42
100,5,RISCY-a-3-c2,7,DO_NOTHING,729993.04,729993.04,0.0,0.0,0.0,VALID,42
100,6,RISCY-a-3-c2,6,DOWN_DETAILED,729993.04,730577.97,-0.000801,-0.0008012816122191176,0.0,VALID,42
100,7,RISCY-a-3-c2,2,DOWN_INTEGERS,730577.97,731162.9,-0.000801,-0.000800640074049935,0.0,VALID,42
100,8,RISCY-a-3-c2,2,DOWN_INTEGERS,731162.9,731162.9,0.0,0.0,0.0,VALID,42
100,9,RISCY-a-3-c2,4,DOWN_EFFORTS,731162.9,731162.9,0.0,0.0,0.0,VALID,42
100,10,RISCY-a-3-c2,6,DOWN_DETAILED,731162.9,731162.9,0.0,0.0,0.0,VALID,42
