transition_id,episode,step,design_id,previous_parameter_state,selected_action_id,selected_action_name,resulting_parameter_state,openroad_command,openroad_exit_status,measured_HPWL,calculated_reward,verification_status
ep_1791118558_6da025_s1,1,1,RISCY-a-1-c2,"{'max_displacement': 0, 'site_search_window': 0, 'row_search_window': 0, 'disallow_one_site_gaps': 0, 'use_diamond_legalizer': 0, 'disable_window_extension': 0}",5,UP_DETAILED,"{'max_displacement': 10, 'site_search_window': 10, 'row_search_window': 0, 'disallow_one_site_gaps': 0, 'use_diamond_legalizer': 0, 'disable_window_extension': 0}",-max_displacement 10 -site_search_window 10,0,729288.64,0.002563395927227721,PASS
ep_1791118558_6da025_s2,1,2,RISCY-a-1-c2,"{'max_displacement': 10, 'site_search_window': 10, 'row_search_window': 0, 'disallow_one_site_gaps': 0, 'use_diamond_legalizer': 0, 'disable_window_extension': 0}",6,DOWN_DETAILED,"{'max_displacement': 0, 'site_search_window': 0, 'row_search_window': 0, 'disallow_one_site_gaps': 0, 'use_diamond_legalizer': 0, 'disable_window_extension': 0}",,0,730968.99,-0.0023040945763257424,PASS
ep_1791118558_6da025_s3,1,3,RISCY-a-1-c2,"{'max_displacement': 0, 'site_search_window': 0, 'row_search_window': 0, 'disallow_one_site_gaps': 0, 'use_diamond_legalizer': 0, 'disable_window_extension': 0}",4,DOWN_EFFORTS,"{'max_displacement': 0, 'site_search_window': 0, 'row_search_window': 0, 'disallow_one_site_gaps': 0, 'use_diamond_legalizer': 0, 'disable_window_extension': 0}",,0,730968.99,0.0,PASS
ep_1791118558_6da025_s4,1,4,RISCY-a-1-c2,"{'max_displacement': 0, 'site_search_window': 0, 'row_search_window': 0, 'disallow_one_site_gaps': 0, 'use_diamond_legalizer': 0, 'disable_window_extension': 0}",3,UP_EFFORTS,"{'max_displacement': 0, 'site_search_window': 10, 'row_search_window': 2, 'disallow_one_site_gaps': 0, 'use_diamond_legalizer': 0, 'disable_window_extension': 0}",-site_search_window 10 -row_search_window 2,0,730384.21,0.0008000065775704493,PASS
ep_1791118558_6da025_s5,1,5,RISCY-a-1-c2,"{'max_displacement': 0, 'site_search_window': 10, 'row_search_window': 2, 'disallow_one_site_gaps': 0, 'use_diamond_legalizer': 0, 'disable_window_extension': 0}",5,UP_DETAILED,"{'max_displacement': 10, 'site_search_window': 20, 'row_search_window': 2, 'disallow_one_site_gaps': 0, 'use_diamond_legalizer': 0, 'disable_window_extension': 0}",-max_displacement 10 -site_search_window 20 -row_search_window 2,0,728704.74,0.002299433609058953,PASS
ep_1791118566_a2fe2f_s1,2,1,RISCY-a-1-c2,"{'max_displacement': 0, 'site_search_window': 0, 'row_search_window': 0, 'disallow_one_site_gaps': 0, 'use_diamond_legalizer': 0, 'disable_window_extension': 0}",4,DOWN_EFFORTS,"{'max_displacement': 0, 'site_search_window': 0, 'row_search_window': 0, 'disallow_one_site_gaps': 0, 'use_diamond_legalizer': 0, 'disable_window_extension': 0}",,0,730968.99,0.00026520765755487947,PASS
ep_1791118566_a2fe2f_s2,2,2,RISCY-a-1-c2,"{'max_displacement': 0, 'site_search_window': 0, 'row_search_window': 0, 'disallow_one_site_gaps': 0, 'use_diamond_legalizer': 0, 'disable_window_extension': 0}",2,DOWN_INTEGERS,"{'max_displacement': 0, 'site_search_window': 0, 'row_search_window': 0, 'disallow_one_site_gaps': 0, 'use_diamond_legalizer': 0, 'disable_window_extension': 0}",,0,730968.99,0.0,PASS
ep_1791118566_a2fe2f_s3,2,3,RISCY-a-1-c2,"{'max_displacement': 0, 'site_search_window': 0, 'row_search_window': 0, 'disallow_one_site_gaps': 0, 'use_diamond_legalizer': 0, 'disable_window_extension': 0}",7,DO_NOTHING,"{'max_displacement': 0, 'site_search_window': 0, 'row_search_window': 0, 'disallow_one_site_gaps': 0, 'use_diamond_legalizer': 0, 'disable_window_extension': 0}",,0,730968.99,0.0,PASS
ep_1791118566_a2fe2f_s4,2,4,RISCY-a-1-c2,"{'max_displacement': 0, 'site_search_window': 0, 'row_search_window': 0, 'disallow_one_site_gaps': 0, 'use_diamond_legalizer': 0, 'disable_window_extension': 0}",0,FLIP_BOOLEANS,"{'max_displacement': 0, 'site_search_window': 0, 'row_search_window': 0, 'disallow_one_site_gaps': True, 'use_diamond_legalizer': True, 'disable_window_extension': True}",-disallow_one_site_gaps -use_diamond_legalizer -disable_window_extension,0,730968.99,0.0,PASS
ep_1791118566_a2fe2f_s5,2,5,RISCY-a-1-c2,"{'max_displacement': 0, 'site_search_window': 0, 'row_search_window': 0, 'disallow_one_site_gaps': True, 'use_diamond_legalizer': True, 'disable_window_extension': True}",3,UP_EFFORTS,"{'max_displacement': 0, 'site_search_window': 10, 'row_search_window': 2, 'disallow_one_site_gaps': True, 'use_diamond_legalizer': True, 'disable_window_extension': True}",-site_search_window 10 -row_search_window 2 -disallow_one_site_gaps -use_diamond_legalizer -disable_window_extension,0,730384.21,0.0008000065775704493,PASS
ep_1791118573_c9774a_s1,3,1,RISCY-a-1-c2,"{'max_displacement': 0, 'site_search_window': 0, 'row_search_window': 0, 'disallow_one_site_gaps': 0, 'use_diamond_legalizer': 0, 'disable_window_extension': 0}",3,UP_EFFORTS,"{'max_displacement': 0, 'site_search_window': 10, 'row_search_window': 2, 'disallow_one_site_gaps': 0, 'use_diamond_legalizer': 0, 'disable_window_extension': 0}",-site_search_window 10 -row_search_window 2,0,730384.21,0.0010650020672548627,PASS
ep_1791118573_c9774a_s2,3,2,RISCY-a-1-c2,"{'max_displacement': 0, 'site_search_window': 10, 'row_search_window': 2, 'disallow_one_site_gaps': 0, 'use_diamond_legalizer': 0, 'disable_window_extension': 0}",0,FLIP_BOOLEANS,"{'max_displacement': 0, 'site_search_window': 10, 'row_search_window': 2, 'disallow_one_site_gaps': True, 'use_diamond_legalizer': True, 'disable_window_extension': True}",-site_search_window 10 -row_search_window 2 -disallow_one_site_gaps -use_diamond_legalizer -disable_window_extension,0,730384.21,0.0,PASS
ep_1791118573_c9774a_s3,3,3,RISCY-a-1-c2,"{'max_displacement': 0, 'site_search_window': 10, 'row_search_window': 2, 'disallow_one_site_gaps': True, 'use_diamond_legalizer': True, 'disable_window_extension': True}",0,FLIP_BOOLEANS,"{'max_displacement': 0, 'site_search_window': 10, 'row_search_window': 2, 'disallow_one_site_gaps': False, 'use_diamond_legalizer': False, 'disable_window_extension': False}",-site_search_window 10 -row_search_window 2,0,730384.21,0.0,PASS
ep_1791118573_c9774a_s4,3,4,RISCY-a-1-c2,"{'max_displacement': 0, 'site_search_window': 10, 'row_search_window': 2, 'disallow_one_site_gaps': False, 'use_diamond_legalizer': False, 'disable_window_extension': False}",2,DOWN_INTEGERS,"{'max_displacement': 0, 'site_search_window': 0, 'row_search_window': 0, 'disallow_one_site_gaps': False, 'use_diamond_legalizer': False, 'disable_window_extension': False}",,0,730968.99,-0.0008006471005171757,PASS
ep_1791118573_c9774a_s5,3,5,RISCY-a-1-c2,"{'max_displacement': 0, 'site_search_window': 0, 'row_search_window': 0, 'disallow_one_site_gaps': False, 'use_diamond_legalizer': False, 'disable_window_extension': False}",0,FLIP_BOOLEANS,"{'max_displacement': 0, 'site_search_window': 0, 'row_search_window': 0, 'disallow_one_site_gaps': True, 'use_diamond_legalizer': True, 'disable_window_extension': True}",-disallow_one_site_gaps -use_diamond_legalizer -disable_window_extension,0,730968.99,0.0,PASS
