design_id,architecture_variant,clock_period,num_cells,num_nets,num_pins,num_macros,total_cell_area,avg_net_degree,max_net_degree,bipartite_density
RISCY-FPU-a-1-c2,RISCY-FPU,2.0ns,75067,76569,294711,3,219970.83,3.85,3661,5.13e-05
RISCY-FPU-a-1-c20,RISCY-FPU,20.0ns,68684,70559,281394,3,213897.61,3.99,3661,5.81e-05
RISCY-FPU-a-1-c5,RISCY-FPU,5.0ns,70776,72661,284953,3,215541.19,3.92,3661,5.54e-05
RISCY-FPU-a-2-c2,RISCY-FPU,2.0ns,75070,76571,294909,4,254343.22,3.85,3661,5.13e-05
RISCY-FPU-a-2-c20,RISCY-FPU,20.0ns,68687,70561,281592,4,248269.95,3.99,3661,5.81e-05
RISCY-FPU-a-2-c5,RISCY-FPU,5.0ns,70779,72663,285151,4,249913.53,3.92,3661,5.54e-05
RISCY-FPU-a-3-c2,RISCY-FPU,2.0ns,75073,76604,295107,5,288715.56,3.85,3661,5.13e-05
RISCY-FPU-a-3-c20,RISCY-FPU,20.0ns,68690,70594,281790,5,282642.31,3.99,3661,5.81e-05
RISCY-FPU-a-3-c5,RISCY-FPU,5.0ns,70782,72696,285349,5,284285.88,3.93,3661,5.55e-05
RISCY-FPU-b-1-c2,RISCY-FPU,2.0ns,50896,53738,197363,14,252312.62,3.67,306,7.22e-05
RISCY-FPU-b-1-c20,RISCY-FPU,20.0ns,44980,48202,184593,13,212643.83,3.83,305,8.51e-05
RISCY-FPU-b-1-c5,RISCY-FPU,5.0ns,46251,49493,186853,13,213485.94,3.78,305,8.16e-05
RISCY-FPU-b-2-c2,RISCY-FPU,2.0ns,50896,53738,197363,14,252312.62,3.67,306,7.22e-05
RISCY-FPU-b-2-c20,RISCY-FPU,20.0ns,44983,48204,184791,14,247016.2,3.83,306,8.52e-05
RISCY-FPU-b-2-c5,RISCY-FPU,5.0ns,46254,49495,187051,14,247858.3,3.78,306,8.17e-05
RISCY-FPU-b-3-c2,RISCY-FPU,2.0ns,50899,53771,197561,15,286684.97,3.67,307,7.22e-05
RISCY-FPU-b-3-c20,RISCY-FPU,20.0ns,44986,48237,184989,15,281388.5,3.84,307,8.52e-05
RISCY-FPU-b-3-c5,RISCY-FPU,5.0ns,46257,49528,187249,15,282230.62,3.78,307,8.17e-05
RISCY-a-1-c2,RISCY,2.0ns,53586,54734,215368,3,191615.41,3.93,2132,7.34e-05
RISCY-a-1-c20,RISCY,20.0ns,52255,53458,213772,3,190706.75,4.0,2132,7.65e-05
RISCY-a-1-c5,RISCY,5.0ns,52275,53478,213812,3,190720.19,4.0,2132,7.65e-05
RISCY-a-2-c2,RISCY,2.0ns,53589,54736,215566,4,225987.78,3.94,2132,7.35e-05
RISCY-a-2-c20,RISCY,20.0ns,52258,53460,213970,4,225079.08,4.0,2132,7.66e-05
RISCY-a-2-c5,RISCY,5.0ns,52278,53480,214010,4,225092.55,4.0,2132,7.65e-05
RISCY-a-3-c2,RISCY,2.0ns,53592,54769,215764,5,260360.16,3.94,2132,7.35e-05
RISCY-a-3-c20,RISCY,20.0ns,52261,53493,214168,5,259451.41,4.0,2132,7.66e-05
RISCY-a-3-c5,RISCY,5.0ns,52281,53513,214208,5,259464.91,4.0,2132,7.66e-05
RISCY-b-1-c2,RISCY,2.0ns,31165,33568,124178,13,191362.52,3.7,305,1.19e-04
RISCY-b-1-c20,RISCY,20.0ns,29767,32305,122013,13,190798.25,3.78,356,1.27e-04
RISCY-b-1-c5,RISCY,5.0ns,29752,32290,121983,13,190421.86,3.78,356,1.27e-04
RISCY-b-2-c2,RISCY,2.0ns,31168,33570,124376,14,225734.88,3.7,306,1.19e-04
RISCY-b-2-c20,RISCY,20.0ns,29770,32307,122211,14,225170.59,3.78,356,1.27e-04
RISCY-b-2-c5,RISCY,5.0ns,29755,32292,122181,14,224794.2,3.78,356,1.27e-04
RISCY-b-3-c2,RISCY,2.0ns,31171,33603,124574,15,260107.23,3.71,307,1.19e-04
RISCY-b-3-c20,RISCY,20.0ns,29773,32340,122409,15,259542.94,3.79,356,1.27e-04
RISCY-b-3-c5,RISCY,5.0ns,29758,32325,122379,15,259166.58,3.79,356,1.27e-04
zero-riscy-a-1-c2,zero-riscy,2.0ns,42102,42428,168527,3,173924.69,3.97,1479,9.43e-05
zero-riscy-a-1-c20,zero-riscy,20.0ns,41405,41787,167258,3,173381.38,4.0,1479,9.67e-05
zero-riscy-a-1-c5,zero-riscy,5.0ns,41406,41788,167260,3,173383.61,4.0,1479,9.67e-05
zero-riscy-a-2-c2,zero-riscy,2.0ns,42105,42430,168725,4,208297.06,3.98,1479,9.44e-05
zero-riscy-a-2-c20,zero-riscy,20.0ns,41408,41789,167456,4,207753.73,4.01,1479,9.68e-05
zero-riscy-a-2-c5,zero-riscy,5.0ns,41409,41790,167458,4,207755.94,4.01,1479,9.68e-05
zero-riscy-a-3-c2,zero-riscy,2.0ns,42108,42463,168923,5,242669.42,3.98,1479,9.45e-05
zero-riscy-a-3-c20,zero-riscy,20.0ns,41411,41822,167654,5,242126.11,4.01,1479,9.68e-05
zero-riscy-a-3-c5,zero-riscy,5.0ns,41412,41823,167656,5,242128.31,4.01,1479,9.68e-05
zero-riscy-b-1-c2,zero-riscy,2.0ns,20954,22612,82433,13,175043.5,3.65,303,1.74e-04
zero-riscy-b-1-c20,zero-riscy,20.0ns,19946,21663,80422,13,174739.23,3.71,303,1.86e-04
zero-riscy-b-1-c5,zero-riscy,5.0ns,19915,21632,80360,13,174376.5,3.71,303,1.87e-04
zero-riscy-b-2-c2,zero-riscy,2.0ns,20957,22614,82631,14,209415.84,3.65,304,1.74e-04
zero-riscy-b-2-c20,zero-riscy,20.0ns,19949,21665,80620,14,209111.59,3.72,304,1.87e-04
zero-riscy-b-2-c5,zero-riscy,5.0ns,19918,21634,80558,14,208748.84,3.72,304,1.87e-04
zero-riscy-b-3-c2,zero-riscy,2.0ns,20960,22647,82829,15,243788.22,3.66,305,1.74e-04
zero-riscy-b-3-c20,zero-riscy,20.0ns,19952,21698,80818,15,243483.91,3.72,305,1.87e-04
zero-riscy-b-3-c5,zero-riscy,5.0ns,19921,21667,80756,15,243121.2,3.73,305,1.87e-04
