feature_1,feature_2,domain,pearson_r,spearman_rho
area,area,cell,1.0,1.0
area,width,cell,0.8409821566645408,1.0
area,height,cell,0.9452816950371764,0.023621986412424915
area,aspect_ratio,cell,0.004794892534991425,0.9998410971283174
area,is_macro,cell,0.7053953211379485,0.023621986298668254
area,cell_degree,cell,0.3716028578705636,0.5108366080035169
area,log_degree,cell,0.13004722515898842,0.5108366080035169
width,area,cell,0.8409821566645408,1.0
width,width,cell,1.0,1.0
width,height,cell,0.8274444911961638,0.023621986412412317
width,aspect_ratio,cell,0.5229212235150267,0.9998410971283254
width,is_macro,cell,0.6838667767489641,0.023621986298668254
width,cell_degree,cell,0.4247427075823091,0.5108366080035169
width,log_degree,cell,0.2733584214244257,0.5108366080035169
height,area,cell,0.9452816950371764,0.023621986412424915
height,width,cell,0.8274444911961638,0.023621986412412317
height,height,cell,1.0,1.0
height,aspect_ratio,cell,-0.0012460351094363991,0.0066395897943637905
height,is_macro,cell,0.870752336145161,0.9999999947735482
height,cell_degree,cell,0.48922964172392347,0.02416995918691851
height,log_degree,cell,0.15833378731517794,0.02416995918691851
aspect_ratio,area,cell,0.004794892534991425,0.9998410971283174
aspect_ratio,width,cell,0.5229212235150267,0.9998410971283254
aspect_ratio,height,cell,-0.0012460351094363991,0.0066395897943637905
aspect_ratio,aspect_ratio,cell,1.0,1.0
aspect_ratio,is_macro,cell,-0.0028675011144960066,0.006639433089216539
aspect_ratio,cell_degree,cell,0.06109857234001541,0.5104883441717489
aspect_ratio,log_degree,cell,0.2786519224598665,0.5104883441717489
is_macro,area,cell,0.7053953211379485,0.023621986298668254
is_macro,width,cell,0.6838667767489641,0.023621986298668254
is_macro,height,cell,0.870752336145161,0.9999999947735482
is_macro,aspect_ratio,cell,-0.0028675011144960066,0.006639433089216539
is_macro,is_macro,cell,1.0,1.0
is_macro,cell_degree,cell,0.6750778366444583,0.02416995931910149
is_macro,log_degree,cell,0.18875297574897526,0.02416995931910149
cell_degree,area,cell,0.3716028578705636,0.5108366080035169
cell_degree,width,cell,0.4247427075823091,0.5108366080035169
cell_degree,height,cell,0.48922964172392347,0.02416995918691851
cell_degree,aspect_ratio,cell,0.06109857234001541,0.5104883441717489
cell_degree,is_macro,cell,0.6750778366444583,0.02416995931910149
cell_degree,cell_degree,cell,1.0,1.0
cell_degree,log_degree,cell,0.41261170620090204,1.0
log_degree,area,cell,0.13004722515898842,0.5108366080035169
log_degree,width,cell,0.2733584214244257,0.5108366080035169
log_degree,height,cell,0.15833378731517794,0.02416995918691851
log_degree,aspect_ratio,cell,0.2786519224598665,0.5104883441717489
log_degree,is_macro,cell,0.18875297574897526,0.02416995931910149
log_degree,cell_degree,cell,0.41261170620090204,1.0
log_degree,log_degree,cell,1.0,1.0
