design_id,architecture_variant,clock_period_ns,num_cells,num_nets,num_pins,num_macros,total_cell_area,avg_net_degree,max_net_degree,bipartite_density
RISCY-FPU-a-1-c2,RISCY-FPU,2.0,75067,76569,294711,3,219970.828125,3.8489596843719482,3661,5.127365902172046e-05
RISCY-FPU-a-1-c20,RISCY-FPU,20.0,68684,70559,281394,3,213897.609375,3.9880666732788086,3661,5.8063984687869786e-05
RISCY-FPU-a-1-c5,RISCY-FPU,5.0,70776,72661,284953,3,215541.1875,3.921677350997925,3661,5.540970637661309e-05
RISCY-FPU-a-2-c2,RISCY-FPU,2.0,75070,76571,294909,4,254343.21875,3.851444959640503,3661,5.130471645208731e-05
RISCY-FPU-a-2-c20,RISCY-FPU,20.0,68687,70561,281592,4,248269.953125,3.99075984954834,3661,5.81006561378991e-05
RISCY-FPU-a-2-c5,RISCY-FPU,5.0,70779,72663,285151,4,249913.53125,3.9242942333221436,3661,5.5444331583202735e-05
RISCY-FPU-a-3-c2,RISCY-FPU,2.0,75073,76604,295107,5,288715.5625,3.8523707389831543,3661,5.131499518318557e-05
RISCY-FPU-a-3-c20,RISCY-FPU,20.0,68690,70594,281790,5,282642.3125,3.991698980331421,3661,5.811179227321902e-05
RISCY-FPU-a-3-c5,RISCY-FPU,5.0,70782,72696,285349,5,284285.875,3.925236701965332,3661,5.545529374330688e-05
RISCY-FPU-b-1-c2,RISCY-FPU,2.0,50896,53738,197363,14,252312.625,3.67268967628479,306,7.216067503878453e-05
RISCY-FPU-b-1-c20,RISCY-FPU,20.0,44980,48202,184593,13,212643.828125,3.829571485519409,305,8.513942612448586e-05
RISCY-FPU-b-1-c5,RISCY-FPU,5.0,46251,49493,186853,13,213485.9375,3.7753419876098633,305,8.162725060108899e-05
RISCY-FPU-b-2-c2,RISCY-FPU,2.0,50896,53738,197363,14,252312.625,3.67268967628479,306,7.216067503878453e-05
RISCY-FPU-b-2-c20,RISCY-FPU,20.0,44983,48204,184791,14,247016.203125,3.83351993560791,306,8.52215290183118e-05
RISCY-FPU-b-2-c5,RISCY-FPU,5.0,46254,49495,187051,14,247858.296875,3.7791898250579834,306,8.170514587177861e-05
RISCY-FPU-b-3-c2,RISCY-FPU,2.0,50899,53771,197561,15,286684.96875,3.6741180419921875,307,7.218448336915317e-05
RISCY-FPU-b-3-c20,RISCY-FPU,20.0,44986,48237,184989,15,281388.5,3.8350021839141846,307,8.524879244103245e-05
RISCY-FPU-b-3-c5,RISCY-FPU,5.0,46257,49528,187249,15,282230.625,3.7806694507598877,307,8.173183561993561e-05
RISCY-a-1-c2,RISCY,2.0,53586,54734,215368,3,191615.40625,3.934812068939209,2132,7.34298510777785e-05
RISCY-a-1-c20,RISCY,20.0,52255,53458,213772,3,190706.75,3.99887752532959,2132,7.652621995129538e-05
RISCY-a-1-c5,RISCY,5.0,52275,53478,213812,3,190720.1875,3.9981300830841064,2132,7.648264126598209e-05
RISCY-a-2-c2,RISCY,2.0,53589,54736,215566,4,225987.78125,3.9382855892181396,2132,7.349055942467786e-05
RISCY-a-2-c20,RISCY,20.0,52258,53460,213970,4,225079.078125,4.002431869506836,2132,7.658983743453533e-05
RISCY-a-2-c5,RISCY,5.0,52278,53480,214010,4,225092.546875,4.001682758331299,2132,7.654621202229849e-05
RISCY-a-3-c2,RISCY,2.0,53592,54769,215764,5,260360.15625,3.939527750015259,2132,7.35096252255783e-05
RISCY-a-3-c20,RISCY,20.0,52261,53493,214168,5,259451.40625,4.003664016723633,2132,7.6609020700097e-05
RISCY-a-3-c5,RISCY,5.0,52281,53513,214208,5,259464.90625,4.002915382385254,2132,7.656539047625517e-05
RISCY-b-1-c2,RISCY,2.0,31165,33568,124178,13,191362.515625,3.6992969512939453,305,0.00011870036738250252
RISCY-b-1-c20,RISCY,20.0,29767,32305,122013,13,190798.25,3.7769076824188232,356,0.0001268823730790073
RISCY-b-1-c5,RISCY,5.0,29752,32290,121983,13,190421.859375,3.777733087539673,356,0.00012697408726425642
RISCY-b-2-c2,RISCY,2.0,31168,33570,124376,14,225734.875,3.70497465133667,306,0.00011887110753893761
RISCY-b-2-c20,RISCY,20.0,29770,32307,122211,14,225170.59375,3.7828025817871094,356,0.00012706760123025717
RISCY-b-2-c5,RISCY,5.0,29755,32292,122181,14,224794.203125,3.783630609512329,356,0.00012715948985337396
RISCY-b-3-c2,RISCY,2.0,31171,33603,124574,15,260107.234375,3.707228422164917,307,0.0001189319727074198
RISCY-b-3-c20,RISCY,20.0,29773,32340,122409,15,259542.9375,3.785064935684204,356,0.0001271307874606165
RISCY-b-3-c5,RISCY,5.0,29758,32325,122379,15,259166.578125,3.785893201828003,356,0.00012722270554008054
zero-riscy-a-1-c2,zero-riscy,2.0,42102,42428,168527,3,173924.6875,3.9720702171325684,1479,9.434398201780314e-05
zero-riscy-a-1-c20,zero-riscy,20.0,41405,41787,167258,3,173381.375,4.0026326179504395,1479,9.667026681887763e-05
zero-riscy-a-1-c5,zero-riscy,5.0,41406,41788,167260,3,173383.609375,4.002584457397461,1479,9.666677471892185e-05
zero-riscy-a-2-c2,zero-riscy,2.0,42105,42430,168725,4,208297.0625,3.9765496253967285,1479,9.444364353697197e-05
zero-riscy-a-2-c20,zero-riscy,20.0,41408,41789,167456,4,207753.734375,4.007178783416748,1479,9.677306130899833e-05
zero-riscy-a-2-c5,zero-riscy,5.0,41409,41790,167458,4,207755.9375,4.007131099700928,1479,9.676956440768984e-05
zero-riscy-a-3-c2,zero-riscy,2.0,42108,42463,168923,5,242669.421875,3.9781222343444824,1479,9.447425975715366e-05
zero-riscy-a-3-c20,zero-riscy,20.0,41411,41822,167654,5,242126.109375,4.008751392364502,1479,9.680402247891787e-05
zero-riscy-a-3-c5,zero-riscy,5.0,41412,41823,167656,5,242128.3125,4.008703231811523,1479,9.680052509053836e-05
zero-riscy-b-1-c2,zero-riscy,2.0,20954,22612,82433,13,175043.5,3.6455421447753906,303,0.00017397834255930214
zero-riscy-b-1-c20,zero-riscy,20.0,19946,21663,80422,13,174739.234375,3.7124128341674805,303,0.00018612317606890032
zero-riscy-b-1-c5,zero-riscy,5.0,19915,21632,80360,13,174376.5,3.714866876602173,303,0.0001865361217125446
zero-riscy-b-2-c2,zero-riscy,2.0,20957,22614,82631,14,209415.84375,3.653975486755371,304,0.0001743558435587483
zero-riscy-b-2-c20,zero-riscy,20.0,19949,21665,80620,14,209111.59375,3.7212092876434326,304,0.00018653613332969763
zero-riscy-b-2-c5,zero-riscy,5.0,19918,21634,80558,14,208748.84375,3.7236757278442383,304,0.0001869502809350453
zero-riscy-b-3-c2,zero-riscy,2.0,20960,22647,82829,15,243788.21875,3.6573939323425293,305,0.00017449398450901103
zero-riscy-b-3-c20,zero-riscy,20.0,19952,21698,80818,15,243483.90625,3.724675178527832,305,0.0001866817905604107
zero-riscy-b-3-c5,zero-riscy,5.0,19921,21667,80756,15,243121.203125,3.727142572402954,305,0.00018709616281028575
