design_id,sample_id,placement_variant,num_placed_instances,graph_instances,graph_nets,cell_connectivity_edges,cell_name_overlap_ratio,mean_edge_length_gcells,estimated_proxy_hpwl_gcells,hpwl_proxy_status
RISCY-FPU-b-2-c20,6630,u0.7-m1-p1-f1,45084,44983,48204,1058414,0.9638,17.28,9146213.87,FEASIBLE_AS_PROXY_ONLY
zero-riscy-b-2-c5,9716,u0.7-m1-p1-f0,19737,19918,21634,581364,0.9276,18.88,5489238.89,FEASIBLE_AS_PROXY_ONLY
zero-riscy-b-3-c20,10268,u0.7-m1-p1-f1,19947,19952,21698,585514,0.9277,13.64,3991926.77,FEASIBLE_AS_PROXY_ONLY
zero-riscy-b-1-c5,9369,u0.7-m1-p1-f0,19827,19915,21632,581068,0.9285,15.2,4416675.52,FEASIBLE_AS_PROXY_ONLY
RISCY-FPU-b-3-c5,6799,u0.7-m1-p1-f0,47017,46257,49528,1041312,0.9573,16.69,8687525.36,FEASIBLE_AS_PROXY_ONLY
RISCY-b-2-c2,2701,u0.7-m1-p1-f0,31870,31168,33570,877216,0.9232,17.11,7503839.56,FEASIBLE_AS_PROXY_ONLY
RISCY-b-1-c5,2253,u0.7-m1-p1-f0,29726,29752,32290,897040,0.9449,18.43,8265794.32,FEASIBLE_AS_PROXY_ONLY
RISCY-b-1-c20,2487,u0.7-m1-p1-f0,29364,29767,32305,867802,0.9473,17.22,7472217.11,FEASIBLE_AS_PROXY_ONLY
RISCY-b-3-c20,3779,u0.7-m1-p1-f0,30059,29773,32340,868550,0.9473,20.24,8789400.41,FEASIBLE_AS_PROXY_ONLY
RISCY-a-2-c20,1198,u0.7-m1-p2-f0,49980,52258,53460,1226364,0.9391,14.47,8874012.89,FEASIBLE_AS_PROXY_ONLY
