def_filename,def_id,design_key,utilization_u,param_m,param_p,param_f,design_name_def,version,units_distance_microns,die_llx,die_lly,die_urx,die_ury,die_width_um,die_height_um,die_area_sq_um,components_count,nets_count,pins_count,specialnets_count,rows_count,parse_status
1-RISCY-a-1-c2-u0.7-m1-p1-f0.def,1,RISCY-a-1-c2,0.7,m1,p1,f0,pulpino_top,5.8,2000,0,0,1167600,1165800,583.8,582.9,340297.02,52147,55401,563,2,498,OK
10-RISCY-a-1-c2-u0.7-m2-p2-f0.def,10,RISCY-a-1-c2,0.7,m2,p2,f0,pulpino_top,5.8,2000,0,0,1167600,1165800,583.8,582.9,340297.02,52108,55362,563,2,498,OK
100-RISCY-a-1-c2-u0.85-m2-p3-f0.def,100,RISCY-a-1-c2,0.85,m2,p3,f0,pulpino_top,5.8,2000,0,0,1070580,1069200,535.29,534.6,286166.03,52099,55355,563,2,452,OK
101-RISCY-a-1-c2-u0.85-m2-p4-f0.def,101,RISCY-a-1-c2,0.85,m2,p4,f0,pulpino_top,5.8,2000,0,0,1070580,1069200,535.29,534.6,286166.03,52113,55369,563,2,452,OK
102-RISCY-a-1-c2-u0.85-m2-p5-f0.def,102,RISCY-a-1-c2,0.85,m2,p5,f0,pulpino_top,5.8,2000,0,0,1070580,1069200,535.29,534.6,286166.03,52100,55349,563,2,452,OK
103-RISCY-a-1-c2-u0.85-m2-p6-f0.def,103,RISCY-a-1-c2,0.85,m2,p6,f0,pulpino_top,5.8,2000,0,0,1070580,1069200,535.29,534.6,286166.03,52084,55342,563,2,452,OK
104-RISCY-a-1-c2-u0.85-m2-p7-f0.def,104,RISCY-a-1-c2,0.85,m2,p7,f0,pulpino_top,5.8,2000,0,0,1070580,1069200,535.29,534.6,286166.03,52195,55446,563,2,452,OK
105-RISCY-a-1-c2-u0.85-m2-p8-f0.def,105,RISCY-a-1-c2,0.85,m2,p8,f0,pulpino_top,5.8,2000,0,0,1070580,1069200,535.29,534.6,286166.03,52068,55321,563,2,452,OK
106-RISCY-a-1-c2-u0.85-m3-p1-f0.def,106,RISCY-a-1-c2,0.85,m3,p1,f0,pulpino_top,5.8,2000,0,0,1070580,1069200,535.29,534.6,286166.03,52289,55547,563,2,452,OK
107-RISCY-a-1-c2-u0.85-m3-p4-f0.def,107,RISCY-a-1-c2,0.85,m3,p4,f0,pulpino_top,5.8,2000,0,0,1070580,1069200,535.29,534.6,286166.03,52324,55580,563,2,452,OK
108-RISCY-a-1-c2-u0.85-m3-p5-f0.def,108,RISCY-a-1-c2,0.85,m3,p5,f0,pulpino_top,5.8,2000,0,0,1070580,1069200,535.29,534.6,286166.03,52118,55374,563,2,452,OK
109-RISCY-a-1-c2-u0.85-m3-p6-f0.def,109,RISCY-a-1-c2,0.85,m3,p6,f0,pulpino_top,5.8,2000,0,0,1070580,1069200,535.29,534.6,286166.03,52242,55499,563,2,452,OK
11-RISCY-a-1-c2-u0.7-m2-p3-f0.def,11,RISCY-a-1-c2,0.7,m2,p3,f0,pulpino_top,5.8,2000,0,0,1167600,1165800,583.8,582.9,340297.02,52135,55385,563,2,498,OK
110-RISCY-a-1-c2-u0.85-m3-p7-f0.def,110,RISCY-a-1-c2,0.85,m3,p7,f0,pulpino_top,5.8,2000,0,0,1070580,1069200,535.29,534.6,286166.03,52328,55584,563,2,452,OK
111-RISCY-a-1-c2-u0.85-m3-p8-f0.def,111,RISCY-a-1-c2,0.85,m3,p8,f0,pulpino_top,5.8,2000,0,0,1070580,1069200,535.29,534.6,286166.03,52179,55433,563,2,452,OK
112-RISCY-a-1-c2-u0.85-m4-p1-f0.def,112,RISCY-a-1-c2,0.85,m4,p1,f0,pulpino_top,5.8,2000,0,0,1070580,1069200,535.29,534.6,286166.03,52161,55413,563,2,452,OK
113-RISCY-a-1-c2-u0.85-m4-p2-f0.def,113,RISCY-a-1-c2,0.85,m4,p2,f0,pulpino_top,5.8,2000,0,0,1070580,1069200,535.29,534.6,286166.03,52092,55345,563,2,452,OK
114-RISCY-a-1-c2-u0.85-m4-p3-f0.def,114,RISCY-a-1-c2,0.85,m4,p3,f0,pulpino_top,5.8,2000,0,0,1070580,1069200,535.29,534.6,286166.03,52191,55446,563,2,452,OK
115-RISCY-a-1-c2-u0.85-m4-p4-f0.def,115,RISCY-a-1-c2,0.85,m4,p4,f0,pulpino_top,5.8,2000,0,0,1070580,1069200,535.29,534.6,286166.03,52228,55482,563,2,452,OK
116-RISCY-a-1-c2-u0.85-m4-p5-f0.def,116,RISCY-a-1-c2,0.85,m4,p5,f0,pulpino_top,5.8,2000,0,0,1070580,1069200,535.29,534.6,286166.03,52172,55426,563,2,452,OK
117-RISCY-a-1-c2-u0.85-m4-p6-f0.def,117,RISCY-a-1-c2,0.85,m4,p6,f0,pulpino_top,5.8,2000,0,0,1070580,1069200,535.29,534.6,286166.03,52151,55408,563,2,452,OK
118-RISCY-a-1-c2-u0.85-m4-p7-f0.def,118,RISCY-a-1-c2,0.85,m4,p7,f0,pulpino_top,5.8,2000,0,0,1070580,1069200,535.29,534.6,286166.03,52172,55428,563,2,452,OK
119-RISCY-a-1-c2-u0.85-m4-p8-f0.def,119,RISCY-a-1-c2,0.85,m4,p8,f0,pulpino_top,5.8,2000,0,0,1070580,1069200,535.29,534.6,286166.03,52188,55440,563,2,452,OK
12-RISCY-a-1-c2-u0.7-m2-p5-f0.def,12,RISCY-a-1-c2,0.7,m2,p5,f0,pulpino_top,5.8,2000,0,0,1167600,1165800,583.8,582.9,340297.02,52037,55289,563,2,498,OK
120-RISCY-a-1-c2-u0.9-m1-p1-f0.def,120,RISCY-a-1-c2,0.9,m1,p1,f0,pulpino_top,5.8,2000,0,0,1044540,1041900,522.27,520.95,272076.56,52005,55265,563,2,439,OK
121-RISCY-a-1-c2-u0.9-m1-p2-f0.def,121,RISCY-a-1-c2,0.9,m1,p2,f0,pulpino_top,5.8,2000,0,0,1044540,1041900,522.27,520.95,272076.56,51944,55204,563,2,439,OK
122-RISCY-a-1-c2-u0.9-m1-p3-f0.def,122,RISCY-a-1-c2,0.9,m1,p3,f0,pulpino_top,5.8,2000,0,0,1044540,1041900,522.27,520.95,272076.56,52019,55279,563,2,439,OK
123-RISCY-a-1-c2-u0.9-m1-p4-f0.def,123,RISCY-a-1-c2,0.9,m1,p4,f0,pulpino_top,5.8,2000,0,0,1044540,1041900,522.27,520.95,272076.56,52007,55265,563,2,439,OK
124-RISCY-a-1-c2-u0.9-m1-p5-f0.def,124,RISCY-a-1-c2,0.9,m1,p5,f0,pulpino_top,5.8,2000,0,0,1044540,1041900,522.27,520.95,272076.56,51983,55242,563,2,439,OK
125-RISCY-a-1-c2-u0.9-m1-p6-f0.def,125,RISCY-a-1-c2,0.9,m1,p6,f0,pulpino_top,5.8,2000,0,0,1044540,1041900,522.27,520.95,272076.56,52132,55388,563,2,439,OK
126-RISCY-a-1-c2-u0.9-m1-p7-f0.def,126,RISCY-a-1-c2,0.9,m1,p7,f0,pulpino_top,5.8,2000,0,0,1044540,1041900,522.27,520.95,272076.56,52027,55287,563,2,439,OK
127-RISCY-a-1-c2-u0.9-m1-p8-f0.def,127,RISCY-a-1-c2,0.9,m1,p8,f0,pulpino_top,5.8,2000,0,0,1044540,1041900,522.27,520.95,272076.56,52014,55274,563,2,439,OK
128-RISCY-a-1-c2-u0.7-m1-p1-f1.def,128,RISCY-a-1-c2,0.7,m1,p1,f1,pulpino_top,5.8,2000,0,0,1167600,1165800,583.8,582.9,340297.02,52225,55479,563,2,498,OK
129-RISCY-a-1-c2-u0.7-m1-p2-f1.def,129,RISCY-a-1-c2,0.7,m1,p2,f1,pulpino_top,5.8,2000,0,0,1167600,1165800,583.8,582.9,340297.02,52155,55407,563,2,498,OK
13-RISCY-a-1-c2-u0.7-m2-p6-f0.def,13,RISCY-a-1-c2,0.7,m2,p6,f0,pulpino_top,5.8,2000,0,0,1167600,1165800,583.8,582.9,340297.02,52141,55395,563,2,498,OK
130-RISCY-a-1-c2-u0.7-m1-p3-f1.def,130,RISCY-a-1-c2,0.7,m1,p3,f1,pulpino_top,5.8,2000,0,0,1167600,1165800,583.8,582.9,340297.02,52171,55426,563,2,498,OK
131-RISCY-a-1-c2-u0.7-m1-p4-f1.def,131,RISCY-a-1-c2,0.7,m1,p4,f1,pulpino_top,5.8,2000,0,0,1167600,1165800,583.8,582.9,340297.02,52092,55347,563,2,498,OK
132-RISCY-a-1-c2-u0.7-m1-p5-f1.def,132,RISCY-a-1-c2,0.7,m1,p5,f1,pulpino_top,5.8,2000,0,0,1167600,1165800,583.8,582.9,340297.02,52175,55429,563,2,498,OK
133-RISCY-a-1-c2-u0.7-m1-p6-f1.def,133,RISCY-a-1-c2,0.7,m1,p6,f1,pulpino_top,5.8,2000,0,0,1167600,1165800,583.8,582.9,340297.02,52208,55461,563,2,498,OK
134-RISCY-a-1-c2-u0.7-m1-p7-f1.def,134,RISCY-a-1-c2,0.7,m1,p7,f1,pulpino_top,5.8,2000,0,0,1167600,1165800,583.8,582.9,340297.02,52279,55534,563,2,498,OK
135-RISCY-a-1-c2-u0.7-m1-p8-f1.def,135,RISCY-a-1-c2,0.7,m1,p8,f1,pulpino_top,5.8,2000,0,0,1167600,1165800,583.8,582.9,340297.02,52191,55446,563,2,498,OK
136-RISCY-a-1-c2-u0.7-m2-p1-f1.def,136,RISCY-a-1-c2,0.7,m2,p1,f1,pulpino_top,5.8,2000,0,0,1167600,1165800,583.8,582.9,340297.02,52337,55590,563,2,498,OK
137-RISCY-a-1-c2-u0.7-m2-p2-f1.def,137,RISCY-a-1-c2,0.7,m2,p2,f1,pulpino_top,5.8,2000,0,0,1167600,1165800,583.8,582.9,340297.02,52288,55541,563,2,498,OK
138-RISCY-a-1-c2-u0.7-m2-p3-f1.def,138,RISCY-a-1-c2,0.7,m2,p3,f1,pulpino_top,5.8,2000,0,0,1167600,1165800,583.8,582.9,340297.02,52225,55479,563,2,498,OK
139-RISCY-a-1-c2-u0.7-m2-p4-f1.def,139,RISCY-a-1-c2,0.7,m2,p4,f1,pulpino_top,5.8,2000,0,0,1167600,1165800,583.8,582.9,340297.02,52304,55557,563,2,498,OK
14-RISCY-a-1-c2-u0.7-m2-p7-f0.def,14,RISCY-a-1-c2,0.7,m2,p7,f0,pulpino_top,5.8,2000,0,0,1167600,1165800,583.8,582.9,340297.02,52214,55469,563,2,498,OK
140-RISCY-a-1-c2-u0.7-m2-p5-f1.def,140,RISCY-a-1-c2,0.7,m2,p5,f1,pulpino_top,5.8,2000,0,0,1167600,1165800,583.8,582.9,340297.02,52211,55466,563,2,498,OK
141-RISCY-a-1-c2-u0.7-m2-p6-f1.def,141,RISCY-a-1-c2,0.7,m2,p6,f1,pulpino_top,5.8,2000,0,0,1167600,1165800,583.8,582.9,340297.02,52238,55493,563,2,498,OK
142-RISCY-a-1-c2-u0.7-m2-p7-f1.def,142,RISCY-a-1-c2,0.7,m2,p7,f1,pulpino_top,5.8,2000,0,0,1167600,1165800,583.8,582.9,340297.02,52301,55554,563,2,498,OK
143-RISCY-a-1-c2-u0.7-m2-p8-f1.def,143,RISCY-a-1-c2,0.7,m2,p8,f1,pulpino_top,5.8,2000,0,0,1167600,1165800,583.8,582.9,340297.02,52237,55491,563,2,498,OK
144-RISCY-a-1-c2-u0.7-m3-p1-f1.def,144,RISCY-a-1-c2,0.7,m3,p1,f1,pulpino_top,5.8,2000,0,0,1167600,1165800,583.8,582.9,340297.02,52354,55608,563,2,498,OK
145-RISCY-a-1-c2-u0.7-m3-p2-f1.def,145,RISCY-a-1-c2,0.7,m3,p2,f1,pulpino_top,5.8,2000,0,0,1167600,1165800,583.8,582.9,340297.02,52427,55680,563,2,498,OK
146-RISCY-a-1-c2-u0.7-m3-p3-f1.def,146,RISCY-a-1-c2,0.7,m3,p3,f1,pulpino_top,5.8,2000,0,0,1167600,1165800,583.8,582.9,340297.02,52282,55538,563,2,498,OK
147-RISCY-a-1-c2-u0.7-m3-p4-f1.def,147,RISCY-a-1-c2,0.7,m3,p4,f1,pulpino_top,5.8,2000,0,0,1167600,1165800,583.8,582.9,340297.02,52350,55605,563,2,498,OK
148-RISCY-a-1-c2-u0.7-m3-p5-f1.def,148,RISCY-a-1-c2,0.7,m3,p5,f1,pulpino_top,5.8,2000,0,0,1167600,1165800,583.8,582.9,340297.02,52206,55461,563,2,498,OK
149-RISCY-a-1-c2-u0.7-m3-p6-f1.def,149,RISCY-a-1-c2,0.7,m3,p6,f1,pulpino_top,5.8,2000,0,0,1167600,1165800,583.8,582.9,340297.02,52272,55527,563,2,498,OK
15-RISCY-a-1-c2-u0.7-m2-p8-f0.def,15,RISCY-a-1-c2,0.7,m2,p8,f0,pulpino_top,5.8,2000,0,0,1167600,1165800,583.8,582.9,340297.02,52198,55452,563,2,498,OK
150-RISCY-a-1-c2-u0.7-m3-p7-f1.def,150,RISCY-a-1-c2,0.7,m3,p7,f1,pulpino_top,5.8,2000,0,0,1167600,1165800,583.8,582.9,340297.02,52466,55720,563,2,498,OK
151-RISCY-a-1-c2-u0.7-m3-p8-f1.def,151,RISCY-a-1-c2,0.7,m3,p8,f1,pulpino_top,5.8,2000,0,0,1167600,1165800,583.8,582.9,340297.02,52172,55428,563,2,498,OK
152-RISCY-a-1-c2-u0.75-m1-p1-f1.def,152,RISCY-a-1-c2,0.75,m1,p1,f1,pulpino_top,5.8,2000,0,0,1132320,1130100,566.16,565.05,319908.71,52207,55462,563,2,481,OK
153-RISCY-a-1-c2-u0.75-m1-p2-f1.def,153,RISCY-a-1-c2,0.75,m1,p2,f1,pulpino_top,5.8,2000,0,0,1132320,1130100,566.16,565.05,319908.71,52227,55481,563,2,481,OK
154-RISCY-a-1-c2-u0.75-m1-p3-f1.def,154,RISCY-a-1-c2,0.75,m1,p3,f1,pulpino_top,5.8,2000,0,0,1132320,1130100,566.16,565.05,319908.71,52207,55460,563,2,481,OK
155-RISCY-a-1-c2-u0.75-m1-p4-f1.def,155,RISCY-a-1-c2,0.75,m1,p4,f1,pulpino_top,5.8,2000,0,0,1132320,1130100,566.16,565.05,319908.71,52291,55544,563,2,481,OK
156-RISCY-a-1-c2-u0.75-m1-p5-f1.def,156,RISCY-a-1-c2,0.75,m1,p5,f1,pulpino_top,5.8,2000,0,0,1132320,1130100,566.16,565.05,319908.71,52134,55388,563,2,481,OK
157-RISCY-a-1-c2-u0.75-m1-p6-f1.def,157,RISCY-a-1-c2,0.75,m1,p6,f1,pulpino_top,5.8,2000,0,0,1132320,1130100,566.16,565.05,319908.71,52269,55522,563,2,481,OK
158-RISCY-a-1-c2-u0.75-m1-p7-f1.def,158,RISCY-a-1-c2,0.75,m1,p7,f1,pulpino_top,5.8,2000,0,0,1132320,1130100,566.16,565.05,319908.71,52352,55601,563,2,481,OK
159-RISCY-a-1-c2-u0.75-m1-p8-f1.def,159,RISCY-a-1-c2,0.75,m1,p8,f1,pulpino_top,5.8,2000,0,0,1132320,1130100,566.16,565.05,319908.71,52305,55558,563,2,481,OK
16-RISCY-a-1-c2-u0.7-m3-p1-f0.def,16,RISCY-a-1-c2,0.7,m3,p1,f0,pulpino_top,5.8,2000,0,0,1167600,1165800,583.8,582.9,340297.02,52199,55454,563,2,498,OK
160-RISCY-a-1-c2-u0.75-m2-p1-f1.def,160,RISCY-a-1-c2,0.75,m2,p1,f1,pulpino_top,5.8,2000,0,0,1132320,1130100,566.16,565.05,319908.71,52224,55476,563,2,481,OK
161-RISCY-a-1-c2-u0.75-m2-p2-f1.def,161,RISCY-a-1-c2,0.75,m2,p2,f1,pulpino_top,5.8,2000,0,0,1132320,1130100,566.16,565.05,319908.71,52273,55525,563,2,481,OK
162-RISCY-a-1-c2-u0.75-m2-p3-f1.def,162,RISCY-a-1-c2,0.75,m2,p3,f1,pulpino_top,5.8,2000,0,0,1132320,1130100,566.16,565.05,319908.71,52353,55603,563,2,481,OK
163-RISCY-a-1-c2-u0.75-m2-p4-f1.def,163,RISCY-a-1-c2,0.75,m2,p4,f1,pulpino_top,5.8,2000,0,0,1132320,1130100,566.16,565.05,319908.71,52236,55487,563,2,481,OK
164-RISCY-a-1-c2-u0.75-m2-p5-f1.def,164,RISCY-a-1-c2,0.75,m2,p5,f1,pulpino_top,5.8,2000,0,0,1132320,1130100,566.16,565.05,319908.71,52203,55456,563,2,481,OK
165-RISCY-a-1-c2-u0.75-m2-p6-f1.def,165,RISCY-a-1-c2,0.75,m2,p6,f1,pulpino_top,5.8,2000,0,0,1132320,1130100,566.16,565.05,319908.71,52192,55446,563,2,481,OK
166-RISCY-a-1-c2-u0.75-m2-p7-f1.def,166,RISCY-a-1-c2,0.75,m2,p7,f1,pulpino_top,5.8,2000,0,0,1132320,1130100,566.16,565.05,319908.71,52213,55468,563,2,481,OK
167-RISCY-a-1-c2-u0.75-m2-p8-f1.def,167,RISCY-a-1-c2,0.75,m2,p8,f1,pulpino_top,5.8,2000,0,0,1132320,1130100,566.16,565.05,319908.71,52220,55469,563,2,481,OK
168-RISCY-a-1-c2-u0.75-m3-p1-f1.def,168,RISCY-a-1-c2,0.75,m3,p1,f1,pulpino_top,5.8,2000,0,0,1132320,1130100,566.16,565.05,319908.71,52115,55373,563,2,481,OK
169-RISCY-a-1-c2-u0.75-m3-p2-f1.def,169,RISCY-a-1-c2,0.75,m3,p2,f1,pulpino_top,5.8,2000,0,0,1132320,1130100,566.16,565.05,319908.71,52199,55456,563,2,481,OK
17-RISCY-a-1-c2-u0.7-m3-p4-f0.def,17,RISCY-a-1-c2,0.7,m3,p4,f0,pulpino_top,5.8,2000,0,0,1167600,1165800,583.8,582.9,340297.02,52138,55393,563,2,498,OK
170-RISCY-a-1-c2-u0.75-m3-p3-f1.def,170,RISCY-a-1-c2,0.75,m3,p3,f1,pulpino_top,5.8,2000,0,0,1132320,1130100,566.16,565.05,319908.71,52304,55559,563,2,481,OK
171-RISCY-a-1-c2-u0.75-m3-p4-f1.def,171,RISCY-a-1-c2,0.75,m3,p4,f1,pulpino_top,5.8,2000,0,0,1132320,1130100,566.16,565.05,319908.71,52324,55573,563,2,481,OK
172-RISCY-a-1-c2-u0.75-m3-p5-f1.def,172,RISCY-a-1-c2,0.75,m3,p5,f1,pulpino_top,5.8,2000,0,0,1132320,1130100,566.16,565.05,319908.71,52227,55481,563,2,481,OK
173-RISCY-a-1-c2-u0.75-m3-p6-f1.def,173,RISCY-a-1-c2,0.75,m3,p6,f1,pulpino_top,5.8,2000,0,0,1132320,1130100,566.16,565.05,319908.71,52207,55462,563,2,481,OK
174-RISCY-a-1-c2-u0.75-m3-p7-f1.def,174,RISCY-a-1-c2,0.75,m3,p7,f1,pulpino_top,5.8,2000,0,0,1132320,1130100,566.16,565.05,319908.71,52304,55557,563,2,481,OK
175-RISCY-a-1-c2-u0.75-m3-p8-f1.def,175,RISCY-a-1-c2,0.75,m3,p8,f1,pulpino_top,5.8,2000,0,0,1132320,1130100,566.16,565.05,319908.71,52151,55406,563,2,481,OK
176-RISCY-a-1-c2-u0.8-m1-p1-f1.def,176,RISCY-a-1-c2,0.8,m1,p1,f1,pulpino_top,5.8,2000,0,0,1099980,1098600,549.99,549.3,302109.51,51963,55217,563,2,466,OK
177-RISCY-a-1-c2-u0.8-m1-p2-f1.def,177,RISCY-a-1-c2,0.8,m1,p2,f1,pulpino_top,5.8,2000,0,0,1099980,1098600,549.99,549.3,302109.51,52016,55270,563,2,466,OK
178-RISCY-a-1-c2-u0.8-m1-p3-f1.def,178,RISCY-a-1-c2,0.8,m1,p3,f1,pulpino_top,5.8,2000,0,0,1099980,1098600,549.99,549.3,302109.51,52063,55318,563,2,466,OK
179-RISCY-a-1-c2-u0.8-m1-p4-f1.def,179,RISCY-a-1-c2,0.8,m1,p4,f1,pulpino_top,5.8,2000,0,0,1099980,1098600,549.99,549.3,302109.51,52128,55379,563,2,466,OK
18-RISCY-a-1-c2-u0.7-m3-p5-f0.def,18,RISCY-a-1-c2,0.7,m3,p5,f0,pulpino_top,5.8,2000,0,0,1167600,1165800,583.8,582.9,340297.02,52205,55459,563,2,498,OK
180-RISCY-a-1-c2-u0.8-m1-p5-f1.def,180,RISCY-a-1-c2,0.8,m1,p5,f1,pulpino_top,5.8,2000,0,0,1099980,1098600,549.99,549.3,302109.51,52055,55307,563,2,466,OK
181-RISCY-a-1-c2-u0.8-m1-p6-f1.def,181,RISCY-a-1-c2,0.8,m1,p6,f1,pulpino_top,5.8,2000,0,0,1099980,1098600,549.99,549.3,302109.51,52054,55309,563,2,466,OK
182-RISCY-a-1-c2-u0.8-m1-p7-f1.def,182,RISCY-a-1-c2,0.8,m1,p7,f1,pulpino_top,5.8,2000,0,0,1099980,1098600,549.99,549.3,302109.51,52003,55257,563,2,466,OK
183-RISCY-a-1-c2-u0.8-m1-p8-f1.def,183,RISCY-a-1-c2,0.8,m1,p8,f1,pulpino_top,5.8,2000,0,0,1099980,1098600,549.99,549.3,302109.51,52124,55375,563,2,466,OK
184-RISCY-a-1-c2-u0.8-m2-p1-f1.def,184,RISCY-a-1-c2,0.8,m2,p1,f1,pulpino_top,5.8,2000,0,0,1099980,1098600,549.99,549.3,302109.51,52133,55388,563,2,466,OK
185-RISCY-a-1-c2-u0.8-m2-p2-f1.def,185,RISCY-a-1-c2,0.8,m2,p2,f1,pulpino_top,5.8,2000,0,0,1099980,1098600,549.99,549.3,302109.51,52355,55609,563,2,466,OK
186-RISCY-a-1-c2-u0.8-m2-p3-f1.def,186,RISCY-a-1-c2,0.8,m2,p3,f1,pulpino_top,5.8,2000,0,0,1099980,1098600,549.99,549.3,302109.51,52038,55292,563,2,466,OK
187-RISCY-a-1-c2-u0.8-m2-p4-f1.def,187,RISCY-a-1-c2,0.8,m2,p4,f1,pulpino_top,5.8,2000,0,0,1099980,1098600,549.99,549.3,302109.51,52117,55372,563,2,466,OK
188-RISCY-a-1-c2-u0.8-m2-p5-f1.def,188,RISCY-a-1-c2,0.8,m2,p5,f1,pulpino_top,5.8,2000,0,0,1099980,1098600,549.99,549.3,302109.51,52109,55361,563,2,466,OK
189-RISCY-a-1-c2-u0.8-m2-p6-f1.def,189,RISCY-a-1-c2,0.8,m2,p6,f1,pulpino_top,5.8,2000,0,0,1099980,1098600,549.99,549.3,302109.51,52137,55390,563,2,466,OK
19-RISCY-a-1-c2-u0.7-m3-p6-f0.def,19,RISCY-a-1-c2,0.7,m3,p6,f0,pulpino_top,5.8,2000,0,0,1167600,1165800,583.8,582.9,340297.02,52123,55378,563,2,498,OK
190-RISCY-a-1-c2-u0.8-m2-p7-f1.def,190,RISCY-a-1-c2,0.8,m2,p7,f1,pulpino_top,5.8,2000,0,0,1099980,1098600,549.99,549.3,302109.51,52231,55483,563,2,466,OK
191-RISCY-a-1-c2-u0.8-m2-p8-f1.def,191,RISCY-a-1-c2,0.8,m2,p8,f1,pulpino_top,5.8,2000,0,0,1099980,1098600,549.99,549.3,302109.51,52254,55507,563,2,466,OK
192-RISCY-a-1-c2-u0.8-m3-p1-f1.def,192,RISCY-a-1-c2,0.8,m3,p1,f1,pulpino_top,5.8,2000,0,0,1099980,1098600,549.99,549.3,302109.51,52087,55347,563,2,466,OK
193-RISCY-a-1-c2-u0.8-m3-p2-f1.def,193,RISCY-a-1-c2,0.8,m3,p2,f1,pulpino_top,5.8,2000,0,0,1099980,1098600,549.99,549.3,302109.51,52226,55475,563,2,466,OK
194-RISCY-a-1-c2-u0.8-m3-p3-f1.def,194,RISCY-a-1-c2,0.8,m3,p3,f1,pulpino_top,5.8,2000,0,0,1099980,1098600,549.99,549.3,302109.51,52202,55457,563,2,466,OK
195-RISCY-a-1-c2-u0.8-m3-p4-f1.def,195,RISCY-a-1-c2,0.8,m3,p4,f1,pulpino_top,5.8,2000,0,0,1099980,1098600,549.99,549.3,302109.51,52200,55447,563,2,466,OK
196-RISCY-a-1-c2-u0.8-m3-p5-f1.def,196,RISCY-a-1-c2,0.8,m3,p5,f1,pulpino_top,5.8,2000,0,0,1099980,1098600,549.99,549.3,302109.51,52150,55409,563,2,466,OK
197-RISCY-a-1-c2-u0.8-m3-p6-f1.def,197,RISCY-a-1-c2,0.8,m3,p6,f1,pulpino_top,5.8,2000,0,0,1099980,1098600,549.99,549.3,302109.51,52257,55512,563,2,466,OK
198-RISCY-a-1-c2-u0.8-m3-p7-f1.def,198,RISCY-a-1-c2,0.8,m3,p7,f1,pulpino_top,5.8,2000,0,0,1099980,1098600,549.99,549.3,302109.51,52127,55386,563,2,466,OK
199-RISCY-a-1-c2-u0.8-m3-p8-f1.def,199,RISCY-a-1-c2,0.8,m3,p8,f1,pulpino_top,5.8,2000,0,0,1099980,1098600,549.99,549.3,302109.51,52156,55411,563,2,466,OK
2-RISCY-a-1-c2-u0.7-m1-p2-f0.def,2,RISCY-a-1-c2,0.7,m1,p2,f0,pulpino_top,5.8,2000,0,0,1167600,1165800,583.8,582.9,340297.02,52265,55519,563,2,498,OK
20-RISCY-a-1-c2-u0.7-m3-p7-f0.def,20,RISCY-a-1-c2,0.7,m3,p7,f0,pulpino_top,5.8,2000,0,0,1167600,1165800,583.8,582.9,340297.02,52199,55455,563,2,498,OK
200-RISCY-a-1-c2-u0.85-m1-p1-f1.def,200,RISCY-a-1-c2,0.85,m1,p1,f1,pulpino_top,5.8,2000,0,0,1070580,1069200,535.29,534.6,286166.03,52028,55283,563,2,452,OK
201-RISCY-a-1-c2-u0.85-m1-p2-f1.def,201,RISCY-a-1-c2,0.85,m1,p2,f1,pulpino_top,5.8,2000,0,0,1070580,1069200,535.29,534.6,286166.03,52083,55336,563,2,452,OK
202-RISCY-a-1-c2-u0.85-m1-p3-f1.def,202,RISCY-a-1-c2,0.85,m1,p3,f1,pulpino_top,5.8,2000,0,0,1070580,1069200,535.29,534.6,286166.03,52116,55366,563,2,452,OK
203-RISCY-a-1-c2-u0.85-m1-p4-f1.def,203,RISCY-a-1-c2,0.85,m1,p4,f1,pulpino_top,5.8,2000,0,0,1070580,1069200,535.29,534.6,286166.03,52117,55370,563,2,452,OK
204-RISCY-a-1-c2-u0.85-m1-p5-f1.def,204,RISCY-a-1-c2,0.85,m1,p5,f1,pulpino_top,5.8,2000,0,0,1070580,1069200,535.29,534.6,286166.03,52102,55355,563,2,452,OK
205-RISCY-a-1-c2-u0.85-m1-p6-f1.def,205,RISCY-a-1-c2,0.85,m1,p6,f1,pulpino_top,5.8,2000,0,0,1070580,1069200,535.29,534.6,286166.03,52049,55301,563,2,452,OK
206-RISCY-a-1-c2-u0.85-m1-p7-f1.def,206,RISCY-a-1-c2,0.85,m1,p7,f1,pulpino_top,5.8,2000,0,0,1070580,1069200,535.29,534.6,286166.03,52102,55355,563,2,452,OK
207-RISCY-a-1-c2-u0.85-m1-p8-f1.def,207,RISCY-a-1-c2,0.85,m1,p8,f1,pulpino_top,5.8,2000,0,0,1070580,1069200,535.29,534.6,286166.03,52056,55309,563,2,452,OK
208-RISCY-a-1-c2-u0.85-m2-p1-f1.def,208,RISCY-a-1-c2,0.85,m2,p1,f1,pulpino_top,5.8,2000,0,0,1070580,1069200,535.29,534.6,286166.03,52297,55545,563,2,452,OK
209-RISCY-a-1-c2-u0.85-m2-p2-f1.def,209,RISCY-a-1-c2,0.85,m2,p2,f1,pulpino_top,5.8,2000,0,0,1070580,1069200,535.29,534.6,286166.03,52161,55415,563,2,452,OK
21-RISCY-a-1-c2-u0.7-m3-p8-f0.def,21,RISCY-a-1-c2,0.7,m3,p8,f0,pulpino_top,5.8,2000,0,0,1167600,1165800,583.8,582.9,340297.02,52113,55368,563,2,498,OK
210-RISCY-a-1-c2-u0.85-m2-p3-f1.def,210,RISCY-a-1-c2,0.85,m2,p3,f1,pulpino_top,5.8,2000,0,0,1070580,1069200,535.29,534.6,286166.03,52233,55485,563,2,452,OK
211-RISCY-a-1-c2-u0.85-m2-p4-f1.def,211,RISCY-a-1-c2,0.85,m2,p4,f1,pulpino_top,5.8,2000,0,0,1070580,1069200,535.29,534.6,286166.03,52048,55300,563,2,452,OK
212-RISCY-a-1-c2-u0.85-m2-p5-f1.def,212,RISCY-a-1-c2,0.85,m2,p5,f1,pulpino_top,5.8,2000,0,0,1070580,1069200,535.29,534.6,286166.03,52107,55362,563,2,452,OK
213-RISCY-a-1-c2-u0.85-m2-p6-f1.def,213,RISCY-a-1-c2,0.85,m2,p6,f1,pulpino_top,5.8,2000,0,0,1070580,1069200,535.29,534.6,286166.03,52053,55307,563,2,452,OK
214-RISCY-a-1-c2-u0.85-m2-p7-f1.def,214,RISCY-a-1-c2,0.85,m2,p7,f1,pulpino_top,5.8,2000,0,0,1070580,1069200,535.29,534.6,286166.03,52135,55387,563,2,452,OK
215-RISCY-a-1-c2-u0.85-m2-p8-f1.def,215,RISCY-a-1-c2,0.85,m2,p8,f1,pulpino_top,5.8,2000,0,0,1070580,1069200,535.29,534.6,286166.03,52096,55351,563,2,452,OK
216-RISCY-a-1-c2-u0.85-m3-p1-f1.def,216,RISCY-a-1-c2,0.85,m3,p1,f1,pulpino_top,5.8,2000,0,0,1070580,1069200,535.29,534.6,286166.03,52103,55359,563,2,452,OK
217-RISCY-a-1-c2-u0.85-m3-p2-f1.def,217,RISCY-a-1-c2,0.85,m3,p2,f1,pulpino_top,5.8,2000,0,0,1070580,1069200,535.29,534.6,286166.03,52083,55339,563,2,452,OK
218-RISCY-a-1-c2-u0.85-m3-p3-f1.def,218,RISCY-a-1-c2,0.85,m3,p3,f1,pulpino_top,5.8,2000,0,0,1070580,1069200,535.29,534.6,286166.03,52175,55431,563,2,452,OK
219-RISCY-a-1-c2-u0.85-m3-p4-f1.def,219,RISCY-a-1-c2,0.85,m3,p4,f1,pulpino_top,5.8,2000,0,0,1070580,1069200,535.29,534.6,286166.03,52242,55492,563,2,452,OK
22-RISCY-a-1-c2-u0.7-m4-p1-f0.def,22,RISCY-a-1-c2,0.7,m4,p1,f0,pulpino_top,5.8,2000,0,0,1167600,1165800,583.8,582.9,340297.02,52251,55503,563,2,498,OK
220-RISCY-a-1-c2-u0.85-m3-p5-f1.def,220,RISCY-a-1-c2,0.85,m3,p5,f1,pulpino_top,5.8,2000,0,0,1070580,1069200,535.29,534.6,286166.03,52179,55432,563,2,452,OK
221-RISCY-a-1-c2-u0.85-m3-p6-f1.def,221,RISCY-a-1-c2,0.85,m3,p6,f1,pulpino_top,5.8,2000,0,0,1070580,1069200,535.29,534.6,286166.03,52224,55479,563,2,452,OK
222-RISCY-a-1-c2-u0.85-m3-p7-f1.def,222,RISCY-a-1-c2,0.85,m3,p7,f1,pulpino_top,5.8,2000,0,0,1070580,1069200,535.29,534.6,286166.03,52112,55367,563,2,452,OK
223-RISCY-a-1-c2-u0.85-m3-p8-f1.def,223,RISCY-a-1-c2,0.85,m3,p8,f1,pulpino_top,5.8,2000,0,0,1070580,1069200,535.29,534.6,286166.03,52173,55429,563,2,452,OK
224-RISCY-a-1-c2-u0.9-m1-p1-f1.def,224,RISCY-a-1-c2,0.9,m1,p1,f1,pulpino_top,5.8,2000,0,0,1044540,1041900,522.27,520.95,272076.56,52083,55336,563,2,439,OK
225-RISCY-a-1-c2-u0.9-m1-p2-f1.def,225,RISCY-a-1-c2,0.9,m1,p2,f1,pulpino_top,5.8,2000,0,0,1044540,1041900,522.27,520.95,272076.56,52030,55282,563,2,439,OK
226-RISCY-a-1-c2-u0.9-m1-p3-f1.def,226,RISCY-a-1-c2,0.9,m1,p3,f1,pulpino_top,5.8,2000,0,0,1044540,1041900,522.27,520.95,272076.56,52072,55329,563,2,439,OK
227-RISCY-a-1-c2-u0.9-m1-p4-f1.def,227,RISCY-a-1-c2,0.9,m1,p4,f1,pulpino_top,5.8,2000,0,0,1044540,1041900,522.27,520.95,272076.56,52156,55408,563,2,439,OK
228-RISCY-a-1-c2-u0.9-m1-p5-f1.def,228,RISCY-a-1-c2,0.9,m1,p5,f1,pulpino_top,5.8,2000,0,0,1044540,1041900,522.27,520.95,272076.56,52086,55341,563,2,439,OK
229-RISCY-a-1-c2-u0.9-m1-p6-f1.def,229,RISCY-a-1-c2,0.9,m1,p6,f1,pulpino_top,5.8,2000,0,0,1044540,1041900,522.27,520.95,272076.56,51984,55241,563,2,439,OK
23-RISCY-a-1-c2-u0.7-m4-p2-f0.def,23,RISCY-a-1-c2,0.7,m4,p2,f0,pulpino_top,5.8,2000,0,0,1167600,1165800,583.8,582.9,340297.02,52175,55428,563,2,498,OK
230-RISCY-a-1-c2-u0.9-m1-p7-f1.def,230,RISCY-a-1-c2,0.9,m1,p7,f1,pulpino_top,5.8,2000,0,0,1044540,1041900,522.27,520.95,272076.56,52123,55375,563,2,439,OK
231-RISCY-a-1-c2-u0.9-m1-p8-f1.def,231,RISCY-a-1-c2,0.9,m1,p8,f1,pulpino_top,5.8,2000,0,0,1044540,1041900,522.27,520.95,272076.56,51971,55227,563,2,439,OK
232-RISCY-a-1-c2-u0.9-m2-p1-f1.def,232,RISCY-a-1-c2,0.9,m2,p1,f1,pulpino_top,5.8,2000,0,0,1044540,1041900,522.27,520.95,272076.56,52248,55503,563,2,439,OK
233-RISCY-a-1-c2-u0.9-m2-p2-f1.def,233,RISCY-a-1-c2,0.9,m2,p2,f1,pulpino_top,5.8,2000,0,0,1044540,1041900,522.27,520.95,272076.56,52105,55357,563,2,439,OK
234-RISCY-a-1-c2-u0.9-m2-p3-f1.def,234,RISCY-a-1-c2,0.9,m2,p3,f1,pulpino_top,5.8,2000,0,0,1044540,1041900,522.27,520.95,272076.56,52061,55315,563,2,439,OK
235-RISCY-a-1-c2-u0.9-m2-p4-f1.def,235,RISCY-a-1-c2,0.9,m2,p4,f1,pulpino_top,5.8,2000,0,0,1044540,1041900,522.27,520.95,272076.56,52172,55425,563,2,439,OK
236-RISCY-a-1-c2-u0.9-m2-p5-f1.def,236,RISCY-a-1-c2,0.9,m2,p5,f1,pulpino_top,5.8,2000,0,0,1044540,1041900,522.27,520.95,272076.56,51998,55252,563,2,439,OK
237-RISCY-a-1-c2-u0.9-m2-p6-f1.def,237,RISCY-a-1-c2,0.9,m2,p6,f1,pulpino_top,5.8,2000,0,0,1044540,1041900,522.27,520.95,272076.56,52062,55312,563,2,439,OK
238-RISCY-a-1-c2-u0.9-m2-p7-f1.def,238,RISCY-a-1-c2,0.9,m2,p7,f1,pulpino_top,5.8,2000,0,0,1044540,1041900,522.27,520.95,272076.56,52107,55362,563,2,439,OK
239-RISCY-a-1-c2-u0.9-m2-p8-f1.def,239,RISCY-a-1-c2,0.9,m2,p8,f1,pulpino_top,5.8,2000,0,0,1044540,1041900,522.27,520.95,272076.56,52114,55372,563,2,439,OK
24-RISCY-a-1-c2-u0.7-m4-p3-f0.def,24,RISCY-a-1-c2,0.7,m4,p3,f0,pulpino_top,5.8,2000,0,0,1167600,1165800,583.8,582.9,340297.02,52300,55554,563,2,498,OK
240-RISCY-a-1-c2-u0.9-m3-p1-f1.def,240,RISCY-a-1-c2,0.9,m3,p1,f1,pulpino_top,5.8,2000,0,0,1044540,1041900,522.27,520.95,272076.56,52185,55440,563,2,439,OK
241-RISCY-a-1-c2-u0.9-m3-p2-f1.def,241,RISCY-a-1-c2,0.9,m3,p2,f1,pulpino_top,5.8,2000,0,0,1044540,1041900,522.27,520.95,272076.56,52216,55466,563,2,439,OK
242-RISCY-a-1-c2-u0.9-m3-p3-f1.def,242,RISCY-a-1-c2,0.9,m3,p3,f1,pulpino_top,5.8,2000,0,0,1044540,1041900,522.27,520.95,272076.56,52250,55508,563,2,439,OK
243-RISCY-a-1-c2-u0.9-m3-p4-f1.def,243,RISCY-a-1-c2,0.9,m3,p4,f1,pulpino_top,5.8,2000,0,0,1044540,1041900,522.27,520.95,272076.56,52327,55575,563,2,439,OK
244-RISCY-a-1-c2-u0.9-m3-p5-f1.def,244,RISCY-a-1-c2,0.9,m3,p5,f1,pulpino_top,5.8,2000,0,0,1044540,1041900,522.27,520.95,272076.56,52033,55291,563,2,439,OK
245-RISCY-a-1-c2-u0.9-m3-p6-f1.def,245,RISCY-a-1-c2,0.9,m3,p6,f1,pulpino_top,5.8,2000,0,0,1044540,1041900,522.27,520.95,272076.56,52196,55447,563,2,439,OK
246-RISCY-a-1-c2-u0.9-m3-p7-f1.def,246,RISCY-a-1-c2,0.9,m3,p7,f1,pulpino_top,5.8,2000,0,0,1044540,1041900,522.27,520.95,272076.56,52110,55365,563,2,439,OK
247-RISCY-a-1-c2-u0.9-m3-p8-f1.def,247,RISCY-a-1-c2,0.9,m3,p8,f1,pulpino_top,5.8,2000,0,0,1044540,1041900,522.27,520.95,272076.56,52152,55407,563,2,439,OK
248-RISCY-a-1-c5-u0.7-m1-p1-f0.def,248,RISCY-a-1-c5,0.7,m1,p1,f0,pulpino_top,5.8,2000,0,0,1165080,1163700,582.54,581.85,338950.9,49987,53302,563,2,497,OK
249-RISCY-a-1-c5-u0.7-m1-p2-f0.def,249,RISCY-a-1-c5,0.7,m1,p2,f0,pulpino_top,5.8,2000,0,0,1165080,1163700,582.54,581.85,338950.9,50046,53361,563,2,497,OK
25-RISCY-a-1-c2-u0.7-m4-p4-f0.def,25,RISCY-a-1-c2,0.7,m4,p4,f0,pulpino_top,5.8,2000,0,0,1167600,1165800,583.8,582.9,340297.02,52195,55447,563,2,498,OK
250-RISCY-a-1-c5-u0.7-m1-p3-f0.def,250,RISCY-a-1-c5,0.7,m1,p3,f0,pulpino_top,5.8,2000,0,0,1165080,1163700,582.54,581.85,338950.9,49941,53256,563,2,497,OK
251-RISCY-a-1-c5-u0.7-m1-p4-f0.def,251,RISCY-a-1-c5,0.7,m1,p4,f0,pulpino_top,5.8,2000,0,0,1165080,1163700,582.54,581.85,338950.9,49976,53291,563,2,497,OK
252-RISCY-a-1-c5-u0.7-m1-p5-f0.def,252,RISCY-a-1-c5,0.7,m1,p5,f0,pulpino_top,5.8,2000,0,0,1165080,1163700,582.54,581.85,338950.9,49986,53301,563,2,497,OK
253-RISCY-a-1-c5-u0.7-m1-p6-f0.def,253,RISCY-a-1-c5,0.7,m1,p6,f0,pulpino_top,5.8,2000,0,0,1165080,1163700,582.54,581.85,338950.9,49960,53275,563,2,497,OK
254-RISCY-a-1-c5-u0.7-m1-p7-f0.def,254,RISCY-a-1-c5,0.7,m1,p7,f0,pulpino_top,5.8,2000,0,0,1165080,1163700,582.54,581.85,338950.9,49987,53302,563,2,497,OK
255-RISCY-a-1-c5-u0.7-m1-p8-f0.def,255,RISCY-a-1-c5,0.7,m1,p8,f0,pulpino_top,5.8,2000,0,0,1165080,1163700,582.54,581.85,338950.9,49991,53306,563,2,497,OK
256-RISCY-a-1-c5-u0.7-m2-p1-f0.def,256,RISCY-a-1-c5,0.7,m2,p1,f0,pulpino_top,5.8,2000,0,0,1165080,1163700,582.54,581.85,338950.9,49950,53265,563,2,497,OK
257-RISCY-a-1-c5-u0.7-m2-p2-f0.def,257,RISCY-a-1-c5,0.7,m2,p2,f0,pulpino_top,5.8,2000,0,0,1165080,1163700,582.54,581.85,338950.9,49957,53272,563,2,497,OK
258-RISCY-a-1-c5-u0.7-m2-p3-f0.def,258,RISCY-a-1-c5,0.7,m2,p3,f0,pulpino_top,5.8,2000,0,0,1165080,1163700,582.54,581.85,338950.9,50009,53324,563,2,497,OK
259-RISCY-a-1-c5-u0.7-m2-p4-f0.def,259,RISCY-a-1-c5,0.7,m2,p4,f0,pulpino_top,5.8,2000,0,0,1165080,1163700,582.54,581.85,338950.9,49930,53245,563,2,497,OK
26-RISCY-a-1-c2-u0.7-m4-p5-f0.def,26,RISCY-a-1-c2,0.7,m4,p5,f0,pulpino_top,5.8,2000,0,0,1167600,1165800,583.8,582.9,340297.02,52215,55468,563,2,498,OK
260-RISCY-a-1-c5-u0.7-m2-p5-f0.def,260,RISCY-a-1-c5,0.7,m2,p5,f0,pulpino_top,5.8,2000,0,0,1165080,1163700,582.54,581.85,338950.9,49980,53295,563,2,497,OK
261-RISCY-a-1-c5-u0.7-m2-p6-f0.def,261,RISCY-a-1-c5,0.7,m2,p6,f0,pulpino_top,5.8,2000,0,0,1165080,1163700,582.54,581.85,338950.9,49960,53275,563,2,497,OK
262-RISCY-a-1-c5-u0.7-m2-p7-f0.def,262,RISCY-a-1-c5,0.7,m2,p7,f0,pulpino_top,5.8,2000,0,0,1165080,1163700,582.54,581.85,338950.9,49940,53255,563,2,497,OK
263-RISCY-a-1-c5-u0.7-m2-p8-f0.def,263,RISCY-a-1-c5,0.7,m2,p8,f0,pulpino_top,5.8,2000,0,0,1165080,1163700,582.54,581.85,338950.9,50008,53323,563,2,497,OK
264-RISCY-a-1-c5-u0.7-m3-p1-f0.def,264,RISCY-a-1-c5,0.7,m3,p1,f0,pulpino_top,5.8,2000,0,0,1165080,1163700,582.54,581.85,338950.9,49945,53260,563,2,497,OK
265-RISCY-a-1-c5-u0.7-m3-p2-f0.def,265,RISCY-a-1-c5,0.7,m3,p2,f0,pulpino_top,5.8,2000,0,0,1165080,1163700,582.54,581.85,338950.9,49927,53242,563,2,497,OK
266-RISCY-a-1-c5-u0.7-m3-p3-f0.def,266,RISCY-a-1-c5,0.7,m3,p3,f0,pulpino_top,5.8,2000,0,0,1165080,1163700,582.54,581.85,338950.9,49933,53248,563,2,497,OK
267-RISCY-a-1-c5-u0.7-m3-p4-f0.def,267,RISCY-a-1-c5,0.7,m3,p4,f0,pulpino_top,5.8,2000,0,0,1165080,1163700,582.54,581.85,338950.9,49947,53262,563,2,497,OK
268-RISCY-a-1-c5-u0.7-m3-p5-f0.def,268,RISCY-a-1-c5,0.7,m3,p5,f0,pulpino_top,5.8,2000,0,0,1165080,1163700,582.54,581.85,338950.9,49929,53244,563,2,497,OK
269-RISCY-a-1-c5-u0.7-m3-p6-f0.def,269,RISCY-a-1-c5,0.7,m3,p6,f0,pulpino_top,5.8,2000,0,0,1165080,1163700,582.54,581.85,338950.9,49906,53221,563,2,497,OK
27-RISCY-a-1-c2-u0.7-m4-p6-f0.def,27,RISCY-a-1-c2,0.7,m4,p6,f0,pulpino_top,5.8,2000,0,0,1167600,1165800,583.8,582.9,340297.02,52185,55439,563,2,498,OK
270-RISCY-a-1-c5-u0.7-m3-p7-f0.def,270,RISCY-a-1-c5,0.7,m3,p7,f0,pulpino_top,5.8,2000,0,0,1165080,1163700,582.54,581.85,338950.9,49921,53236,563,2,497,OK
271-RISCY-a-1-c5-u0.7-m3-p8-f0.def,271,RISCY-a-1-c5,0.7,m3,p8,f0,pulpino_top,5.8,2000,0,0,1165080,1163700,582.54,581.85,338950.9,49961,53276,563,2,497,OK
272-RISCY-a-1-c5-u0.7-m4-p1-f0.def,272,RISCY-a-1-c5,0.7,m4,p1,f0,pulpino_top,5.8,2000,0,0,1165080,1163700,582.54,581.85,338950.9,49987,53302,563,2,497,OK
273-RISCY-a-1-c5-u0.7-m4-p2-f0.def,273,RISCY-a-1-c5,0.7,m4,p2,f0,pulpino_top,5.8,2000,0,0,1165080,1163700,582.54,581.85,338950.9,49994,53309,563,2,497,OK
274-RISCY-a-1-c5-u0.7-m4-p3-f0.def,274,RISCY-a-1-c5,0.7,m4,p3,f0,pulpino_top,5.8,2000,0,0,1165080,1163700,582.54,581.85,338950.9,50002,53317,563,2,497,OK
275-RISCY-a-1-c5-u0.7-m4-p4-f0.def,275,RISCY-a-1-c5,0.7,m4,p4,f0,pulpino_top,5.8,2000,0,0,1165080,1163700,582.54,581.85,338950.9,50049,53364,563,2,497,OK
276-RISCY-a-1-c5-u0.7-m4-p5-f0.def,276,RISCY-a-1-c5,0.7,m4,p5,f0,pulpino_top,5.8,2000,0,0,1165080,1163700,582.54,581.85,338950.9,50002,53317,563,2,497,OK
277-RISCY-a-1-c5-u0.7-m4-p6-f0.def,277,RISCY-a-1-c5,0.7,m4,p6,f0,pulpino_top,5.8,2000,0,0,1165080,1163700,582.54,581.85,338950.9,50004,53319,563,2,497,OK
278-RISCY-a-1-c5-u0.7-m4-p7-f0.def,278,RISCY-a-1-c5,0.7,m4,p7,f0,pulpino_top,5.8,2000,0,0,1165080,1163700,582.54,581.85,338950.9,50008,53323,563,2,497,OK
279-RISCY-a-1-c5-u0.7-m4-p8-f0.def,279,RISCY-a-1-c5,0.7,m4,p8,f0,pulpino_top,5.8,2000,0,0,1165080,1163700,582.54,581.85,338950.9,49992,53307,563,2,497,OK
28-RISCY-a-1-c2-u0.7-m4-p7-f0.def,28,RISCY-a-1-c2,0.7,m4,p7,f0,pulpino_top,5.8,2000,0,0,1167600,1165800,583.8,582.9,340297.02,52210,55465,563,2,498,OK
280-RISCY-a-1-c5-u0.75-m1-p1-f0.def,280,RISCY-a-1-c5,0.75,m1,p1,f0,pulpino_top,5.8,2000,0,0,1129800,1128000,564.9,564.0,318603.6,49915,53230,563,2,480,OK
281-RISCY-a-1-c5-u0.75-m1-p2-f0.def,281,RISCY-a-1-c5,0.75,m1,p2,f0,pulpino_top,5.8,2000,0,0,1129800,1128000,564.9,564.0,318603.6,49944,53259,563,2,480,OK
282-RISCY-a-1-c5-u0.75-m1-p3-f0.def,282,RISCY-a-1-c5,0.75,m1,p3,f0,pulpino_top,5.8,2000,0,0,1129800,1128000,564.9,564.0,318603.6,49925,53240,563,2,480,OK
283-RISCY-a-1-c5-u0.75-m1-p4-f0.def,283,RISCY-a-1-c5,0.75,m1,p4,f0,pulpino_top,5.8,2000,0,0,1129800,1128000,564.9,564.0,318603.6,49943,53258,563,2,480,OK
284-RISCY-a-1-c5-u0.75-m1-p5-f0.def,284,RISCY-a-1-c5,0.75,m1,p5,f0,pulpino_top,5.8,2000,0,0,1129800,1128000,564.9,564.0,318603.6,49933,53248,563,2,480,OK
285-RISCY-a-1-c5-u0.75-m1-p6-f0.def,285,RISCY-a-1-c5,0.75,m1,p6,f0,pulpino_top,5.8,2000,0,0,1129800,1128000,564.9,564.0,318603.6,49966,53281,563,2,480,OK
286-RISCY-a-1-c5-u0.75-m1-p7-f0.def,286,RISCY-a-1-c5,0.75,m1,p7,f0,pulpino_top,5.8,2000,0,0,1129800,1128000,564.9,564.0,318603.6,49949,53264,563,2,480,OK
287-RISCY-a-1-c5-u0.75-m1-p8-f0.def,287,RISCY-a-1-c5,0.75,m1,p8,f0,pulpino_top,5.8,2000,0,0,1129800,1128000,564.9,564.0,318603.6,49952,53267,563,2,480,OK
288-RISCY-a-1-c5-u0.75-m2-p1-f0.def,288,RISCY-a-1-c5,0.75,m2,p1,f0,pulpino_top,5.8,2000,0,0,1129800,1128000,564.9,564.0,318603.6,50015,53330,563,2,480,OK
289-RISCY-a-1-c5-u0.75-m2-p2-f0.def,289,RISCY-a-1-c5,0.75,m2,p2,f0,pulpino_top,5.8,2000,0,0,1129800,1128000,564.9,564.0,318603.6,49999,53314,563,2,480,OK
29-RISCY-a-1-c2-u0.7-m4-p8-f0.def,29,RISCY-a-1-c2,0.7,m4,p8,f0,pulpino_top,5.8,2000,0,0,1167600,1165800,583.8,582.9,340297.02,52181,55436,563,2,498,OK
290-RISCY-a-1-c5-u0.75-m2-p3-f0.def,290,RISCY-a-1-c5,0.75,m2,p3,f0,pulpino_top,5.8,2000,0,0,1129800,1128000,564.9,564.0,318603.6,50010,53325,563,2,480,OK
291-RISCY-a-1-c5-u0.75-m2-p4-f0.def,291,RISCY-a-1-c5,0.75,m2,p4,f0,pulpino_top,5.8,2000,0,0,1129800,1128000,564.9,564.0,318603.6,49996,53311,563,2,480,OK
292-RISCY-a-1-c5-u0.75-m2-p5-f0.def,292,RISCY-a-1-c5,0.75,m2,p5,f0,pulpino_top,5.8,2000,0,0,1129800,1128000,564.9,564.0,318603.6,49998,53312,563,2,480,OK
293-RISCY-a-1-c5-u0.75-m2-p6-f0.def,293,RISCY-a-1-c5,0.75,m2,p6,f0,pulpino_top,5.8,2000,0,0,1129800,1128000,564.9,564.0,318603.6,49973,53288,563,2,480,OK
294-RISCY-a-1-c5-u0.75-m2-p7-f0.def,294,RISCY-a-1-c5,0.75,m2,p7,f0,pulpino_top,5.8,2000,0,0,1129800,1128000,564.9,564.0,318603.6,50007,53322,563,2,480,OK
295-RISCY-a-1-c5-u0.75-m2-p8-f0.def,295,RISCY-a-1-c5,0.75,m2,p8,f0,pulpino_top,5.8,2000,0,0,1129800,1128000,564.9,564.0,318603.6,49975,53290,563,2,480,OK
296-RISCY-a-1-c5-u0.75-m3-p1-f0.def,296,RISCY-a-1-c5,0.75,m3,p1,f0,pulpino_top,5.8,2000,0,0,1129800,1128000,564.9,564.0,318603.6,49919,53234,563,2,480,OK
297-RISCY-a-1-c5-u0.75-m3-p2-f0.def,297,RISCY-a-1-c5,0.75,m3,p2,f0,pulpino_top,5.8,2000,0,0,1129800,1128000,564.9,564.0,318603.6,49983,53298,563,2,480,OK
298-RISCY-a-1-c5-u0.75-m3-p3-f0.def,298,RISCY-a-1-c5,0.75,m3,p3,f0,pulpino_top,5.8,2000,0,0,1129800,1128000,564.9,564.0,318603.6,49979,53294,563,2,480,OK
299-RISCY-a-1-c5-u0.75-m3-p4-f0.def,299,RISCY-a-1-c5,0.75,m3,p4,f0,pulpino_top,5.8,2000,0,0,1129800,1128000,564.9,564.0,318603.6,49932,53247,563,2,480,OK
3-RISCY-a-1-c2-u0.7-m1-p3-f0.def,3,RISCY-a-1-c2,0.7,m1,p3,f0,pulpino_top,5.8,2000,0,0,1167600,1165800,583.8,582.9,340297.02,52206,55455,563,2,498,OK
30-RISCY-a-1-c2-u0.75-m1-p1-f0.def,30,RISCY-a-1-c2,0.75,m1,p1,f0,pulpino_top,5.8,2000,0,0,1132320,1130100,566.16,565.05,319908.71,52091,55345,563,2,481,OK
300-RISCY-a-1-c5-u0.75-m3-p5-f0.def,300,RISCY-a-1-c5,0.75,m3,p5,f0,pulpino_top,5.8,2000,0,0,1129800,1128000,564.9,564.0,318603.6,49965,53280,563,2,480,OK
301-RISCY-a-1-c5-u0.75-m3-p6-f0.def,301,RISCY-a-1-c5,0.75,m3,p6,f0,pulpino_top,5.8,2000,0,0,1129800,1128000,564.9,564.0,318603.6,49949,53264,563,2,480,OK
302-RISCY-a-1-c5-u0.75-m3-p7-f0.def,302,RISCY-a-1-c5,0.75,m3,p7,f0,pulpino_top,5.8,2000,0,0,1129800,1128000,564.9,564.0,318603.6,49983,53297,563,2,480,OK
303-RISCY-a-1-c5-u0.75-m3-p8-f0.def,303,RISCY-a-1-c5,0.75,m3,p8,f0,pulpino_top,5.8,2000,0,0,1129800,1128000,564.9,564.0,318603.6,49965,53280,563,2,480,OK
304-RISCY-a-1-c5-u0.75-m4-p1-f0.def,304,RISCY-a-1-c5,0.75,m4,p1,f0,pulpino_top,5.8,2000,0,0,1129800,1128000,564.9,564.0,318603.6,49976,53291,563,2,480,OK
305-RISCY-a-1-c5-u0.75-m4-p2-f0.def,305,RISCY-a-1-c5,0.75,m4,p2,f0,pulpino_top,5.8,2000,0,0,1129800,1128000,564.9,564.0,318603.6,49988,53303,563,2,480,OK
306-RISCY-a-1-c5-u0.75-m4-p3-f0.def,306,RISCY-a-1-c5,0.75,m4,p3,f0,pulpino_top,5.8,2000,0,0,1129800,1128000,564.9,564.0,318603.6,49947,53262,563,2,480,OK
307-RISCY-a-1-c5-u0.75-m4-p4-f0.def,307,RISCY-a-1-c5,0.75,m4,p4,f0,pulpino_top,5.8,2000,0,0,1129800,1128000,564.9,564.0,318603.6,49965,53280,563,2,480,OK
308-RISCY-a-1-c5-u0.75-m4-p5-f0.def,308,RISCY-a-1-c5,0.75,m4,p5,f0,pulpino_top,5.8,2000,0,0,1129800,1128000,564.9,564.0,318603.6,49954,53269,563,2,480,OK
309-RISCY-a-1-c5-u0.75-m4-p6-f0.def,309,RISCY-a-1-c5,0.75,m4,p6,f0,pulpino_top,5.8,2000,0,0,1129800,1128000,564.9,564.0,318603.6,49952,53267,563,2,480,OK
31-RISCY-a-1-c2-u0.75-m1-p2-f0.def,31,RISCY-a-1-c2,0.75,m1,p2,f0,pulpino_top,5.8,2000,0,0,1132320,1130100,566.16,565.05,319908.71,52033,55286,563,2,481,OK
310-RISCY-a-1-c5-u0.75-m4-p7-f0.def,310,RISCY-a-1-c5,0.75,m4,p7,f0,pulpino_top,5.8,2000,0,0,1129800,1128000,564.9,564.0,318603.6,49994,53309,563,2,480,OK
311-RISCY-a-1-c5-u0.75-m4-p8-f0.def,311,RISCY-a-1-c5,0.75,m4,p8,f0,pulpino_top,5.8,2000,0,0,1129800,1128000,564.9,564.0,318603.6,49979,53294,563,2,480,OK
312-RISCY-a-1-c5-u0.8-m1-p1-f0.def,312,RISCY-a-1-c5,0.8,m1,p1,f0,pulpino_top,5.8,2000,0,0,1097460,1096500,548.73,548.25,300841.22,49980,53295,563,2,465,OK
313-RISCY-a-1-c5-u0.8-m1-p2-f0.def,313,RISCY-a-1-c5,0.8,m1,p2,f0,pulpino_top,5.8,2000,0,0,1097460,1096500,548.73,548.25,300841.22,49936,53251,563,2,465,OK
314-RISCY-a-1-c5-u0.8-m1-p3-f0.def,314,RISCY-a-1-c5,0.8,m1,p3,f0,pulpino_top,5.8,2000,0,0,1097460,1096500,548.73,548.25,300841.22,49964,53279,563,2,465,OK
315-RISCY-a-1-c5-u0.8-m1-p4-f0.def,315,RISCY-a-1-c5,0.8,m1,p4,f0,pulpino_top,5.8,2000,0,0,1097460,1096500,548.73,548.25,300841.22,49980,53295,563,2,465,OK
316-RISCY-a-1-c5-u0.8-m1-p5-f0.def,316,RISCY-a-1-c5,0.8,m1,p5,f0,pulpino_top,5.8,2000,0,0,1097460,1096500,548.73,548.25,300841.22,49915,53230,563,2,465,OK
317-RISCY-a-1-c5-u0.8-m1-p6-f0.def,317,RISCY-a-1-c5,0.8,m1,p6,f0,pulpino_top,5.8,2000,0,0,1097460,1096500,548.73,548.25,300841.22,50001,53316,563,2,465,OK
318-RISCY-a-1-c5-u0.8-m1-p7-f0.def,318,RISCY-a-1-c5,0.8,m1,p7,f0,pulpino_top,5.8,2000,0,0,1097460,1096500,548.73,548.25,300841.22,49911,53226,563,2,465,OK
319-RISCY-a-1-c5-u0.8-m1-p8-f0.def,319,RISCY-a-1-c5,0.8,m1,p8,f0,pulpino_top,5.8,2000,0,0,1097460,1096500,548.73,548.25,300841.22,49946,53261,563,2,465,OK
32-RISCY-a-1-c2-u0.75-m1-p3-f0.def,32,RISCY-a-1-c2,0.75,m1,p3,f0,pulpino_top,5.8,2000,0,0,1132320,1130100,566.16,565.05,319908.71,52060,55314,563,2,481,OK
320-RISCY-a-1-c5-u0.8-m2-p1-f0.def,320,RISCY-a-1-c5,0.8,m2,p1,f0,pulpino_top,5.8,2000,0,0,1097460,1096500,548.73,548.25,300841.22,49940,53255,563,2,465,OK
321-RISCY-a-1-c5-u0.8-m2-p2-f0.def,321,RISCY-a-1-c5,0.8,m2,p2,f0,pulpino_top,5.8,2000,0,0,1097460,1096500,548.73,548.25,300841.22,49982,53297,563,2,465,OK
322-RISCY-a-1-c5-u0.8-m2-p3-f0.def,322,RISCY-a-1-c5,0.8,m2,p3,f0,pulpino_top,5.8,2000,0,0,1097460,1096500,548.73,548.25,300841.22,49958,53273,563,2,465,OK
323-RISCY-a-1-c5-u0.8-m2-p4-f0.def,323,RISCY-a-1-c5,0.8,m2,p4,f0,pulpino_top,5.8,2000,0,0,1097460,1096500,548.73,548.25,300841.22,49955,53270,563,2,465,OK
324-RISCY-a-1-c5-u0.8-m2-p5-f0.def,324,RISCY-a-1-c5,0.8,m2,p5,f0,pulpino_top,5.8,2000,0,0,1097460,1096500,548.73,548.25,300841.22,49997,53312,563,2,465,OK
325-RISCY-a-1-c5-u0.8-m2-p6-f0.def,325,RISCY-a-1-c5,0.8,m2,p6,f0,pulpino_top,5.8,2000,0,0,1097460,1096500,548.73,548.25,300841.22,49963,53278,563,2,465,OK
326-RISCY-a-1-c5-u0.8-m2-p7-f0.def,326,RISCY-a-1-c5,0.8,m2,p7,f0,pulpino_top,5.8,2000,0,0,1097460,1096500,548.73,548.25,300841.22,49959,53274,563,2,465,OK
327-RISCY-a-1-c5-u0.8-m2-p8-f0.def,327,RISCY-a-1-c5,0.8,m2,p8,f0,pulpino_top,5.8,2000,0,0,1097460,1096500,548.73,548.25,300841.22,49949,53263,563,2,465,OK
328-RISCY-a-1-c5-u0.8-m3-p1-f0.def,328,RISCY-a-1-c5,0.8,m3,p1,f0,pulpino_top,5.8,2000,0,0,1097460,1096500,548.73,548.25,300841.22,49878,53193,563,2,465,OK
329-RISCY-a-1-c5-u0.8-m3-p2-f0.def,329,RISCY-a-1-c5,0.8,m3,p2,f0,pulpino_top,5.8,2000,0,0,1097460,1096500,548.73,548.25,300841.22,49973,53288,563,2,465,OK
33-RISCY-a-1-c2-u0.75-m1-p4-f0.def,33,RISCY-a-1-c2,0.75,m1,p4,f0,pulpino_top,5.8,2000,0,0,1132320,1130100,566.16,565.05,319908.71,52124,55377,563,2,481,OK
330-RISCY-a-1-c5-u0.8-m3-p3-f0.def,330,RISCY-a-1-c5,0.8,m3,p3,f0,pulpino_top,5.8,2000,0,0,1097460,1096500,548.73,548.25,300841.22,49945,53260,563,2,465,OK
331-RISCY-a-1-c5-u0.8-m3-p4-f0.def,331,RISCY-a-1-c5,0.8,m3,p4,f0,pulpino_top,5.8,2000,0,0,1097460,1096500,548.73,548.25,300841.22,49924,53239,563,2,465,OK
332-RISCY-a-1-c5-u0.8-m3-p5-f0.def,332,RISCY-a-1-c5,0.8,m3,p5,f0,pulpino_top,5.8,2000,0,0,1097460,1096500,548.73,548.25,300841.22,49977,53292,563,2,465,OK
333-RISCY-a-1-c5-u0.8-m3-p6-f0.def,333,RISCY-a-1-c5,0.8,m3,p6,f0,pulpino_top,5.8,2000,0,0,1097460,1096500,548.73,548.25,300841.22,49937,53252,563,2,465,OK
334-RISCY-a-1-c5-u0.8-m3-p7-f0.def,334,RISCY-a-1-c5,0.8,m3,p7,f0,pulpino_top,5.8,2000,0,0,1097460,1096500,548.73,548.25,300841.22,49902,53217,563,2,465,OK
335-RISCY-a-1-c5-u0.8-m3-p8-f0.def,335,RISCY-a-1-c5,0.8,m3,p8,f0,pulpino_top,5.8,2000,0,0,1097460,1096500,548.73,548.25,300841.22,49997,53312,563,2,465,OK
336-RISCY-a-1-c5-u0.8-m4-p1-f0.def,336,RISCY-a-1-c5,0.8,m4,p1,f0,pulpino_top,5.8,2000,0,0,1097460,1096500,548.73,548.25,300841.22,49950,53265,563,2,465,OK
337-RISCY-a-1-c5-u0.8-m4-p2-f0.def,337,RISCY-a-1-c5,0.8,m4,p2,f0,pulpino_top,5.8,2000,0,0,1097460,1096500,548.73,548.25,300841.22,49984,53299,563,2,465,OK
338-RISCY-a-1-c5-u0.8-m4-p3-f0.def,338,RISCY-a-1-c5,0.8,m4,p3,f0,pulpino_top,5.8,2000,0,0,1097460,1096500,548.73,548.25,300841.22,49960,53275,563,2,465,OK
339-RISCY-a-1-c5-u0.8-m4-p4-f0.def,339,RISCY-a-1-c5,0.8,m4,p4,f0,pulpino_top,5.8,2000,0,0,1097460,1096500,548.73,548.25,300841.22,49940,53255,563,2,465,OK
34-RISCY-a-1-c2-u0.75-m1-p5-f0.def,34,RISCY-a-1-c2,0.75,m1,p5,f0,pulpino_top,5.8,2000,0,0,1132320,1130100,566.16,565.05,319908.71,52089,55344,563,2,481,OK
340-RISCY-a-1-c5-u0.8-m4-p5-f0.def,340,RISCY-a-1-c5,0.8,m4,p5,f0,pulpino_top,5.8,2000,0,0,1097460,1096500,548.73,548.25,300841.22,49946,53261,563,2,465,OK
341-RISCY-a-1-c5-u0.8-m4-p6-f0.def,341,RISCY-a-1-c5,0.8,m4,p6,f0,pulpino_top,5.8,2000,0,0,1097460,1096500,548.73,548.25,300841.22,49960,53275,563,2,465,OK
342-RISCY-a-1-c5-u0.8-m4-p7-f0.def,342,RISCY-a-1-c5,0.8,m4,p7,f0,pulpino_top,5.8,2000,0,0,1097460,1096500,548.73,548.25,300841.22,49960,53275,563,2,465,OK
343-RISCY-a-1-c5-u0.8-m4-p8-f0.def,343,RISCY-a-1-c5,0.8,m4,p8,f0,pulpino_top,5.8,2000,0,0,1097460,1096500,548.73,548.25,300841.22,49950,53265,563,2,465,OK
344-RISCY-a-1-c5-u0.85-m1-p1-f0.def,344,RISCY-a-1-c5,0.85,m1,p1,f0,pulpino_top,5.8,2000,0,0,1068480,1067100,534.24,533.55,285043.75,49935,53250,563,2,451,OK
345-RISCY-a-1-c5-u0.85-m1-p2-f0.def,345,RISCY-a-1-c5,0.85,m1,p2,f0,pulpino_top,5.8,2000,0,0,1068480,1067100,534.24,533.55,285043.75,49959,53274,563,2,451,OK
346-RISCY-a-1-c5-u0.85-m1-p3-f0.def,346,RISCY-a-1-c5,0.85,m1,p3,f0,pulpino_top,5.8,2000,0,0,1068480,1067100,534.24,533.55,285043.75,49941,53256,563,2,451,OK
347-RISCY-a-1-c5-u0.85-m1-p4-f0.def,347,RISCY-a-1-c5,0.85,m1,p4,f0,pulpino_top,5.8,2000,0,0,1068480,1067100,534.24,533.55,285043.75,49977,53292,563,2,451,OK
348-RISCY-a-1-c5-u0.85-m1-p5-f0.def,348,RISCY-a-1-c5,0.85,m1,p5,f0,pulpino_top,5.8,2000,0,0,1068480,1067100,534.24,533.55,285043.75,49979,53294,563,2,451,OK
349-RISCY-a-1-c5-u0.85-m1-p6-f0.def,349,RISCY-a-1-c5,0.85,m1,p6,f0,pulpino_top,5.8,2000,0,0,1068480,1067100,534.24,533.55,285043.75,49958,53273,563,2,451,OK
35-RISCY-a-1-c2-u0.75-m1-p6-f0.def,35,RISCY-a-1-c2,0.75,m1,p6,f0,pulpino_top,5.8,2000,0,0,1132320,1130100,566.16,565.05,319908.71,52059,55316,563,2,481,OK
350-RISCY-a-1-c5-u0.85-m1-p7-f0.def,350,RISCY-a-1-c5,0.85,m1,p7,f0,pulpino_top,5.8,2000,0,0,1068480,1067100,534.24,533.55,285043.75,49967,53282,563,2,451,OK
351-RISCY-a-1-c5-u0.85-m1-p8-f0.def,351,RISCY-a-1-c5,0.85,m1,p8,f0,pulpino_top,5.8,2000,0,0,1068480,1067100,534.24,533.55,285043.75,50018,53333,563,2,451,OK
352-RISCY-a-1-c5-u0.85-m2-p1-f0.def,352,RISCY-a-1-c5,0.85,m2,p1,f0,pulpino_top,5.8,2000,0,0,1068480,1067100,534.24,533.55,285043.75,49939,53254,563,2,451,OK
353-RISCY-a-1-c5-u0.85-m2-p2-f0.def,353,RISCY-a-1-c5,0.85,m2,p2,f0,pulpino_top,5.8,2000,0,0,1068480,1067100,534.24,533.55,285043.75,49928,53243,563,2,451,OK
354-RISCY-a-1-c5-u0.85-m2-p3-f0.def,354,RISCY-a-1-c5,0.85,m2,p3,f0,pulpino_top,5.8,2000,0,0,1068480,1067100,534.24,533.55,285043.75,49936,53251,563,2,451,OK
355-RISCY-a-1-c5-u0.85-m2-p4-f0.def,355,RISCY-a-1-c5,0.85,m2,p4,f0,pulpino_top,5.8,2000,0,0,1068480,1067100,534.24,533.55,285043.75,50044,53359,563,2,451,OK
356-RISCY-a-1-c5-u0.85-m2-p5-f0.def,356,RISCY-a-1-c5,0.85,m2,p5,f0,pulpino_top,5.8,2000,0,0,1068480,1067100,534.24,533.55,285043.75,49990,53305,563,2,451,OK
357-RISCY-a-1-c5-u0.85-m2-p6-f0.def,357,RISCY-a-1-c5,0.85,m2,p6,f0,pulpino_top,5.8,2000,0,0,1068480,1067100,534.24,533.55,285043.75,49948,53263,563,2,451,OK
358-RISCY-a-1-c5-u0.85-m2-p7-f0.def,358,RISCY-a-1-c5,0.85,m2,p7,f0,pulpino_top,5.8,2000,0,0,1068480,1067100,534.24,533.55,285043.75,49975,53290,563,2,451,OK
359-RISCY-a-1-c5-u0.85-m2-p8-f0.def,359,RISCY-a-1-c5,0.85,m2,p8,f0,pulpino_top,5.8,2000,0,0,1068480,1067100,534.24,533.55,285043.75,49910,53225,563,2,451,OK
36-RISCY-a-1-c2-u0.75-m1-p7-f0.def,36,RISCY-a-1-c2,0.75,m1,p7,f0,pulpino_top,5.8,2000,0,0,1132320,1130100,566.16,565.05,319908.71,52082,55340,563,2,481,OK
360-RISCY-a-1-c5-u0.85-m4-p1-f0.def,360,RISCY-a-1-c5,0.85,m4,p1,f0,pulpino_top,5.8,2000,0,0,1068480,1067100,534.24,533.55,285043.75,49970,53285,563,2,451,OK
361-RISCY-a-1-c5-u0.85-m4-p2-f0.def,361,RISCY-a-1-c5,0.85,m4,p2,f0,pulpino_top,5.8,2000,0,0,1068480,1067100,534.24,533.55,285043.75,49962,53277,563,2,451,OK
362-RISCY-a-1-c5-u0.85-m4-p3-f0.def,362,RISCY-a-1-c5,0.85,m4,p3,f0,pulpino_top,5.8,2000,0,0,1068480,1067100,534.24,533.55,285043.75,49977,53292,563,2,451,OK
363-RISCY-a-1-c5-u0.85-m4-p4-f0.def,363,RISCY-a-1-c5,0.85,m4,p4,f0,pulpino_top,5.8,2000,0,0,1068480,1067100,534.24,533.55,285043.75,49963,53278,563,2,451,OK
364-RISCY-a-1-c5-u0.85-m4-p5-f0.def,364,RISCY-a-1-c5,0.85,m4,p5,f0,pulpino_top,5.8,2000,0,0,1068480,1067100,534.24,533.55,285043.75,50001,53315,563,2,451,OK
365-RISCY-a-1-c5-u0.85-m4-p6-f0.def,365,RISCY-a-1-c5,0.85,m4,p6,f0,pulpino_top,5.8,2000,0,0,1068480,1067100,534.24,533.55,285043.75,49991,53306,563,2,451,OK
366-RISCY-a-1-c5-u0.85-m4-p7-f0.def,366,RISCY-a-1-c5,0.85,m4,p7,f0,pulpino_top,5.8,2000,0,0,1068480,1067100,534.24,533.55,285043.75,49962,53277,563,2,451,OK
367-RISCY-a-1-c5-u0.85-m4-p8-f0.def,367,RISCY-a-1-c5,0.85,m4,p8,f0,pulpino_top,5.8,2000,0,0,1068480,1067100,534.24,533.55,285043.75,49969,53284,563,2,451,OK
368-RISCY-a-1-c5-u0.9-m1-p1-f0.def,368,RISCY-a-1-c5,0.9,m1,p1,f0,pulpino_top,5.8,2000,0,0,1042440,1039800,521.22,519.9,270982.28,49968,53283,563,2,438,OK
369-RISCY-a-1-c5-u0.9-m1-p2-f0.def,369,RISCY-a-1-c5,0.9,m1,p2,f0,pulpino_top,5.8,2000,0,0,1042440,1039800,521.22,519.9,270982.28,50018,53333,563,2,438,OK
37-RISCY-a-1-c2-u0.75-m1-p8-f0.def,37,RISCY-a-1-c2,0.75,m1,p8,f0,pulpino_top,5.8,2000,0,0,1132320,1130100,566.16,565.05,319908.71,52095,55347,563,2,481,OK
370-RISCY-a-1-c5-u0.9-m1-p3-f0.def,370,RISCY-a-1-c5,0.9,m1,p3,f0,pulpino_top,5.8,2000,0,0,1042440,1039800,521.22,519.9,270982.28,49978,53293,563,2,438,OK
371-RISCY-a-1-c5-u0.9-m1-p4-f0.def,371,RISCY-a-1-c5,0.9,m1,p4,f0,pulpino_top,5.8,2000,0,0,1042440,1039800,521.22,519.9,270982.28,49953,53268,563,2,438,OK
372-RISCY-a-1-c5-u0.9-m1-p5-f0.def,372,RISCY-a-1-c5,0.9,m1,p5,f0,pulpino_top,5.8,2000,0,0,1042440,1039800,521.22,519.9,270982.28,49988,53303,563,2,438,OK
373-RISCY-a-1-c5-u0.9-m1-p6-f0.def,373,RISCY-a-1-c5,0.9,m1,p6,f0,pulpino_top,5.8,2000,0,0,1042440,1039800,521.22,519.9,270982.28,49926,53241,563,2,438,OK
374-RISCY-a-1-c5-u0.9-m1-p7-f0.def,374,RISCY-a-1-c5,0.9,m1,p7,f0,pulpino_top,5.8,2000,0,0,1042440,1039800,521.22,519.9,270982.28,50030,53345,563,2,438,OK
375-RISCY-a-1-c5-u0.9-m1-p8-f0.def,375,RISCY-a-1-c5,0.9,m1,p8,f0,pulpino_top,5.8,2000,0,0,1042440,1039800,521.22,519.9,270982.28,49952,53267,563,2,438,OK
376-RISCY-a-1-c5-u0.7-m1-p1-f1.def,376,RISCY-a-1-c5,0.7,m1,p1,f1,pulpino_top,5.8,2000,0,0,1165080,1163700,582.54,581.85,338950.9,49989,53304,563,2,497,OK
377-RISCY-a-1-c5-u0.7-m1-p2-f1.def,377,RISCY-a-1-c5,0.7,m1,p2,f1,pulpino_top,5.8,2000,0,0,1165080,1163700,582.54,581.85,338950.9,50013,53328,563,2,497,OK
378-RISCY-a-1-c5-u0.7-m1-p3-f1.def,378,RISCY-a-1-c5,0.7,m1,p3,f1,pulpino_top,5.8,2000,0,0,1165080,1163700,582.54,581.85,338950.9,50034,53349,563,2,497,OK
379-RISCY-a-1-c5-u0.7-m1-p4-f1.def,379,RISCY-a-1-c5,0.7,m1,p4,f1,pulpino_top,5.8,2000,0,0,1165080,1163700,582.54,581.85,338950.9,50025,53340,563,2,497,OK
38-RISCY-a-1-c2-u0.75-m2-p1-f0.def,38,RISCY-a-1-c2,0.75,m2,p1,f0,pulpino_top,5.8,2000,0,0,1132320,1130100,566.16,565.05,319908.71,52104,55355,563,2,481,OK
380-RISCY-a-1-c5-u0.7-m1-p5-f1.def,380,RISCY-a-1-c5,0.7,m1,p5,f1,pulpino_top,5.8,2000,0,0,1165080,1163700,582.54,581.85,338950.9,49997,53312,563,2,497,OK
381-RISCY-a-1-c5-u0.7-m1-p6-f1.def,381,RISCY-a-1-c5,0.7,m1,p6,f1,pulpino_top,5.8,2000,0,0,1165080,1163700,582.54,581.85,338950.9,50006,53321,563,2,497,OK
382-RISCY-a-1-c5-u0.7-m1-p7-f1.def,382,RISCY-a-1-c5,0.7,m1,p7,f1,pulpino_top,5.8,2000,0,0,1165080,1163700,582.54,581.85,338950.9,50021,53336,563,2,497,OK
383-RISCY-a-1-c5-u0.7-m1-p8-f1.def,383,RISCY-a-1-c5,0.7,m1,p8,f1,pulpino_top,5.8,2000,0,0,1165080,1163700,582.54,581.85,338950.9,50020,53335,563,2,497,OK
384-RISCY-a-1-c5-u0.7-m2-p1-f1.def,384,RISCY-a-1-c5,0.7,m2,p1,f1,pulpino_top,5.8,2000,0,0,1165080,1163700,582.54,581.85,338950.9,50038,53353,563,2,497,OK
385-RISCY-a-1-c5-u0.7-m2-p2-f1.def,385,RISCY-a-1-c5,0.7,m2,p2,f1,pulpino_top,5.8,2000,0,0,1165080,1163700,582.54,581.85,338950.9,50014,53329,563,2,497,OK
386-RISCY-a-1-c5-u0.7-m2-p3-f1.def,386,RISCY-a-1-c5,0.7,m2,p3,f1,pulpino_top,5.8,2000,0,0,1165080,1163700,582.54,581.85,338950.9,50038,53353,563,2,497,OK
387-RISCY-a-1-c5-u0.7-m2-p4-f1.def,387,RISCY-a-1-c5,0.7,m2,p4,f1,pulpino_top,5.8,2000,0,0,1165080,1163700,582.54,581.85,338950.9,50020,53335,563,2,497,OK
388-RISCY-a-1-c5-u0.7-m2-p5-f1.def,388,RISCY-a-1-c5,0.7,m2,p5,f1,pulpino_top,5.8,2000,0,0,1165080,1163700,582.54,581.85,338950.9,50027,53342,563,2,497,OK
389-RISCY-a-1-c5-u0.7-m2-p6-f1.def,389,RISCY-a-1-c5,0.7,m2,p6,f1,pulpino_top,5.8,2000,0,0,1165080,1163700,582.54,581.85,338950.9,50048,53363,563,2,497,OK
39-RISCY-a-1-c2-u0.75-m2-p2-f0.def,39,RISCY-a-1-c2,0.75,m2,p2,f0,pulpino_top,5.8,2000,0,0,1132320,1130100,566.16,565.05,319908.71,52034,55289,563,2,481,OK
390-RISCY-a-1-c5-u0.7-m2-p7-f1.def,390,RISCY-a-1-c5,0.7,m2,p7,f1,pulpino_top,5.8,2000,0,0,1165080,1163700,582.54,581.85,338950.9,50048,53363,563,2,497,OK
391-RISCY-a-1-c5-u0.7-m2-p8-f1.def,391,RISCY-a-1-c5,0.7,m2,p8,f1,pulpino_top,5.8,2000,0,0,1165080,1163700,582.54,581.85,338950.9,50047,53362,563,2,497,OK
392-RISCY-a-1-c5-u0.7-m3-p1-f1.def,392,RISCY-a-1-c5,0.7,m3,p1,f1,pulpino_top,5.8,2000,0,0,1165080,1163700,582.54,581.85,338950.9,50001,53316,563,2,497,OK
393-RISCY-a-1-c5-u0.7-m3-p2-f1.def,393,RISCY-a-1-c5,0.7,m3,p2,f1,pulpino_top,5.8,2000,0,0,1165080,1163700,582.54,581.85,338950.9,50050,53365,563,2,497,OK
394-RISCY-a-1-c5-u0.7-m3-p3-f1.def,394,RISCY-a-1-c5,0.7,m3,p3,f1,pulpino_top,5.8,2000,0,0,1165080,1163700,582.54,581.85,338950.9,50044,53359,563,2,497,OK
395-RISCY-a-1-c5-u0.7-m3-p4-f1.def,395,RISCY-a-1-c5,0.7,m3,p4,f1,pulpino_top,5.8,2000,0,0,1165080,1163700,582.54,581.85,338950.9,50028,53343,563,2,497,OK
396-RISCY-a-1-c5-u0.7-m3-p5-f1.def,396,RISCY-a-1-c5,0.7,m3,p5,f1,pulpino_top,5.8,2000,0,0,1165080,1163700,582.54,581.85,338950.9,50077,53392,563,2,497,OK
397-RISCY-a-1-c5-u0.7-m3-p6-f1.def,397,RISCY-a-1-c5,0.7,m3,p6,f1,pulpino_top,5.8,2000,0,0,1165080,1163700,582.54,581.85,338950.9,50064,53379,563,2,497,OK
398-RISCY-a-1-c5-u0.7-m3-p7-f1.def,398,RISCY-a-1-c5,0.7,m3,p7,f1,pulpino_top,5.8,2000,0,0,1165080,1163700,582.54,581.85,338950.9,50040,53355,563,2,497,OK
399-RISCY-a-1-c5-u0.7-m3-p8-f1.def,399,RISCY-a-1-c5,0.7,m3,p8,f1,pulpino_top,5.8,2000,0,0,1165080,1163700,582.54,581.85,338950.9,50017,53332,563,2,497,OK
4-RISCY-a-1-c2-u0.7-m1-p4-f0.def,4,RISCY-a-1-c2,0.7,m1,p4,f0,pulpino_top,5.8,2000,0,0,1167600,1165800,583.8,582.9,340297.02,52157,55412,563,2,498,OK
40-RISCY-a-1-c2-u0.75-m2-p3-f0.def,40,RISCY-a-1-c2,0.75,m2,p3,f0,pulpino_top,5.8,2000,0,0,1132320,1130100,566.16,565.05,319908.71,52098,55351,563,2,481,OK
400-RISCY-a-1-c5-u0.75-m1-p1-f1.def,400,RISCY-a-1-c5,0.75,m1,p1,f1,pulpino_top,5.8,2000,0,0,1129800,1128000,564.9,564.0,318603.6,50000,53315,563,2,480,OK
401-RISCY-a-1-c5-u0.75-m1-p2-f1.def,401,RISCY-a-1-c5,0.75,m1,p2,f1,pulpino_top,5.8,2000,0,0,1129800,1128000,564.9,564.0,318603.6,50010,53325,563,2,480,OK
402-RISCY-a-1-c5-u0.75-m1-p3-f1.def,402,RISCY-a-1-c5,0.75,m1,p3,f1,pulpino_top,5.8,2000,0,0,1129800,1128000,564.9,564.0,318603.6,49995,53310,563,2,480,OK
403-RISCY-a-1-c5-u0.75-m1-p4-f1.def,403,RISCY-a-1-c5,0.75,m1,p4,f1,pulpino_top,5.8,2000,0,0,1129800,1128000,564.9,564.0,318603.6,50010,53325,563,2,480,OK
404-RISCY-a-1-c5-u0.75-m1-p5-f1.def,404,RISCY-a-1-c5,0.75,m1,p5,f1,pulpino_top,5.8,2000,0,0,1129800,1128000,564.9,564.0,318603.6,49952,53267,563,2,480,OK
405-RISCY-a-1-c5-u0.75-m1-p6-f1.def,405,RISCY-a-1-c5,0.75,m1,p6,f1,pulpino_top,5.8,2000,0,0,1129800,1128000,564.9,564.0,318603.6,49940,53255,563,2,480,OK
406-RISCY-a-1-c5-u0.75-m1-p7-f1.def,406,RISCY-a-1-c5,0.75,m1,p7,f1,pulpino_top,5.8,2000,0,0,1129800,1128000,564.9,564.0,318603.6,50045,53360,563,2,480,OK
407-RISCY-a-1-c5-u0.75-m1-p8-f1.def,407,RISCY-a-1-c5,0.75,m1,p8,f1,pulpino_top,5.8,2000,0,0,1129800,1128000,564.9,564.0,318603.6,49966,53281,563,2,480,OK
408-RISCY-a-1-c5-u0.75-m2-p1-f1.def,408,RISCY-a-1-c5,0.75,m2,p1,f1,pulpino_top,5.8,2000,0,0,1129800,1128000,564.9,564.0,318603.6,49996,53311,563,2,480,OK
409-RISCY-a-1-c5-u0.75-m2-p2-f1.def,409,RISCY-a-1-c5,0.75,m2,p2,f1,pulpino_top,5.8,2000,0,0,1129800,1128000,564.9,564.0,318603.6,50002,53317,563,2,480,OK
41-RISCY-a-1-c2-u0.75-m2-p4-f0.def,41,RISCY-a-1-c2,0.75,m2,p4,f0,pulpino_top,5.8,2000,0,0,1132320,1130100,566.16,565.05,319908.71,52019,55273,563,2,481,OK
410-RISCY-a-1-c5-u0.75-m2-p3-f1.def,410,RISCY-a-1-c5,0.75,m2,p3,f1,pulpino_top,5.8,2000,0,0,1129800,1128000,564.9,564.0,318603.6,50020,53335,563,2,480,OK
411-RISCY-a-1-c5-u0.75-m2-p4-f1.def,411,RISCY-a-1-c5,0.75,m2,p4,f1,pulpino_top,5.8,2000,0,0,1129800,1128000,564.9,564.0,318603.6,49993,53308,563,2,480,OK
412-RISCY-a-1-c5-u0.75-m2-p5-f1.def,412,RISCY-a-1-c5,0.75,m2,p5,f1,pulpino_top,5.8,2000,0,0,1129800,1128000,564.9,564.0,318603.6,50004,53319,563,2,480,OK
413-RISCY-a-1-c5-u0.75-m2-p6-f1.def,413,RISCY-a-1-c5,0.75,m2,p6,f1,pulpino_top,5.8,2000,0,0,1129800,1128000,564.9,564.0,318603.6,49989,53304,563,2,480,OK
414-RISCY-a-1-c5-u0.75-m2-p7-f1.def,414,RISCY-a-1-c5,0.75,m2,p7,f1,pulpino_top,5.8,2000,0,0,1129800,1128000,564.9,564.0,318603.6,50043,53358,563,2,480,OK
415-RISCY-a-1-c5-u0.75-m2-p8-f1.def,415,RISCY-a-1-c5,0.75,m2,p8,f1,pulpino_top,5.8,2000,0,0,1129800,1128000,564.9,564.0,318603.6,50004,53319,563,2,480,OK
416-RISCY-a-1-c5-u0.75-m3-p1-f1.def,416,RISCY-a-1-c5,0.75,m3,p1,f1,pulpino_top,5.8,2000,0,0,1129800,1128000,564.9,564.0,318603.6,49976,53291,563,2,480,OK
417-RISCY-a-1-c5-u0.75-m3-p2-f1.def,417,RISCY-a-1-c5,0.75,m3,p2,f1,pulpino_top,5.8,2000,0,0,1129800,1128000,564.9,564.0,318603.6,50003,53318,563,2,480,OK
418-RISCY-a-1-c5-u0.75-m3-p3-f1.def,418,RISCY-a-1-c5,0.75,m3,p3,f1,pulpino_top,5.8,2000,0,0,1129800,1128000,564.9,564.0,318603.6,49983,53298,563,2,480,OK
419-RISCY-a-1-c5-u0.75-m3-p4-f1.def,419,RISCY-a-1-c5,0.75,m3,p4,f1,pulpino_top,5.8,2000,0,0,1129800,1128000,564.9,564.0,318603.6,49992,53307,563,2,480,OK
42-RISCY-a-1-c2-u0.75-m2-p5-f0.def,42,RISCY-a-1-c2,0.75,m2,p5,f0,pulpino_top,5.8,2000,0,0,1132320,1130100,566.16,565.05,319908.71,52040,55295,563,2,481,OK
420-RISCY-a-1-c5-u0.75-m3-p5-f1.def,420,RISCY-a-1-c5,0.75,m3,p5,f1,pulpino_top,5.8,2000,0,0,1129800,1128000,564.9,564.0,318603.6,49970,53285,563,2,480,OK
421-RISCY-a-1-c5-u0.75-m3-p6-f1.def,421,RISCY-a-1-c5,0.75,m3,p6,f1,pulpino_top,5.8,2000,0,0,1129800,1128000,564.9,564.0,318603.6,49921,53236,563,2,480,OK
422-RISCY-a-1-c5-u0.75-m3-p7-f1.def,422,RISCY-a-1-c5,0.75,m3,p7,f1,pulpino_top,5.8,2000,0,0,1129800,1128000,564.9,564.0,318603.6,49951,53266,563,2,480,OK
423-RISCY-a-1-c5-u0.75-m3-p8-f1.def,423,RISCY-a-1-c5,0.75,m3,p8,f1,pulpino_top,5.8,2000,0,0,1129800,1128000,564.9,564.0,318603.6,49931,53246,563,2,480,OK
424-RISCY-a-1-c5-u0.8-m1-p1-f1.def,424,RISCY-a-1-c5,0.8,m1,p1,f1,pulpino_top,5.8,2000,0,0,1097460,1096500,548.73,548.25,300841.22,49979,53294,563,2,465,OK
425-RISCY-a-1-c5-u0.8-m1-p2-f1.def,425,RISCY-a-1-c5,0.8,m1,p2,f1,pulpino_top,5.8,2000,0,0,1097460,1096500,548.73,548.25,300841.22,49934,53249,563,2,465,OK
426-RISCY-a-1-c5-u0.8-m1-p3-f1.def,426,RISCY-a-1-c5,0.8,m1,p3,f1,pulpino_top,5.8,2000,0,0,1097460,1096500,548.73,548.25,300841.22,49926,53241,563,2,465,OK
427-RISCY-a-1-c5-u0.8-m1-p4-f1.def,427,RISCY-a-1-c5,0.8,m1,p4,f1,pulpino_top,5.8,2000,0,0,1097460,1096500,548.73,548.25,300841.22,49957,53272,563,2,465,OK
428-RISCY-a-1-c5-u0.8-m1-p5-f1.def,428,RISCY-a-1-c5,0.8,m1,p5,f1,pulpino_top,5.8,2000,0,0,1097460,1096500,548.73,548.25,300841.22,49983,53298,563,2,465,OK
429-RISCY-a-1-c5-u0.8-m1-p6-f1.def,429,RISCY-a-1-c5,0.8,m1,p6,f1,pulpino_top,5.8,2000,0,0,1097460,1096500,548.73,548.25,300841.22,49913,53228,563,2,465,OK
43-RISCY-a-1-c2-u0.75-m2-p6-f0.def,43,RISCY-a-1-c2,0.75,m2,p6,f0,pulpino_top,5.8,2000,0,0,1132320,1130100,566.16,565.05,319908.71,52067,55321,563,2,481,OK
430-RISCY-a-1-c5-u0.8-m1-p7-f1.def,430,RISCY-a-1-c5,0.8,m1,p7,f1,pulpino_top,5.8,2000,0,0,1097460,1096500,548.73,548.25,300841.22,49972,53287,563,2,465,OK
431-RISCY-a-1-c5-u0.8-m1-p8-f1.def,431,RISCY-a-1-c5,0.8,m1,p8,f1,pulpino_top,5.8,2000,0,0,1097460,1096500,548.73,548.25,300841.22,49988,53303,563,2,465,OK
432-RISCY-a-1-c5-u0.8-m2-p1-f1.def,432,RISCY-a-1-c5,0.8,m2,p1,f1,pulpino_top,5.8,2000,0,0,1097460,1096500,548.73,548.25,300841.22,49954,53269,563,2,465,OK
433-RISCY-a-1-c5-u0.8-m2-p2-f1.def,433,RISCY-a-1-c5,0.8,m2,p2,f1,pulpino_top,5.8,2000,0,0,1097460,1096500,548.73,548.25,300841.22,50007,53322,563,2,465,OK
434-RISCY-a-1-c5-u0.8-m2-p3-f1.def,434,RISCY-a-1-c5,0.8,m2,p3,f1,pulpino_top,5.8,2000,0,0,1097460,1096500,548.73,548.25,300841.22,49996,53311,563,2,465,OK
435-RISCY-a-1-c5-u0.8-m2-p4-f1.def,435,RISCY-a-1-c5,0.8,m2,p4,f1,pulpino_top,5.8,2000,0,0,1097460,1096500,548.73,548.25,300841.22,49948,53263,563,2,465,OK
436-RISCY-a-1-c5-u0.8-m2-p5-f1.def,436,RISCY-a-1-c5,0.8,m2,p5,f1,pulpino_top,5.8,2000,0,0,1097460,1096500,548.73,548.25,300841.22,49918,53233,563,2,465,OK
437-RISCY-a-1-c5-u0.8-m2-p6-f1.def,437,RISCY-a-1-c5,0.8,m2,p6,f1,pulpino_top,5.8,2000,0,0,1097460,1096500,548.73,548.25,300841.22,49976,53291,563,2,465,OK
438-RISCY-a-1-c5-u0.8-m2-p7-f1.def,438,RISCY-a-1-c5,0.8,m2,p7,f1,pulpino_top,5.8,2000,0,0,1097460,1096500,548.73,548.25,300841.22,49992,53307,563,2,465,OK
439-RISCY-a-1-c5-u0.8-m2-p8-f1.def,439,RISCY-a-1-c5,0.8,m2,p8,f1,pulpino_top,5.8,2000,0,0,1097460,1096500,548.73,548.25,300841.22,49974,53289,563,2,465,OK
44-RISCY-a-1-c2-u0.75-m2-p7-f0.def,44,RISCY-a-1-c2,0.75,m2,p7,f0,pulpino_top,5.8,2000,0,0,1132320,1130100,566.16,565.05,319908.71,52092,55346,563,2,481,OK
440-RISCY-a-1-c5-u0.8-m3-p1-f1.def,440,RISCY-a-1-c5,0.8,m3,p1,f1,pulpino_top,5.8,2000,0,0,1097460,1096500,548.73,548.25,300841.22,49993,53308,563,2,465,OK
441-RISCY-a-1-c5-u0.8-m3-p2-f1.def,441,RISCY-a-1-c5,0.8,m3,p2,f1,pulpino_top,5.8,2000,0,0,1097460,1096500,548.73,548.25,300841.22,49942,53257,563,2,465,OK
442-RISCY-a-1-c5-u0.8-m3-p3-f1.def,442,RISCY-a-1-c5,0.8,m3,p3,f1,pulpino_top,5.8,2000,0,0,1097460,1096500,548.73,548.25,300841.22,49968,53283,563,2,465,OK
443-RISCY-a-1-c5-u0.8-m3-p4-f1.def,443,RISCY-a-1-c5,0.8,m3,p4,f1,pulpino_top,5.8,2000,0,0,1097460,1096500,548.73,548.25,300841.22,49982,53297,563,2,465,OK
444-RISCY-a-1-c5-u0.8-m3-p5-f1.def,444,RISCY-a-1-c5,0.8,m3,p5,f1,pulpino_top,5.8,2000,0,0,1097460,1096500,548.73,548.25,300841.22,49966,53281,563,2,465,OK
445-RISCY-a-1-c5-u0.8-m3-p6-f1.def,445,RISCY-a-1-c5,0.8,m3,p6,f1,pulpino_top,5.8,2000,0,0,1097460,1096500,548.73,548.25,300841.22,50024,53339,563,2,465,OK
446-RISCY-a-1-c5-u0.8-m3-p7-f1.def,446,RISCY-a-1-c5,0.8,m3,p7,f1,pulpino_top,5.8,2000,0,0,1097460,1096500,548.73,548.25,300841.22,49941,53256,563,2,465,OK
447-RISCY-a-1-c5-u0.8-m3-p8-f1.def,447,RISCY-a-1-c5,0.8,m3,p8,f1,pulpino_top,5.8,2000,0,0,1097460,1096500,548.73,548.25,300841.22,49972,53287,563,2,465,OK
448-RISCY-a-1-c5-u0.85-m1-p1-f1.def,448,RISCY-a-1-c5,0.85,m1,p1,f1,pulpino_top,5.8,2000,0,0,1068480,1067100,534.24,533.55,285043.75,49940,53255,563,2,451,OK
449-RISCY-a-1-c5-u0.85-m1-p2-f1.def,449,RISCY-a-1-c5,0.85,m1,p2,f1,pulpino_top,5.8,2000,0,0,1068480,1067100,534.24,533.55,285043.75,49985,53300,563,2,451,OK
45-RISCY-a-1-c2-u0.75-m2-p8-f0.def,45,RISCY-a-1-c2,0.75,m2,p8,f0,pulpino_top,5.8,2000,0,0,1132320,1130100,566.16,565.05,319908.71,52052,55308,563,2,481,OK
450-RISCY-a-1-c5-u0.85-m1-p3-f1.def,450,RISCY-a-1-c5,0.85,m1,p3,f1,pulpino_top,5.8,2000,0,0,1068480,1067100,534.24,533.55,285043.75,50002,53317,563,2,451,OK
451-RISCY-a-1-c5-u0.85-m1-p4-f1.def,451,RISCY-a-1-c5,0.85,m1,p4,f1,pulpino_top,5.8,2000,0,0,1068480,1067100,534.24,533.55,285043.75,49971,53286,563,2,451,OK
452-RISCY-a-1-c5-u0.85-m1-p5-f1.def,452,RISCY-a-1-c5,0.85,m1,p5,f1,pulpino_top,5.8,2000,0,0,1068480,1067100,534.24,533.55,285043.75,49955,53270,563,2,451,OK
453-RISCY-a-1-c5-u0.85-m1-p6-f1.def,453,RISCY-a-1-c5,0.85,m1,p6,f1,pulpino_top,5.8,2000,0,0,1068480,1067100,534.24,533.55,285043.75,49944,53259,563,2,451,OK
454-RISCY-a-1-c5-u0.85-m1-p7-f1.def,454,RISCY-a-1-c5,0.85,m1,p7,f1,pulpino_top,5.8,2000,0,0,1068480,1067100,534.24,533.55,285043.75,49973,53288,563,2,451,OK
455-RISCY-a-1-c5-u0.85-m1-p8-f1.def,455,RISCY-a-1-c5,0.85,m1,p8,f1,pulpino_top,5.8,2000,0,0,1068480,1067100,534.24,533.55,285043.75,49994,53309,563,2,451,OK
456-RISCY-a-1-c5-u0.85-m2-p1-f1.def,456,RISCY-a-1-c5,0.85,m2,p1,f1,pulpino_top,5.8,2000,0,0,1068480,1067100,534.24,533.55,285043.75,49993,53308,563,2,451,OK
457-RISCY-a-1-c5-u0.85-m2-p2-f1.def,457,RISCY-a-1-c5,0.85,m2,p2,f1,pulpino_top,5.8,2000,0,0,1068480,1067100,534.24,533.55,285043.75,49960,53275,563,2,451,OK
458-RISCY-a-1-c5-u0.85-m2-p3-f1.def,458,RISCY-a-1-c5,0.85,m2,p3,f1,pulpino_top,5.8,2000,0,0,1068480,1067100,534.24,533.55,285043.75,49994,53309,563,2,451,OK
459-RISCY-a-1-c5-u0.85-m2-p4-f1.def,459,RISCY-a-1-c5,0.85,m2,p4,f1,pulpino_top,5.8,2000,0,0,1068480,1067100,534.24,533.55,285043.75,50029,53344,563,2,451,OK
46-RISCY-a-1-c2-u0.75-m3-p1-f0.def,46,RISCY-a-1-c2,0.75,m3,p1,f0,pulpino_top,5.8,2000,0,0,1132320,1130100,566.16,565.05,319908.71,52260,55513,563,2,481,OK
460-RISCY-a-1-c5-u0.85-m2-p5-f1.def,460,RISCY-a-1-c5,0.85,m2,p5,f1,pulpino_top,5.8,2000,0,0,1068480,1067100,534.24,533.55,285043.75,49962,53277,563,2,451,OK
461-RISCY-a-1-c5-u0.85-m2-p6-f1.def,461,RISCY-a-1-c5,0.85,m2,p6,f1,pulpino_top,5.8,2000,0,0,1068480,1067100,534.24,533.55,285043.75,49977,53292,563,2,451,OK
462-RISCY-a-1-c5-u0.85-m2-p7-f1.def,462,RISCY-a-1-c5,0.85,m2,p7,f1,pulpino_top,5.8,2000,0,0,1068480,1067100,534.24,533.55,285043.75,49981,53296,563,2,451,OK
463-RISCY-a-1-c5-u0.85-m2-p8-f1.def,463,RISCY-a-1-c5,0.85,m2,p8,f1,pulpino_top,5.8,2000,0,0,1068480,1067100,534.24,533.55,285043.75,49937,53252,563,2,451,OK
464-RISCY-a-1-c5-u0.85-m3-p1-f1.def,464,RISCY-a-1-c5,0.85,m3,p1,f1,pulpino_top,5.8,2000,0,0,1068480,1067100,534.24,533.55,285043.75,49937,53252,563,2,451,OK
465-RISCY-a-1-c5-u0.85-m3-p2-f1.def,465,RISCY-a-1-c5,0.85,m3,p2,f1,pulpino_top,5.8,2000,0,0,1068480,1067100,534.24,533.55,285043.75,49933,53248,563,2,451,OK
466-RISCY-a-1-c5-u0.85-m3-p3-f1.def,466,RISCY-a-1-c5,0.85,m3,p3,f1,pulpino_top,5.8,2000,0,0,1068480,1067100,534.24,533.55,285043.75,49949,53264,563,2,451,OK
467-RISCY-a-1-c5-u0.85-m3-p4-f1.def,467,RISCY-a-1-c5,0.85,m3,p4,f1,pulpino_top,5.8,2000,0,0,1068480,1067100,534.24,533.55,285043.75,49958,53273,563,2,451,OK
468-RISCY-a-1-c5-u0.85-m3-p5-f1.def,468,RISCY-a-1-c5,0.85,m3,p5,f1,pulpino_top,5.8,2000,0,0,1068480,1067100,534.24,533.55,285043.75,49913,53228,563,2,451,OK
469-RISCY-a-1-c5-u0.85-m3-p6-f1.def,469,RISCY-a-1-c5,0.85,m3,p6,f1,pulpino_top,5.8,2000,0,0,1068480,1067100,534.24,533.55,285043.75,49915,53230,563,2,451,OK
47-RISCY-a-1-c2-u0.75-m3-p4-f0.def,47,RISCY-a-1-c2,0.75,m3,p4,f0,pulpino_top,5.8,2000,0,0,1132320,1130100,566.16,565.05,319908.71,52264,55516,563,2,481,OK
470-RISCY-a-1-c5-u0.85-m3-p7-f1.def,470,RISCY-a-1-c5,0.85,m3,p7,f1,pulpino_top,5.8,2000,0,0,1068480,1067100,534.24,533.55,285043.75,49914,53229,563,2,451,OK
471-RISCY-a-1-c5-u0.85-m3-p8-f1.def,471,RISCY-a-1-c5,0.85,m3,p8,f1,pulpino_top,5.8,2000,0,0,1068480,1067100,534.24,533.55,285043.75,49965,53280,563,2,451,OK
472-RISCY-a-1-c5-u0.9-m1-p1-f1.def,472,RISCY-a-1-c5,0.9,m1,p1,f1,pulpino_top,5.8,2000,0,0,1042440,1039800,521.22,519.9,270982.28,49936,53251,563,2,438,OK
473-RISCY-a-1-c5-u0.9-m1-p2-f1.def,473,RISCY-a-1-c5,0.9,m1,p2,f1,pulpino_top,5.8,2000,0,0,1042440,1039800,521.22,519.9,270982.28,49958,53273,563,2,438,OK
474-RISCY-a-1-c5-u0.9-m1-p3-f1.def,474,RISCY-a-1-c5,0.9,m1,p3,f1,pulpino_top,5.8,2000,0,0,1042440,1039800,521.22,519.9,270982.28,49955,53270,563,2,438,OK
475-RISCY-a-1-c5-u0.9-m1-p4-f1.def,475,RISCY-a-1-c5,0.9,m1,p4,f1,pulpino_top,5.8,2000,0,0,1042440,1039800,521.22,519.9,270982.28,49901,53216,563,2,438,OK
476-RISCY-a-1-c5-u0.9-m1-p5-f1.def,476,RISCY-a-1-c5,0.9,m1,p5,f1,pulpino_top,5.8,2000,0,0,1042440,1039800,521.22,519.9,270982.28,49942,53257,563,2,438,OK
477-RISCY-a-1-c5-u0.9-m1-p6-f1.def,477,RISCY-a-1-c5,0.9,m1,p6,f1,pulpino_top,5.8,2000,0,0,1042440,1039800,521.22,519.9,270982.28,49898,53213,563,2,438,OK
478-RISCY-a-1-c5-u0.9-m1-p7-f1.def,478,RISCY-a-1-c5,0.9,m1,p7,f1,pulpino_top,5.8,2000,0,0,1042440,1039800,521.22,519.9,270982.28,49934,53249,563,2,438,OK
479-RISCY-a-1-c5-u0.9-m1-p8-f1.def,479,RISCY-a-1-c5,0.9,m1,p8,f1,pulpino_top,5.8,2000,0,0,1042440,1039800,521.22,519.9,270982.28,49886,53201,563,2,438,OK
48-RISCY-a-1-c2-u0.75-m3-p5-f0.def,48,RISCY-a-1-c2,0.75,m3,p5,f0,pulpino_top,5.8,2000,0,0,1132320,1130100,566.16,565.05,319908.71,52109,55365,563,2,481,OK
480-RISCY-a-1-c5-u0.9-m2-p1-f1.def,480,RISCY-a-1-c5,0.9,m2,p1,f1,pulpino_top,5.8,2000,0,0,1042440,1039800,521.22,519.9,270982.28,49986,53301,563,2,438,OK
481-RISCY-a-1-c5-u0.9-m2-p2-f1.def,481,RISCY-a-1-c5,0.9,m2,p2,f1,pulpino_top,5.8,2000,0,0,1042440,1039800,521.22,519.9,270982.28,49972,53287,563,2,438,OK
482-RISCY-a-1-c5-u0.9-m2-p3-f1.def,482,RISCY-a-1-c5,0.9,m2,p3,f1,pulpino_top,5.8,2000,0,0,1042440,1039800,521.22,519.9,270982.28,49985,53300,563,2,438,OK
483-RISCY-a-1-c5-u0.9-m2-p4-f1.def,483,RISCY-a-1-c5,0.9,m2,p4,f1,pulpino_top,5.8,2000,0,0,1042440,1039800,521.22,519.9,270982.28,49892,53207,563,2,438,OK
484-RISCY-a-1-c5-u0.9-m2-p5-f1.def,484,RISCY-a-1-c5,0.9,m2,p5,f1,pulpino_top,5.8,2000,0,0,1042440,1039800,521.22,519.9,270982.28,49981,53296,563,2,438,OK
485-RISCY-a-1-c5-u0.9-m2-p6-f1.def,485,RISCY-a-1-c5,0.9,m2,p6,f1,pulpino_top,5.8,2000,0,0,1042440,1039800,521.22,519.9,270982.28,49903,53218,563,2,438,OK
486-RISCY-a-1-c5-u0.9-m2-p7-f1.def,486,RISCY-a-1-c5,0.9,m2,p7,f1,pulpino_top,5.8,2000,0,0,1042440,1039800,521.22,519.9,270982.28,49975,53290,563,2,438,OK
487-RISCY-a-1-c5-u0.9-m3-p2-f1.def,487,RISCY-a-1-c5,0.9,m3,p2,f1,pulpino_top,5.8,2000,0,0,1042440,1039800,521.22,519.9,270982.28,49892,53207,563,2,438,OK
488-RISCY-a-1-c5-u0.9-m3-p3-f1.def,488,RISCY-a-1-c5,0.9,m3,p3,f1,pulpino_top,5.8,2000,0,0,1042440,1039800,521.22,519.9,270982.28,49863,53178,563,2,438,OK
489-RISCY-a-1-c5-u0.9-m3-p4-f1.def,489,RISCY-a-1-c5,0.9,m3,p4,f1,pulpino_top,5.8,2000,0,0,1042440,1039800,521.22,519.9,270982.28,49883,53198,563,2,438,OK
49-RISCY-a-1-c2-u0.75-m3-p6-f0.def,49,RISCY-a-1-c2,0.75,m3,p6,f0,pulpino_top,5.8,2000,0,0,1132320,1130100,566.16,565.05,319908.71,52243,55493,563,2,481,OK
490-RISCY-a-1-c5-u0.9-m3-p5-f1.def,490,RISCY-a-1-c5,0.9,m3,p5,f1,pulpino_top,5.8,2000,0,0,1042440,1039800,521.22,519.9,270982.28,49875,53190,563,2,438,OK
491-RISCY-a-1-c5-u0.9-m3-p7-f1.def,491,RISCY-a-1-c5,0.9,m3,p7,f1,pulpino_top,5.8,2000,0,0,1042440,1039800,521.22,519.9,270982.28,49882,53197,563,2,438,OK
492-RISCY-a-1-c5-u0.9-m3-p8-f1.def,492,RISCY-a-1-c5,0.9,m3,p8,f1,pulpino_top,5.8,2000,0,0,1042440,1039800,521.22,519.9,270982.28,49908,53223,563,2,438,OK
493-RISCY-a-1-c20-u0.7-m1-p1-f0.def,493,RISCY-a-1-c20,0.7,m1,p1,f0,pulpino_top,5.8,2000,0,0,1165080,1163700,582.54,581.85,338950.9,49931,53246,563,2,497,OK
494-RISCY-a-1-c20-u0.7-m1-p2-f0.def,494,RISCY-a-1-c20,0.7,m1,p2,f0,pulpino_top,5.8,2000,0,0,1165080,1163700,582.54,581.85,338950.9,49992,53307,563,2,497,OK
495-RISCY-a-1-c20-u0.7-m1-p3-f0.def,495,RISCY-a-1-c20,0.7,m1,p3,f0,pulpino_top,5.8,2000,0,0,1165080,1163700,582.54,581.85,338950.9,49924,53239,563,2,497,OK
496-RISCY-a-1-c20-u0.7-m1-p4-f0.def,496,RISCY-a-1-c20,0.7,m1,p4,f0,pulpino_top,5.8,2000,0,0,1165080,1163700,582.54,581.85,338950.9,49942,53257,563,2,497,OK
497-RISCY-a-1-c20-u0.7-m1-p5-f0.def,497,RISCY-a-1-c20,0.7,m1,p5,f0,pulpino_top,5.8,2000,0,0,1165080,1163700,582.54,581.85,338950.9,49902,53217,563,2,497,OK
498-RISCY-a-1-c20-u0.7-m1-p6-f0.def,498,RISCY-a-1-c20,0.7,m1,p6,f0,pulpino_top,5.8,2000,0,0,1165080,1163700,582.54,581.85,338950.9,49902,53217,563,2,497,OK
499-RISCY-a-1-c20-u0.7-m1-p7-f0.def,499,RISCY-a-1-c20,0.7,m1,p7,f0,pulpino_top,5.8,2000,0,0,1165080,1163700,582.54,581.85,338950.9,49921,53236,563,2,497,OK
5-RISCY-a-1-c2-u0.7-m1-p5-f0.def,5,RISCY-a-1-c2,0.7,m1,p5,f0,pulpino_top,5.8,2000,0,0,1167600,1165800,583.8,582.9,340297.02,52106,55361,563,2,498,OK
50-RISCY-a-1-c2-u0.75-m3-p7-f0.def,50,RISCY-a-1-c2,0.75,m3,p7,f0,pulpino_top,5.8,2000,0,0,1132320,1130100,566.16,565.05,319908.71,52118,55373,563,2,481,OK
500-RISCY-a-1-c20-u0.7-m1-p8-f0.def,500,RISCY-a-1-c20,0.7,m1,p8,f0,pulpino_top,5.8,2000,0,0,1165080,1163700,582.54,581.85,338950.9,49946,53261,563,2,497,OK
51-RISCY-a-1-c2-u0.75-m3-p8-f0.def,51,RISCY-a-1-c2,0.75,m3,p8,f0,pulpino_top,5.8,2000,0,0,1132320,1130100,566.16,565.05,319908.71,52179,55436,563,2,481,OK
52-RISCY-a-1-c2-u0.75-m4-p1-f0.def,52,RISCY-a-1-c2,0.75,m4,p1,f0,pulpino_top,5.8,2000,0,0,1132320,1130100,566.16,565.05,319908.71,52169,55421,563,2,481,OK
53-RISCY-a-1-c2-u0.75-m4-p2-f0.def,53,RISCY-a-1-c2,0.75,m4,p2,f0,pulpino_top,5.8,2000,0,0,1132320,1130100,566.16,565.05,319908.71,52128,55382,563,2,481,OK
54-RISCY-a-1-c2-u0.75-m4-p3-f0.def,54,RISCY-a-1-c2,0.75,m4,p3,f0,pulpino_top,5.8,2000,0,0,1132320,1130100,566.16,565.05,319908.71,52167,55422,563,2,481,OK
55-RISCY-a-1-c2-u0.75-m4-p4-f0.def,55,RISCY-a-1-c2,0.75,m4,p4,f0,pulpino_top,5.8,2000,0,0,1132320,1130100,566.16,565.05,319908.71,52118,55372,563,2,481,OK
56-RISCY-a-1-c2-u0.75-m4-p5-f0.def,56,RISCY-a-1-c2,0.75,m4,p5,f0,pulpino_top,5.8,2000,0,0,1132320,1130100,566.16,565.05,319908.71,52188,55440,563,2,481,OK
57-RISCY-a-1-c2-u0.75-m4-p6-f0.def,57,RISCY-a-1-c2,0.75,m4,p6,f0,pulpino_top,5.8,2000,0,0,1132320,1130100,566.16,565.05,319908.71,52112,55367,563,2,481,OK
58-RISCY-a-1-c2-u0.75-m4-p7-f0.def,58,RISCY-a-1-c2,0.75,m4,p7,f0,pulpino_top,5.8,2000,0,0,1132320,1130100,566.16,565.05,319908.71,52169,55419,563,2,481,OK
59-RISCY-a-1-c2-u0.75-m4-p8-f0.def,59,RISCY-a-1-c2,0.75,m4,p8,f0,pulpino_top,5.8,2000,0,0,1132320,1130100,566.16,565.05,319908.71,52111,55364,563,2,481,OK
6-RISCY-a-1-c2-u0.7-m1-p6-f0.def,6,RISCY-a-1-c2,0.7,m1,p6,f0,pulpino_top,5.8,2000,0,0,1167600,1165800,583.8,582.9,340297.02,52071,55327,563,2,498,OK
60-RISCY-a-1-c2-u0.8-m1-p1-f0.def,60,RISCY-a-1-c2,0.8,m1,p1,f0,pulpino_top,5.8,2000,0,0,1099980,1098600,549.99,549.3,302109.51,52162,55417,563,2,466,OK
61-RISCY-a-1-c2-u0.8-m1-p2-f0.def,61,RISCY-a-1-c2,0.8,m1,p2,f0,pulpino_top,5.8,2000,0,0,1099980,1098600,549.99,549.3,302109.51,51998,55254,563,2,466,OK
62-RISCY-a-1-c2-u0.8-m1-p3-f0.def,62,RISCY-a-1-c2,0.8,m1,p3,f0,pulpino_top,5.8,2000,0,0,1099980,1098600,549.99,549.3,302109.51,52064,55320,563,2,466,OK
63-RISCY-a-1-c2-u0.8-m1-p4-f0.def,63,RISCY-a-1-c2,0.8,m1,p4,f0,pulpino_top,5.8,2000,0,0,1099980,1098600,549.99,549.3,302109.51,51992,55246,563,2,466,OK
64-RISCY-a-1-c2-u0.8-m1-p5-f0.def,64,RISCY-a-1-c2,0.8,m1,p5,f0,pulpino_top,5.8,2000,0,0,1099980,1098600,549.99,549.3,302109.51,52033,55288,563,2,466,OK
65-RISCY-a-1-c2-u0.8-m1-p6-f0.def,65,RISCY-a-1-c2,0.8,m1,p6,f0,pulpino_top,5.8,2000,0,0,1099980,1098600,549.99,549.3,302109.51,52085,55338,563,2,466,OK
66-RISCY-a-1-c2-u0.8-m1-p7-f0.def,66,RISCY-a-1-c2,0.8,m1,p7,f0,pulpino_top,5.8,2000,0,0,1099980,1098600,549.99,549.3,302109.51,52101,55352,563,2,466,OK
67-RISCY-a-1-c2-u0.8-m1-p8-f0.def,67,RISCY-a-1-c2,0.8,m1,p8,f0,pulpino_top,5.8,2000,0,0,1099980,1098600,549.99,549.3,302109.51,52061,55311,563,2,466,OK
68-RISCY-a-1-c2-u0.8-m2-p1-f0.def,68,RISCY-a-1-c2,0.8,m2,p1,f0,pulpino_top,5.8,2000,0,0,1099980,1098600,549.99,549.3,302109.51,52067,55322,563,2,466,OK
69-RISCY-a-1-c2-u0.8-m2-p2-f0.def,69,RISCY-a-1-c2,0.8,m2,p2,f0,pulpino_top,5.8,2000,0,0,1099980,1098600,549.99,549.3,302109.51,52090,55346,563,2,466,OK
7-RISCY-a-1-c2-u0.7-m1-p7-f0.def,7,RISCY-a-1-c2,0.7,m1,p7,f0,pulpino_top,5.8,2000,0,0,1167600,1165800,583.8,582.9,340297.02,52115,55368,563,2,498,OK
70-RISCY-a-1-c2-u0.8-m2-p3-f0.def,70,RISCY-a-1-c2,0.8,m2,p3,f0,pulpino_top,5.8,2000,0,0,1099980,1098600,549.99,549.3,302109.51,52154,55406,563,2,466,OK
71-RISCY-a-1-c2-u0.8-m2-p4-f0.def,71,RISCY-a-1-c2,0.8,m2,p4,f0,pulpino_top,5.8,2000,0,0,1099980,1098600,549.99,549.3,302109.51,52105,55358,563,2,466,OK
72-RISCY-a-1-c2-u0.8-m2-p5-f0.def,72,RISCY-a-1-c2,0.8,m2,p5,f0,pulpino_top,5.8,2000,0,0,1099980,1098600,549.99,549.3,302109.51,52079,55332,563,2,466,OK
73-RISCY-a-1-c2-u0.8-m2-p6-f0.def,73,RISCY-a-1-c2,0.8,m2,p6,f0,pulpino_top,5.8,2000,0,0,1099980,1098600,549.99,549.3,302109.51,52029,55281,563,2,466,OK
74-RISCY-a-1-c2-u0.8-m2-p7-f0.def,74,RISCY-a-1-c2,0.8,m2,p7,f0,pulpino_top,5.8,2000,0,0,1099980,1098600,549.99,549.3,302109.51,52113,55366,563,2,466,OK
75-RISCY-a-1-c2-u0.8-m2-p8-f0.def,75,RISCY-a-1-c2,0.8,m2,p8,f0,pulpino_top,5.8,2000,0,0,1099980,1098600,549.99,549.3,302109.51,52163,55415,563,2,466,OK
76-RISCY-a-1-c2-u0.8-m3-p1-f0.def,76,RISCY-a-1-c2,0.8,m3,p1,f0,pulpino_top,5.8,2000,0,0,1099980,1098600,549.99,549.3,302109.51,52217,55462,563,2,466,OK
77-RISCY-a-1-c2-u0.8-m3-p4-f0.def,77,RISCY-a-1-c2,0.8,m3,p4,f0,pulpino_top,5.8,2000,0,0,1099980,1098600,549.99,549.3,302109.51,52369,55614,563,2,466,OK
78-RISCY-a-1-c2-u0.8-m3-p5-f0.def,78,RISCY-a-1-c2,0.8,m3,p5,f0,pulpino_top,5.8,2000,0,0,1099980,1098600,549.99,549.3,302109.51,52522,55766,563,2,466,OK
79-RISCY-a-1-c2-u0.8-m3-p6-f0.def,79,RISCY-a-1-c2,0.8,m3,p6,f0,pulpino_top,5.8,2000,0,0,1099980,1098600,549.99,549.3,302109.51,52501,55739,563,2,466,OK
8-RISCY-a-1-c2-u0.7-m1-p8-f0.def,8,RISCY-a-1-c2,0.7,m1,p8,f0,pulpino_top,5.8,2000,0,0,1167600,1165800,583.8,582.9,340297.02,52104,55356,563,2,498,OK
80-RISCY-a-1-c2-u0.8-m3-p7-f0.def,80,RISCY-a-1-c2,0.8,m3,p7,f0,pulpino_top,5.8,2000,0,0,1099980,1098600,549.99,549.3,302109.51,52736,55961,563,2,466,OK
81-RISCY-a-1-c2-u0.8-m3-p8-f0.def,81,RISCY-a-1-c2,0.8,m3,p8,f0,pulpino_top,5.8,2000,0,0,1099980,1098600,549.99,549.3,302109.51,52419,55662,563,2,466,OK
82-RISCY-a-1-c2-u0.8-m4-p1-f0.def,82,RISCY-a-1-c2,0.8,m4,p1,f0,pulpino_top,5.8,2000,0,0,1099980,1098600,549.99,549.3,302109.51,51992,55246,563,2,466,OK
83-RISCY-a-1-c2-u0.8-m4-p2-f0.def,83,RISCY-a-1-c2,0.8,m4,p2,f0,pulpino_top,5.8,2000,0,0,1099980,1098600,549.99,549.3,302109.51,52080,55331,563,2,466,OK
84-RISCY-a-1-c2-u0.8-m4-p3-f0.def,84,RISCY-a-1-c2,0.8,m4,p3,f0,pulpino_top,5.8,2000,0,0,1099980,1098600,549.99,549.3,302109.51,51967,55221,563,2,466,OK
85-RISCY-a-1-c2-u0.8-m4-p4-f0.def,85,RISCY-a-1-c2,0.8,m4,p4,f0,pulpino_top,5.8,2000,0,0,1099980,1098600,549.99,549.3,302109.51,52062,55314,563,2,466,OK
86-RISCY-a-1-c2-u0.8-m4-p5-f0.def,86,RISCY-a-1-c2,0.8,m4,p5,f0,pulpino_top,5.8,2000,0,0,1099980,1098600,549.99,549.3,302109.51,52020,55272,563,2,466,OK
87-RISCY-a-1-c2-u0.8-m4-p6-f0.def,87,RISCY-a-1-c2,0.8,m4,p6,f0,pulpino_top,5.8,2000,0,0,1099980,1098600,549.99,549.3,302109.51,52089,55340,563,2,466,OK
88-RISCY-a-1-c2-u0.8-m4-p7-f0.def,88,RISCY-a-1-c2,0.8,m4,p7,f0,pulpino_top,5.8,2000,0,0,1099980,1098600,549.99,549.3,302109.51,52016,55270,563,2,466,OK
89-RISCY-a-1-c2-u0.8-m4-p8-f0.def,89,RISCY-a-1-c2,0.8,m4,p8,f0,pulpino_top,5.8,2000,0,0,1099980,1098600,549.99,549.3,302109.51,52013,55267,563,2,466,OK
9-RISCY-a-1-c2-u0.7-m2-p1-f0.def,9,RISCY-a-1-c2,0.7,m2,p1,f0,pulpino_top,5.8,2000,0,0,1167600,1165800,583.8,582.9,340297.02,52117,55369,563,2,498,OK
90-RISCY-a-1-c2-u0.85-m1-p1-f0.def,90,RISCY-a-1-c2,0.85,m1,p1,f0,pulpino_top,5.8,2000,0,0,1070580,1069200,535.29,534.6,286166.03,52141,55396,563,2,452,OK
91-RISCY-a-1-c2-u0.85-m1-p2-f0.def,91,RISCY-a-1-c2,0.85,m1,p2,f0,pulpino_top,5.8,2000,0,0,1070580,1069200,535.29,534.6,286166.03,52065,55319,563,2,452,OK
92-RISCY-a-1-c2-u0.85-m1-p3-f0.def,92,RISCY-a-1-c2,0.85,m1,p3,f0,pulpino_top,5.8,2000,0,0,1070580,1069200,535.29,534.6,286166.03,52079,55332,563,2,452,OK
93-RISCY-a-1-c2-u0.85-m1-p4-f0.def,93,RISCY-a-1-c2,0.85,m1,p4,f0,pulpino_top,5.8,2000,0,0,1070580,1069200,535.29,534.6,286166.03,52127,55381,563,2,452,OK
94-RISCY-a-1-c2-u0.85-m1-p5-f0.def,94,RISCY-a-1-c2,0.85,m1,p5,f0,pulpino_top,5.8,2000,0,0,1070580,1069200,535.29,534.6,286166.03,52067,55323,563,2,452,OK
95-RISCY-a-1-c2-u0.85-m1-p6-f0.def,95,RISCY-a-1-c2,0.85,m1,p6,f0,pulpino_top,5.8,2000,0,0,1070580,1069200,535.29,534.6,286166.03,52142,55394,563,2,452,OK
96-RISCY-a-1-c2-u0.85-m1-p7-f0.def,96,RISCY-a-1-c2,0.85,m1,p7,f0,pulpino_top,5.8,2000,0,0,1070580,1069200,535.29,534.6,286166.03,52170,55418,563,2,452,OK
97-RISCY-a-1-c2-u0.85-m1-p8-f0.def,97,RISCY-a-1-c2,0.85,m1,p8,f0,pulpino_top,5.8,2000,0,0,1070580,1069200,535.29,534.6,286166.03,52112,55365,563,2,452,OK
98-RISCY-a-1-c2-u0.85-m2-p1-f0.def,98,RISCY-a-1-c2,0.85,m2,p1,f0,pulpino_top,5.8,2000,0,0,1070580,1069200,535.29,534.6,286166.03,52139,55393,563,2,452,OK
99-RISCY-a-1-c2-u0.85-m2-p2-f0.def,99,RISCY-a-1-c2,0.85,m2,p2,f0,pulpino_top,5.8,2000,0,0,1070580,1069200,535.29,534.6,286166.03,52356,55599,563,2,452,OK
