design_id,source_node_attr,source_net_attr,source_pin_attr,num_cells,num_nets,num_pins,num_bipartite_edges,num_projected_cell_edges,num_cell_types,total_cell_area_um2,num_components,validation_status,graph_output_file,graph_file_size_mb,feature_schema_version
RISCY-FPU-a-1-c20,dataset/circuit_graph/node_attr/RISCY-FPU-a-1-c20_node_attr.npy,dataset/circuit_graph/net_attr/RISCY-FPU-a-1-c20_net_attr.npy,dataset/circuit_graph/pin_attr/RISCY-FPU-a-1-c20_pin_attr.npy,68684,70559,281394,281394,1376178,92,213897.61,1,PASS,dataset/graphs/RISCY-FPU-a-1-c20_graph.npz,4.11,2.0.0
RISCY-FPU-a-1-c2,dataset/circuit_graph/node_attr/RISCY-FPU-a-1-c2_node_attr.npy,dataset/circuit_graph/net_attr/RISCY-FPU-a-1-c2_net_attr.npy,dataset/circuit_graph/pin_attr/RISCY-FPU-a-1-c2_pin_attr.npy,75067,76569,294711,294711,1301782,228,219970.83,1,PASS,dataset/graphs/RISCY-FPU-a-1-c2_graph.npz,4.11,2.0.0
RISCY-FPU-a-1-c5,dataset/circuit_graph/node_attr/RISCY-FPU-a-1-c5_node_attr.npy,dataset/circuit_graph/net_attr/RISCY-FPU-a-1-c5_net_attr.npy,dataset/circuit_graph/pin_attr/RISCY-FPU-a-1-c5_pin_attr.npy,70776,72661,284953,284953,1419490,121,215541.19,1,PASS,dataset/graphs/RISCY-FPU-a-1-c5_graph.npz,4.25,2.0.0
RISCY-FPU-a-2-c20,dataset/circuit_graph/node_attr/RISCY-FPU-a-2-c20_node_attr.npy,dataset/circuit_graph/net_attr/RISCY-FPU-a-2-c20_net_attr.npy,dataset/circuit_graph/pin_attr/RISCY-FPU-a-2-c20_pin_attr.npy,68687,70561,281592,281592,1376554,92,248269.95,1,PASS,dataset/graphs/RISCY-FPU-a-2-c20_graph.npz,4.11,2.0.0
RISCY-FPU-a-2-c2,dataset/circuit_graph/node_attr/RISCY-FPU-a-2-c2_node_attr.npy,dataset/circuit_graph/net_attr/RISCY-FPU-a-2-c2_net_attr.npy,dataset/circuit_graph/pin_attr/RISCY-FPU-a-2-c2_pin_attr.npy,75070,76571,294909,294909,1302158,228,254343.22,1,PASS,dataset/graphs/RISCY-FPU-a-2-c2_graph.npz,4.11,2.0.0
RISCY-FPU-a-2-c5,dataset/circuit_graph/node_attr/RISCY-FPU-a-2-c5_node_attr.npy,dataset/circuit_graph/net_attr/RISCY-FPU-a-2-c5_net_attr.npy,dataset/circuit_graph/pin_attr/RISCY-FPU-a-2-c5_pin_attr.npy,70779,72663,285151,285151,1419866,121,249913.53,1,PASS,dataset/graphs/RISCY-FPU-a-2-c5_graph.npz,4.25,2.0.0
RISCY-FPU-a-3-c20,dataset/circuit_graph/node_attr/RISCY-FPU-a-3-c20_node_attr.npy,dataset/circuit_graph/net_attr/RISCY-FPU-a-3-c20_net_attr.npy,dataset/circuit_graph/pin_attr/RISCY-FPU-a-3-c20_pin_attr.npy,68690,70594,281790,281790,1376926,92,282642.31,1,PASS,dataset/graphs/RISCY-FPU-a-3-c20_graph.npz,4.11,2.0.0
RISCY-FPU-a-3-c2,dataset/circuit_graph/node_attr/RISCY-FPU-a-3-c2_node_attr.npy,dataset/circuit_graph/net_attr/RISCY-FPU-a-3-c2_net_attr.npy,dataset/circuit_graph/pin_attr/RISCY-FPU-a-3-c2_pin_attr.npy,75073,76604,295107,295107,1302530,228,288715.56,1,PASS,dataset/graphs/RISCY-FPU-a-3-c2_graph.npz,4.11,2.0.0
RISCY-FPU-a-3-c5,dataset/circuit_graph/node_attr/RISCY-FPU-a-3-c5_node_attr.npy,dataset/circuit_graph/net_attr/RISCY-FPU-a-3-c5_net_attr.npy,dataset/circuit_graph/pin_attr/RISCY-FPU-a-3-c5_pin_attr.npy,70782,72696,285349,285349,1420238,121,284285.88,1,PASS,dataset/graphs/RISCY-FPU-a-3-c5_graph.npz,4.25,2.0.0
RISCY-FPU-b-1-c20,dataset/circuit_graph/node_attr/RISCY-FPU-b-1-c20_node_attr.npy,dataset/circuit_graph/net_attr/RISCY-FPU-b-1-c20_net_attr.npy,dataset/circuit_graph/pin_attr/RISCY-FPU-b-1-c20_pin_attr.npy,44980,48202,184593,184593,1058038,97,212643.83,1,WARN,dataset/graphs/RISCY-FPU-b-1-c20_graph.npz,3.02,2.0.0
RISCY-FPU-b-1-c2,dataset/circuit_graph/node_attr/RISCY-FPU-b-1-c2_node_attr.npy,dataset/circuit_graph/net_attr/RISCY-FPU-b-1-c2_net_attr.npy,dataset/circuit_graph/pin_attr/RISCY-FPU-b-1-c2_pin_attr.npy,50896,53738,197363,197363,1104604,216,252312.62,1,WARN,dataset/graphs/RISCY-FPU-b-1-c2_graph.npz,3.27,2.0.0
RISCY-FPU-b-1-c5,dataset/circuit_graph/node_attr/RISCY-FPU-b-1-c5_node_attr.npy,dataset/circuit_graph/net_attr/RISCY-FPU-b-1-c5_net_attr.npy,dataset/circuit_graph/pin_attr/RISCY-FPU-b-1-c5_pin_attr.npy,46251,49493,186853,186853,1040564,127,213485.94,1,WARN,dataset/graphs/RISCY-FPU-b-1-c5_graph.npz,3.01,2.0.0
RISCY-FPU-b-2-c20,dataset/circuit_graph/node_attr/RISCY-FPU-b-2-c20_node_attr.npy,dataset/circuit_graph/net_attr/RISCY-FPU-b-2-c20_net_attr.npy,dataset/circuit_graph/pin_attr/RISCY-FPU-b-2-c20_pin_attr.npy,44983,48204,184791,184791,1058414,97,247016.2,1,WARN,dataset/graphs/RISCY-FPU-b-2-c20_graph.npz,3.03,2.0.0
RISCY-FPU-b-2-c2,dataset/circuit_graph/node_attr/RISCY-FPU-b-2-c2_node_attr.npy,dataset/circuit_graph/net_attr/RISCY-FPU-b-2-c2_net_attr.npy,dataset/circuit_graph/pin_attr/RISCY-FPU-b-2-c2_pin_attr.npy,50896,53738,197363,197363,1104604,216,252312.62,1,WARN,dataset/graphs/RISCY-FPU-b-2-c2_graph.npz,3.27,2.0.0
RISCY-FPU-b-2-c5,dataset/circuit_graph/node_attr/RISCY-FPU-b-2-c5_node_attr.npy,dataset/circuit_graph/net_attr/RISCY-FPU-b-2-c5_net_attr.npy,dataset/circuit_graph/pin_attr/RISCY-FPU-b-2-c5_pin_attr.npy,46254,49495,187051,187051,1040940,127,247858.3,1,WARN,dataset/graphs/RISCY-FPU-b-2-c5_graph.npz,3.01,2.0.0
RISCY-FPU-b-3-c20,dataset/circuit_graph/node_attr/RISCY-FPU-b-3-c20_node_attr.npy,dataset/circuit_graph/net_attr/RISCY-FPU-b-3-c20_net_attr.npy,dataset/circuit_graph/pin_attr/RISCY-FPU-b-3-c20_pin_attr.npy,44986,48237,184989,184989,1058786,97,281388.5,1,WARN,dataset/graphs/RISCY-FPU-b-3-c20_graph.npz,3.03,2.0.0
RISCY-FPU-b-3-c2,dataset/circuit_graph/node_attr/RISCY-FPU-b-3-c2_node_attr.npy,dataset/circuit_graph/net_attr/RISCY-FPU-b-3-c2_net_attr.npy,dataset/circuit_graph/pin_attr/RISCY-FPU-b-3-c2_pin_attr.npy,50899,53771,197561,197561,1104976,216,286684.97,1,WARN,dataset/graphs/RISCY-FPU-b-3-c2_graph.npz,3.27,2.0.0
RISCY-FPU-b-3-c5,dataset/circuit_graph/node_attr/RISCY-FPU-b-3-c5_node_attr.npy,dataset/circuit_graph/net_attr/RISCY-FPU-b-3-c5_net_attr.npy,dataset/circuit_graph/pin_attr/RISCY-FPU-b-3-c5_pin_attr.npy,46257,49528,187249,187249,1041312,127,282230.62,1,WARN,dataset/graphs/RISCY-FPU-b-3-c5_graph.npz,3.01,2.0.0
RISCY-a-1-c20,dataset/circuit_graph/node_attr/RISCY-a-1-c20_node_attr.npy,dataset/circuit_graph/net_attr/RISCY-a-1-c20_net_attr.npy,dataset/circuit_graph/pin_attr/RISCY-a-1-c20_pin_attr.npy,52255,53458,213772,213772,1225990,88,190706.75,1,PASS,dataset/graphs/RISCY-a-1-c20_graph.npz,3.48,2.0.0
RISCY-a-1-c2,dataset/circuit_graph/node_attr/RISCY-a-1-c2_node_attr.npy,dataset/circuit_graph/net_attr/RISCY-a-1-c2_net_attr.npy,dataset/circuit_graph/pin_attr/RISCY-a-1-c2_pin_attr.npy,53586,54734,215368,215368,1116830,153,191615.41,1,PASS,dataset/graphs/RISCY-a-1-c2_graph.npz,3.3,2.0.0
RISCY-a-1-c5,dataset/circuit_graph/node_attr/RISCY-a-1-c5_node_attr.npy,dataset/circuit_graph/net_attr/RISCY-a-1-c5_net_attr.npy,dataset/circuit_graph/pin_attr/RISCY-a-1-c5_pin_attr.npy,52275,53478,213812,213812,1231112,89,190720.19,1,PASS,dataset/graphs/RISCY-a-1-c5_graph.npz,3.49,2.0.0
RISCY-a-2-c20,dataset/circuit_graph/node_attr/RISCY-a-2-c20_node_attr.npy,dataset/circuit_graph/net_attr/RISCY-a-2-c20_net_attr.npy,dataset/circuit_graph/pin_attr/RISCY-a-2-c20_pin_attr.npy,52258,53460,213970,213970,1226364,88,225079.08,1,PASS,dataset/graphs/RISCY-a-2-c20_graph.npz,3.48,2.0.0
RISCY-a-2-c2,dataset/circuit_graph/node_attr/RISCY-a-2-c2_node_attr.npy,dataset/circuit_graph/net_attr/RISCY-a-2-c2_net_attr.npy,dataset/circuit_graph/pin_attr/RISCY-a-2-c2_pin_attr.npy,53589,54736,215566,215566,1117204,153,225987.78,1,PASS,dataset/graphs/RISCY-a-2-c2_graph.npz,3.3,2.0.0
RISCY-a-2-c5,dataset/circuit_graph/node_attr/RISCY-a-2-c5_node_attr.npy,dataset/circuit_graph/net_attr/RISCY-a-2-c5_net_attr.npy,dataset/circuit_graph/pin_attr/RISCY-a-2-c5_pin_attr.npy,52278,53480,214010,214010,1231486,89,225092.55,1,PASS,dataset/graphs/RISCY-a-2-c5_graph.npz,3.5,2.0.0
RISCY-a-3-c20,dataset/circuit_graph/node_attr/RISCY-a-3-c20_node_attr.npy,dataset/circuit_graph/net_attr/RISCY-a-3-c20_net_attr.npy,dataset/circuit_graph/pin_attr/RISCY-a-3-c20_pin_attr.npy,52261,53493,214168,214168,1226734,88,259451.41,1,PASS,dataset/graphs/RISCY-a-3-c20_graph.npz,3.49,2.0.0
RISCY-a-3-c2,dataset/circuit_graph/node_attr/RISCY-a-3-c2_node_attr.npy,dataset/circuit_graph/net_attr/RISCY-a-3-c2_net_attr.npy,dataset/circuit_graph/pin_attr/RISCY-a-3-c2_pin_attr.npy,53592,54769,215764,215764,1117574,153,260360.16,1,PASS,dataset/graphs/RISCY-a-3-c2_graph.npz,3.3,2.0.0
RISCY-a-3-c5,dataset/circuit_graph/node_attr/RISCY-a-3-c5_node_attr.npy,dataset/circuit_graph/net_attr/RISCY-a-3-c5_net_attr.npy,dataset/circuit_graph/pin_attr/RISCY-a-3-c5_pin_attr.npy,52281,53513,214208,214208,1231856,89,259464.91,1,PASS,dataset/graphs/RISCY-a-3-c5_graph.npz,3.5,2.0.0
RISCY-b-1-c20,dataset/circuit_graph/node_attr/RISCY-b-1-c20_node_attr.npy,dataset/circuit_graph/net_attr/RISCY-b-1-c20_net_attr.npy,dataset/circuit_graph/pin_attr/RISCY-b-1-c20_pin_attr.npy,29767,32305,122013,122013,867802,93,190798.25,1,WARN,dataset/graphs/RISCY-b-1-c20_graph.npz,2.34,2.0.0
RISCY-b-1-c2,dataset/circuit_graph/node_attr/RISCY-b-1-c2_node_attr.npy,dataset/circuit_graph/net_attr/RISCY-b-1-c2_net_attr.npy,dataset/circuit_graph/pin_attr/RISCY-b-1-c2_pin_attr.npy,31165,33568,124178,124178,876840,151,191362.52,1,WARN,dataset/graphs/RISCY-b-1-c2_graph.npz,2.4,2.0.0
RISCY-b-1-c5,dataset/circuit_graph/node_attr/RISCY-b-1-c5_node_attr.npy,dataset/circuit_graph/net_attr/RISCY-b-1-c5_net_attr.npy,dataset/circuit_graph/pin_attr/RISCY-b-1-c5_pin_attr.npy,29752,32290,121983,121983,897040,92,190421.86,1,WARN,dataset/graphs/RISCY-b-1-c5_graph.npz,2.4,2.0.0
RISCY-b-2-c20,dataset/circuit_graph/node_attr/RISCY-b-2-c20_node_attr.npy,dataset/circuit_graph/net_attr/RISCY-b-2-c20_net_attr.npy,dataset/circuit_graph/pin_attr/RISCY-b-2-c20_pin_attr.npy,29770,32307,122211,122211,868178,93,225170.59,1,WARN,dataset/graphs/RISCY-b-2-c20_graph.npz,2.35,2.0.0
RISCY-b-2-c2,dataset/circuit_graph/node_attr/RISCY-b-2-c2_node_attr.npy,dataset/circuit_graph/net_attr/RISCY-b-2-c2_net_attr.npy,dataset/circuit_graph/pin_attr/RISCY-b-2-c2_pin_attr.npy,31168,33570,124376,124376,877216,151,225734.88,1,WARN,dataset/graphs/RISCY-b-2-c2_graph.npz,2.4,2.0.0
RISCY-b-2-c5,dataset/circuit_graph/node_attr/RISCY-b-2-c5_node_attr.npy,dataset/circuit_graph/net_attr/RISCY-b-2-c5_net_attr.npy,dataset/circuit_graph/pin_attr/RISCY-b-2-c5_pin_attr.npy,29755,32292,122181,122181,897416,92,224794.2,1,WARN,dataset/graphs/RISCY-b-2-c5_graph.npz,2.4,2.0.0
RISCY-b-3-c20,dataset/circuit_graph/node_attr/RISCY-b-3-c20_node_attr.npy,dataset/circuit_graph/net_attr/RISCY-b-3-c20_net_attr.npy,dataset/circuit_graph/pin_attr/RISCY-b-3-c20_pin_attr.npy,29773,32340,122409,122409,868550,93,259542.94,1,WARN,dataset/graphs/RISCY-b-3-c20_graph.npz,2.35,2.0.0
RISCY-b-3-c2,dataset/circuit_graph/node_attr/RISCY-b-3-c2_node_attr.npy,dataset/circuit_graph/net_attr/RISCY-b-3-c2_net_attr.npy,dataset/circuit_graph/pin_attr/RISCY-b-3-c2_pin_attr.npy,31171,33603,124574,124574,877588,151,260107.23,1,WARN,dataset/graphs/RISCY-b-3-c2_graph.npz,2.4,2.0.0
RISCY-b-3-c5,dataset/circuit_graph/node_attr/RISCY-b-3-c5_node_attr.npy,dataset/circuit_graph/net_attr/RISCY-b-3-c5_net_attr.npy,dataset/circuit_graph/pin_attr/RISCY-b-3-c5_pin_attr.npy,29758,32325,122379,122379,897788,92,259166.58,1,WARN,dataset/graphs/RISCY-b-3-c5_graph.npz,2.4,2.0.0
zero-riscy-a-1-c20,dataset/circuit_graph/node_attr/zero-riscy-a-1-c20_node_attr.npy,dataset/circuit_graph/net_attr/zero-riscy-a-1-c20_net_attr.npy,dataset/circuit_graph/pin_attr/zero-riscy-a-1-c20_pin_attr.npy,41405,41787,167258,167258,919026,84,173381.38,1,PASS,dataset/graphs/zero-riscy-a-1-c20_graph.npz,2.66,2.0.0
zero-riscy-a-1-c2,dataset/circuit_graph/node_attr/zero-riscy-a-1-c2_node_attr.npy,dataset/circuit_graph/net_attr/zero-riscy-a-1-c2_net_attr.npy,dataset/circuit_graph/pin_attr/zero-riscy-a-1-c2_pin_attr.npy,42102,42428,168527,168527,973806,121,173924.69,1,PASS,dataset/graphs/zero-riscy-a-1-c2_graph.npz,2.77,2.0.0
zero-riscy-a-1-c5,dataset/circuit_graph/node_attr/zero-riscy-a-1-c5_node_attr.npy,dataset/circuit_graph/net_attr/zero-riscy-a-1-c5_net_attr.npy,dataset/circuit_graph/pin_attr/zero-riscy-a-1-c5_pin_attr.npy,41406,41788,167260,167260,912596,88,173383.61,1,PASS,dataset/graphs/zero-riscy-a-1-c5_graph.npz,2.65,2.0.0
zero-riscy-a-2-c20,dataset/circuit_graph/node_attr/zero-riscy-a-2-c20_node_attr.npy,dataset/circuit_graph/net_attr/zero-riscy-a-2-c20_net_attr.npy,dataset/circuit_graph/pin_attr/zero-riscy-a-2-c20_pin_attr.npy,41408,41789,167456,167456,919322,84,207753.73,1,PASS,dataset/graphs/zero-riscy-a-2-c20_graph.npz,2.66,2.0.0
zero-riscy-a-2-c2,dataset/circuit_graph/node_attr/zero-riscy-a-2-c2_node_attr.npy,dataset/circuit_graph/net_attr/zero-riscy-a-2-c2_net_attr.npy,dataset/circuit_graph/pin_attr/zero-riscy-a-2-c2_pin_attr.npy,42105,42430,168725,168725,974102,121,208297.06,1,PASS,dataset/graphs/zero-riscy-a-2-c2_graph.npz,2.77,2.0.0
zero-riscy-a-2-c5,dataset/circuit_graph/node_attr/zero-riscy-a-2-c5_node_attr.npy,dataset/circuit_graph/net_attr/zero-riscy-a-2-c5_net_attr.npy,dataset/circuit_graph/pin_attr/zero-riscy-a-2-c5_pin_attr.npy,41409,41790,167458,167458,912892,88,207755.94,1,PASS,dataset/graphs/zero-riscy-a-2-c5_graph.npz,2.65,2.0.0
zero-riscy-a-3-c20,dataset/circuit_graph/node_attr/zero-riscy-a-3-c20_node_attr.npy,dataset/circuit_graph/net_attr/zero-riscy-a-3-c20_net_attr.npy,dataset/circuit_graph/pin_attr/zero-riscy-a-3-c20_pin_attr.npy,41411,41822,167654,167654,919614,84,242126.11,1,PASS,dataset/graphs/zero-riscy-a-3-c20_graph.npz,2.66,2.0.0
zero-riscy-a-3-c2,dataset/circuit_graph/node_attr/zero-riscy-a-3-c2_node_attr.npy,dataset/circuit_graph/net_attr/zero-riscy-a-3-c2_net_attr.npy,dataset/circuit_graph/pin_attr/zero-riscy-a-3-c2_pin_attr.npy,42108,42463,168923,168923,974394,121,242669.42,1,PASS,dataset/graphs/zero-riscy-a-3-c2_graph.npz,2.77,2.0.0
zero-riscy-a-3-c5,dataset/circuit_graph/node_attr/zero-riscy-a-3-c5_node_attr.npy,dataset/circuit_graph/net_attr/zero-riscy-a-3-c5_net_attr.npy,dataset/circuit_graph/pin_attr/zero-riscy-a-3-c5_pin_attr.npy,41412,41823,167656,167656,913184,88,242128.31,1,PASS,dataset/graphs/zero-riscy-a-3-c5_graph.npz,2.65,2.0.0
zero-riscy-b-1-c20,dataset/circuit_graph/node_attr/zero-riscy-b-1-c20_node_attr.npy,dataset/circuit_graph/net_attr/zero-riscy-b-1-c20_net_attr.npy,dataset/circuit_graph/pin_attr/zero-riscy-b-1-c20_pin_attr.npy,19946,21663,80422,80422,584926,84,174739.23,1,WARN,dataset/graphs/zero-riscy-b-1-c20_graph.npz,1.59,2.0.0
zero-riscy-b-1-c2,dataset/circuit_graph/node_attr/zero-riscy-b-1-c2_node_attr.npy,dataset/circuit_graph/net_attr/zero-riscy-b-1-c2_net_attr.npy,dataset/circuit_graph/pin_attr/zero-riscy-b-1-c2_pin_attr.npy,20954,22612,82433,82433,620482,130,175043.5,1,WARN,dataset/graphs/zero-riscy-b-1-c2_graph.npz,1.68,2.0.0
zero-riscy-b-1-c5,dataset/circuit_graph/node_attr/zero-riscy-b-1-c5_node_attr.npy,dataset/circuit_graph/net_attr/zero-riscy-b-1-c5_net_attr.npy,dataset/circuit_graph/pin_attr/zero-riscy-b-1-c5_pin_attr.npy,19915,21632,80360,80360,581068,87,174376.5,1,WARN,dataset/graphs/zero-riscy-b-1-c5_graph.npz,1.58,2.0.0
zero-riscy-b-2-c20,dataset/circuit_graph/node_attr/zero-riscy-b-2-c20_node_attr.npy,dataset/circuit_graph/net_attr/zero-riscy-b-2-c20_net_attr.npy,dataset/circuit_graph/pin_attr/zero-riscy-b-2-c20_pin_attr.npy,19949,21665,80620,80620,585222,84,209111.59,1,WARN,dataset/graphs/zero-riscy-b-2-c20_graph.npz,1.59,2.0.0
zero-riscy-b-2-c2,dataset/circuit_graph/node_attr/zero-riscy-b-2-c2_node_attr.npy,dataset/circuit_graph/net_attr/zero-riscy-b-2-c2_net_attr.npy,dataset/circuit_graph/pin_attr/zero-riscy-b-2-c2_pin_attr.npy,20957,22614,82631,82631,620778,130,209415.84,1,WARN,dataset/graphs/zero-riscy-b-2-c2_graph.npz,1.68,2.0.0
zero-riscy-b-2-c5,dataset/circuit_graph/node_attr/zero-riscy-b-2-c5_node_attr.npy,dataset/circuit_graph/net_attr/zero-riscy-b-2-c5_net_attr.npy,dataset/circuit_graph/pin_attr/zero-riscy-b-2-c5_pin_attr.npy,19918,21634,80558,80558,581364,87,208748.84,1,WARN,dataset/graphs/zero-riscy-b-2-c5_graph.npz,1.58,2.0.0
zero-riscy-b-3-c20,dataset/circuit_graph/node_attr/zero-riscy-b-3-c20_node_attr.npy,dataset/circuit_graph/net_attr/zero-riscy-b-3-c20_net_attr.npy,dataset/circuit_graph/pin_attr/zero-riscy-b-3-c20_pin_attr.npy,19952,21698,80818,80818,585514,84,243483.91,1,WARN,dataset/graphs/zero-riscy-b-3-c20_graph.npz,1.59,2.0.0
zero-riscy-b-3-c2,dataset/circuit_graph/node_attr/zero-riscy-b-3-c2_node_attr.npy,dataset/circuit_graph/net_attr/zero-riscy-b-3-c2_net_attr.npy,dataset/circuit_graph/pin_attr/zero-riscy-b-3-c2_pin_attr.npy,20960,22647,82829,82829,621070,130,243788.22,1,WARN,dataset/graphs/zero-riscy-b-3-c2_graph.npz,1.68,2.0.0
zero-riscy-b-3-c5,dataset/circuit_graph/node_attr/zero-riscy-b-3-c5_node_attr.npy,dataset/circuit_graph/net_attr/zero-riscy-b-3-c5_net_attr.npy,dataset/circuit_graph/pin_attr/zero-riscy-b-3-c5_pin_attr.npy,19921,21667,80756,80756,581656,87,243121.2,1,WARN,dataset/graphs/zero-riscy-b-3-c5_graph.npz,1.59,2.0.0
