cell_type,found_in_lef,macro_or_standard_cell,width_if_available,height_if_available,area_if_available,site_if_available
AN2_0011_x8_0,True,STD,4.2,1.05,4.41,CoreSite
AN2_x0_0,True,STD,0.84,1.05,0.882,CoreSite
AN2_x1_0,True,STD,0.84,1.05,0.882,CoreSite
AN2_x2_0,True,STD,1.05,1.05,1.1025,CoreSite
AN2_x4_0,True,STD,1.89,1.05,1.9845,CoreSite
AN3_x0_0,True,STD,1.05,1.05,1.1025,CoreSite
AN3_x1_0,True,STD,1.05,1.05,1.1025,CoreSite
AN3_x2_0,True,STD,1.26,1.05,1.323,CoreSite
AN3_x4_0,True,STD,2.31,1.05,2.4255,CoreSite
AN4_x0_0,True,STD,1.26,1.05,1.323,CoreSite
AN4_x1_0,True,STD,1.26,1.05,1.323,CoreSite
AN4_x2_0,True,STD,1.47,1.05,1.5435,CoreSite
AO211_x1_0,True,STD,1.26,1.05,1.323,CoreSite
AO211_x2_0,True,STD,1.47,1.05,1.5435,CoreSite
AO21_x1_0,True,STD,1.05,1.05,1.1025,CoreSite
AO21_x2_0,True,STD,1.26,1.05,1.323,CoreSite
AO221_x1_0,True,STD,1.68,1.05,1.764,CoreSite
AO222_x1_0,True,STD,1.89,1.05,1.9845,CoreSite
AO222_x2_0,True,STD,2.1,1.05,2.205,CoreSite
AO222_x4_0,True,STD,3.78,1.05,3.969,CoreSite
AO22_x0_0,True,STD,1.47,1.05,1.5435,CoreSite
AO22_x1_0,True,STD,1.47,1.05,1.5435,CoreSite
AO22_x2_0,True,STD,1.68,1.05,1.764,CoreSite
AO22_x4_0,True,STD,2.94,1.05,3.087,CoreSite
AO31_x1_0,True,STD,1.26,1.05,1.323,CoreSite
AO31_x4_0,True,STD,2.73,1.05,2.8665,CoreSite
AO32_x0_0,True,STD,1.68,1.05,1.764,CoreSite
AO32_x1_0,True,STD,1.68,1.05,1.764,CoreSite
AO33_x0_0,True,STD,1.68,1.05,1.764,CoreSite
AOI211_0100_x1_0,True,STD,1.47,1.05,1.5435,CoreSite
AOI211_0100_x2_0,True,STD,2.52,1.05,2.646,CoreSite
AOI211_0100_x4_0,True,STD,4.62,1.05,4.851,CoreSite
AOI211_x0_0,True,STD,1.05,1.05,1.1025,CoreSite
AOI211_x1_0,True,STD,1.26,1.05,1.323,CoreSite
AOI211_x2_0,True,STD,1.89,1.05,1.9845,CoreSite
AOI211_x4_0,True,STD,3.78,1.05,3.969,CoreSite
AOI21_0100_x1_0,True,STD,1.47,1.05,1.5435,CoreSite
AOI21_0100_x2_0,True,STD,2.1,1.05,2.205,CoreSite
AOI21_0100_x4_0,True,STD,3.78,1.05,3.969,CoreSite
AOI21_0100_x6_0,True,STD,5.46,1.05,5.733,CoreSite
AOI21_0100_x8_0,True,STD,7.14,1.05,7.497,CoreSite
AOI21_x1_0,True,STD,1.05,1.05,1.1025,CoreSite
AOI21_x2_0,True,STD,1.47,1.05,1.5435,CoreSite
AOI21_x4_0,True,STD,2.94,1.05,3.087,CoreSite
AOI221_x1_0,True,STD,1.47,1.05,1.5435,CoreSite
AOI222_x1_0,True,STD,1.68,1.05,1.764,CoreSite
AOI222_x2_0,True,STD,2.94,1.05,3.087,CoreSite
AOI22_1001_x1_0,True,STD,1.68,1.05,1.764,CoreSite
AOI22_1001_x2_0,True,STD,2.31,1.05,2.4255,CoreSite
AOI22_1001_x4_0,True,STD,4.41,1.05,4.6305,CoreSite
AOI22_x1_0,True,STD,1.05,1.05,1.1025,CoreSite
AOI22_x4_0,True,STD,3.78,1.05,3.969,CoreSite
AOI31_x1_0,True,STD,1.26,1.05,1.323,CoreSite
AOI31_x2_0,True,STD,1.89,1.05,1.9845,CoreSite
AOI31_x4_0,True,STD,3.78,1.05,3.969,CoreSite
AOI32_x1_0,True,STD,1.47,1.05,1.5435,CoreSite
AOI33_x1_0,True,STD,1.68,1.05,1.764,CoreSite
BUFF_x12_0,True,STD,3.57,1.05,3.7485,CoreSite
BUFF_x16_0,True,STD,4.62,1.05,4.851,CoreSite
BUFF_x2_0,True,STD,0.84,1.05,0.882,CoreSite
BUFF_x3_0,True,STD,1.05,1.05,1.1025,CoreSite
BUFF_x4_0,True,STD,1.47,1.05,1.5435,CoreSite
BUFF_x6_0,True,STD,1.89,1.05,1.9845,CoreSite
BUFF_x8_0,True,STD,2.52,1.05,2.646,CoreSite
CKB_x1_0,True,STD,0.63,1.05,0.6615,CoreSite
CKLNQ_x1_0,True,STD,3.15,1.05,3.3075,CoreSite
CKND2_x3_0,True,STD,1.47,1.05,1.5435,CoreSite
CKND2_x4_0,True,STD,1.89,1.05,1.9845,CoreSite
CKXOR2_x1_0,True,STD,1.68,1.05,1.764,CoreSite
DEL025_x1_0,True,STD,0.63,1.05,0.6615,CoreSite
DFCNQ_x1_0,True,STD,3.99,1.05,4.1895,CoreSite
DFCNQ_x2_0,True,STD,4.2,1.05,4.41,CoreSite
DFCNQ_x4_0,True,STD,4.83,1.05,5.0715,CoreSite
DFCN_x1_0,True,STD,4.2,1.05,4.41,CoreSite
DFQ_x1_0,True,STD,3.57,1.05,3.7485,CoreSite
DFSNQ_x1_0,True,STD,4.2,1.05,4.41,CoreSite
DFSNQ_x2_0,True,STD,4.2,1.05,4.41,CoreSite
DFSNQ_x4_0,True,STD,4.83,1.05,5.0715,CoreSite
DFSN_x1_0,True,STD,4.41,1.05,4.6305,CoreSite
FA1_0101_x1_0,True,STD,4.2,1.05,4.41,CoreSite
FA1_x1_0,True,STD,3.57,1.05,3.7485,CoreSite
FA1_x2_0,True,STD,3.99,1.05,4.1895,CoreSite
FA1_x4_0,True,STD,6.09,1.05,6.3945,CoreSite
HA1_x1_0,True,STD,2.73,1.05,2.8665,CoreSite
HA1_x2_0,True,STD,3.15,1.05,3.3075,CoreSite
HA1_x4_0,True,STD,4.83,1.05,5.0715,CoreSite
IND2_0011_x12_0,True,STD,7.56,1.05,7.938,CoreSite
IND2_0011_x2_0,True,STD,1.47,1.05,1.5435,CoreSite
IND2_0011_x4_0,True,STD,2.94,1.05,3.087,CoreSite
IND2_0011_x8_0,True,STD,5.25,1.05,5.5125,CoreSite
IND2_x1_0,True,STD,0.84,1.05,0.882,CoreSite
IND2_x2_0,True,STD,1.26,1.05,1.323,CoreSite
IND2_x4_0,True,STD,2.1,1.05,2.205,CoreSite
IND3_x1_0,True,STD,1.05,1.05,1.1025,CoreSite
IND3_x2_0,True,STD,1.89,1.05,1.9845,CoreSite
IND3_x4_0,True,STD,3.15,1.05,3.3075,CoreSite
IND4_x0_0,True,STD,1.26,1.05,1.323,CoreSite
IND4_x1_0,True,STD,1.26,1.05,1.323,CoreSite
IND4_x2_0,True,STD,2.52,1.05,2.646,CoreSite
IND4_x4_0,True,STD,4.2,1.05,4.41,CoreSite
INR2_0011_x1_0,True,STD,1.26,1.05,1.323,CoreSite
INR2_0011_x2_0,True,STD,1.47,1.05,1.5435,CoreSite
INR2_0011_x4_0,True,STD,2.94,1.05,3.087,CoreSite
INR2_0011_x8_0,True,STD,5.25,1.05,5.5125,CoreSite
INR2_x1_0,True,STD,0.84,1.05,0.882,CoreSite
INR2_x2_0,True,STD,1.26,1.05,1.323,CoreSite
INR2_x4_0,True,STD,2.1,1.05,2.205,CoreSite
INR3_x0_0,True,STD,1.05,1.05,1.1025,CoreSite
INR3_x1_0,True,STD,1.68,1.05,1.764,CoreSite
INR3_x2_0,True,STD,1.89,1.05,1.9845,CoreSite
INR3_x4_0,True,STD,3.15,1.05,3.3075,CoreSite
INR4_x0_0,True,STD,1.26,1.05,1.323,CoreSite
INR4_x1_0,True,STD,2.31,1.05,2.4255,CoreSite
INR4_x2_0,True,STD,2.94,1.05,3.087,CoreSite
INV_x12_0,True,STD,2.73,1.05,2.8665,CoreSite
INV_x16_0,True,STD,3.57,1.05,3.7485,CoreSite
INV_x1_0,True,STD,0.42,1.05,0.441,CoreSite
INV_x2_0,True,STD,0.63,1.05,0.6615,CoreSite
INV_x3_0,True,STD,0.84,1.05,0.882,CoreSite
INV_x4_0,True,STD,1.05,1.05,1.1025,CoreSite
INV_x6_0,True,STD,1.47,1.05,1.5435,CoreSite
INV_x8_0,True,STD,1.89,1.05,1.9845,CoreSite
LHQ_x1_0,True,STD,2.1,1.05,2.205,CoreSite
LNQ_x1_0,True,STD,2.1,1.05,2.205,CoreSite
MAOI222_x0_0,True,STD,1.47,1.05,1.5435,CoreSite
MAOI222_x1_0,True,STD,1.47,1.05,1.5435,CoreSite
MAOI22_0100_x2_0,True,STD,3.36,1.05,3.528,CoreSite
MAOI22_x1_0,True,STD,1.26,1.05,1.323,CoreSite
MAOI22_x2_0,True,STD,1.68,1.05,1.764,CoreSite
MOAI22_0100_x2_0,True,STD,3.36,1.05,3.528,CoreSite
MOAI22_0100_x4_0,True,STD,6.09,1.05,6.3945,CoreSite
MOAI22_x0_0,True,STD,1.26,1.05,1.323,CoreSite
MOAI22_x1_0,True,STD,1.26,1.05,1.323,CoreSite
MOAI22_x2_0,True,STD,1.68,1.05,1.764,CoreSite
MUX2N_0110_x1_0,True,STD,1.68,1.05,1.764,CoreSite
MUX2N_0110_x2_0,True,STD,2.52,1.05,2.646,CoreSite
MUX2N_0110_x4_0,True,STD,4.2,1.05,4.41,CoreSite
MUX2N_0110_x6_0,True,STD,6.09,1.05,6.3945,CoreSite
MUX2N_x1_0,True,STD,1.26,1.05,1.323,CoreSite
MUX2N_x2_0,True,STD,2.31,1.05,2.4255,CoreSite
MUX2_0000_x1_0,True,STD,2.1,1.05,2.205,CoreSite
MUX2_0000_x4_0,True,STD,3.57,1.05,3.7485,CoreSite
MUX2_x1_0,True,STD,1.47,1.05,1.5435,CoreSite
MUX2_x2_0,True,STD,1.68,1.05,1.764,CoreSite
MUX3N_x0_0,True,STD,2.52,1.05,2.646,CoreSite
ND2_0011_x1_0,True,STD,0.84,1.05,0.882,CoreSite
ND2_0011_x2_0,True,STD,1.26,1.05,1.323,CoreSite
ND2_0011_x4_0,True,STD,2.31,1.05,2.4255,CoreSite
ND2_0011_x6_0,True,STD,3.36,1.05,3.528,CoreSite
ND2_0011_x8_0,True,STD,4.41,1.05,4.6305,CoreSite
ND2_x1_0,True,STD,0.63,1.05,0.6615,CoreSite
ND2_x2_0,True,STD,1.05,1.05,1.1025,CoreSite
ND2_x4_0,True,STD,1.89,1.05,1.9845,CoreSite
ND3_0011_x1_0,True,STD,1.05,1.05,1.1025,CoreSite
ND3_0011_x4_0,True,STD,3.36,1.05,3.528,CoreSite
ND3_0011_x6_0,True,STD,4.83,1.05,5.0715,CoreSite
ND3_x1_0,True,STD,0.84,1.05,0.882,CoreSite
ND3_x2_0,True,STD,1.47,1.05,1.5435,CoreSite
ND3_x3_0,True,STD,2.1,1.05,2.205,CoreSite
ND3_x4_0,True,STD,2.94,1.05,3.087,CoreSite
ND4_x1_0,True,STD,1.05,1.05,1.1025,CoreSite
ND4_x2_0,True,STD,2.1,1.05,2.205,CoreSite
ND4_x4_0,True,STD,3.78,1.05,3.969,CoreSite
NR2_0011_x1_0,True,STD,0.84,1.05,0.882,CoreSite
NR2_0011_x2_0,True,STD,1.26,1.05,1.323,CoreSite
NR2_0011_x4_0,True,STD,2.31,1.05,2.4255,CoreSite
NR2_0011_x6_0,True,STD,3.36,1.05,3.528,CoreSite
NR2_0011_x8_0,True,STD,4.41,1.05,4.6305,CoreSite
NR2_x12_0,True,STD,5.25,1.05,5.5125,CoreSite
NR2_x1_0,True,STD,0.63,1.05,0.6615,CoreSite
NR2_x2_0,True,STD,1.05,1.05,1.1025,CoreSite
NR2_x3_0,True,STD,1.47,1.05,1.5435,CoreSite
NR2_x4_0,True,STD,1.89,1.05,1.9845,CoreSite
NR2_x8_0,True,STD,3.57,1.05,3.7485,CoreSite
NR3_0011_x1_0,True,STD,1.05,1.05,1.1025,CoreSite
NR3_0011_x4_0,True,STD,3.36,1.05,3.528,CoreSite
NR3_x0_0,True,STD,0.84,1.05,0.882,CoreSite
NR3_x1_0,True,STD,1.47,1.05,1.5435,CoreSite
NR3_x2_0,True,STD,1.47,1.05,1.5435,CoreSite
NR3_x3_0,True,STD,4.2,1.05,4.41,CoreSite
NR4_x0_0,True,STD,1.05,1.05,1.1025,CoreSite
NR4_x1_0,True,STD,1.89,1.05,1.9845,CoreSite
NR4_x2_0,True,STD,3.78,1.05,3.969,CoreSite
NR4_x8_0,True,STD,3.36,1.05,3.528,CoreSite
OA211_x0_0,True,STD,1.26,1.05,1.323,CoreSite
OA211_x1_0,True,STD,1.26,1.05,1.323,CoreSite
OA211_x2_0,True,STD,1.47,1.05,1.5435,CoreSite
OA21_x0_0,True,STD,1.05,1.05,1.1025,CoreSite
OA21_x1_0,True,STD,1.05,1.05,1.1025,CoreSite
OA21_x2_0,True,STD,1.26,1.05,1.323,CoreSite
OA221_x0_0,True,STD,1.68,1.05,1.764,CoreSite
OA222_x1_0,True,STD,1.89,1.05,1.9845,CoreSite
OA22_x0_0,True,STD,1.47,1.05,1.5435,CoreSite
OA22_x1_0,True,STD,1.47,1.05,1.5435,CoreSite
OA31_x0_0,True,STD,1.26,1.05,1.323,CoreSite
OA31_x1_0,True,STD,1.26,1.05,1.323,CoreSite
OA32_x1_0,True,STD,1.68,1.05,1.764,CoreSite
OA33_x1_0,True,STD,1.68,1.05,1.764,CoreSite
OAI211_0100_x1_0,True,STD,1.47,1.05,1.5435,CoreSite
OAI211_0100_x2_0,True,STD,2.52,1.05,2.646,CoreSite
OAI211_0100_x4_0,True,STD,4.62,1.05,4.851,CoreSite
OAI211_0100_x6_0,True,STD,6.72,1.05,7.056,CoreSite
OAI211_x0_0,True,STD,1.05,1.05,1.1025,CoreSite
OAI211_x1_0,True,STD,1.26,1.05,1.323,CoreSite
OAI211_x2_0,True,STD,1.89,1.05,1.9845,CoreSite
OAI211_x4_0,True,STD,3.78,1.05,3.969,CoreSite
OAI21_0100_x1_0,True,STD,1.47,1.05,1.5435,CoreSite
OAI21_0100_x2_0,True,STD,2.1,1.05,2.205,CoreSite
OAI21_0100_x4_0,True,STD,3.78,1.05,3.969,CoreSite
OAI21_0100_x6_0,True,STD,5.46,1.05,5.733,CoreSite
OAI21_0100_x8_0,True,STD,7.14,1.05,7.497,CoreSite
OAI21_x1_0,True,STD,1.05,1.05,1.1025,CoreSite
OAI21_x2_0,True,STD,1.47,1.05,1.5435,CoreSite
OAI21_x4_0,True,STD,2.94,1.05,3.087,CoreSite
OAI221_x0_0,True,STD,1.47,1.05,1.5435,CoreSite
OAI221_x1_0,True,STD,1.47,1.05,1.5435,CoreSite
OAI222_x0_0,True,STD,1.68,1.05,1.764,CoreSite
OAI222_x1_0,True,STD,1.68,1.05,1.764,CoreSite
OAI222_x2_0,True,STD,2.94,1.05,3.087,CoreSite
OAI22_1001_x1_0,True,STD,1.68,1.05,1.764,CoreSite
OAI22_1001_x2_0,True,STD,2.52,1.05,2.646,CoreSite
OAI22_x1_0,True,STD,1.05,1.05,1.1025,CoreSite
OAI22_x2_0,True,STD,1.89,1.05,1.9845,CoreSite
OAI31_x1_0,True,STD,1.26,1.05,1.323,CoreSite
OAI31_x2_0,True,STD,1.89,1.05,1.9845,CoreSite
OAI32_x1_0,True,STD,1.47,1.05,1.5435,CoreSite
OAI33_x1_0,True,STD,1.68,1.05,1.764,CoreSite
OR2_0011_x8_0,True,STD,4.2,1.05,4.41,CoreSite
OR2_x1_0,True,STD,0.84,1.05,0.882,CoreSite
OR2_x2_0,True,STD,1.05,1.05,1.1025,CoreSite
OR2_x4_0,True,STD,1.89,1.05,1.9845,CoreSite
OR3_x1_0,True,STD,1.05,1.05,1.1025,CoreSite
OR3_x2_0,True,STD,1.26,1.05,1.323,CoreSite
OR3_x4_0,True,STD,2.31,1.05,2.4255,CoreSite
OR4_x1_0,True,STD,1.26,1.05,1.323,CoreSite
PLL,True,MACRO,181.95,183.66,33416.937,CoreSite
SRAM,True,MACRO,242.7075,141.615,34371.0226,CoreSite
TIEH_0000,True,STD,0.42,1.05,0.441,CoreSite
TIEL_0000,True,STD,0.42,1.05,0.441,CoreSite
XNR2_0110_x1_0,True,STD,1.89,1.05,1.9845,CoreSite
XNR2_0110_x2_0,True,STD,2.52,1.05,2.646,CoreSite
XNR2_0110_x4_0,True,STD,4.41,1.05,4.6305,CoreSite
XNR2_x0_0,True,STD,1.47,1.05,1.5435,CoreSite
XNR2_x1_0,True,STD,1.47,1.05,1.5435,CoreSite
XNR2_x2_0,True,STD,1.89,1.05,1.9845,CoreSite
XNR3_0110_x1_0,True,STD,3.57,1.05,3.7485,CoreSite
XOR2_0110_x1_0,True,STD,1.89,1.05,1.9845,CoreSite
XOR2_0110_x2_0,True,STD,2.52,1.05,2.646,CoreSite
XOR2_0110_x4_0,True,STD,4.41,1.05,4.6305,CoreSite
XOR2_x0_0,True,STD,1.47,1.05,1.5435,CoreSite
XOR2_x1_0,True,STD,1.47,1.05,1.5435,CoreSite
XOR2_x2_0,True,STD,1.89,1.05,1.9845,CoreSite
XOR3_0110_x1_0,True,STD,3.57,1.05,3.7485,CoreSite
XOR3_x0_0,True,STD,3.15,1.05,3.3075,CoreSite
XOR3_x1_0,True,STD,3.15,1.05,3.3075,CoreSite
XOR4_x0_0,True,STD,4.41,1.05,4.6305,CoreSite
adv_dbg_if_2,True,MACRO,68.88,67.2,4628.736,CoreSite
adv_dbg_if_20,True,MACRO,68.88,67.2,4628.736,CoreSite
adv_dbg_if_5,True,MACRO,68.88,67.2,4628.736,CoreSite
apb_event_unit_2,True,MACRO,57.12,56.7,3238.704,CoreSite
apb_event_unit_20,True,MACRO,59.43,58.8,3494.484,CoreSite
apb_event_unit_5,True,MACRO,57.33,56.7,3250.611,CoreSite
apb_fll_if_2,True,MACRO,15.54,14.7,228.438,CoreSite
apb_fll_if_20,True,MACRO,15.54,14.7,228.438,CoreSite
apb_fll_if_5,True,MACRO,15.54,14.7,228.438,CoreSite
apb_i2c_2,True,MACRO,35.7,34.65,1237.005,CoreSite
apb_i2c_20,True,MACRO,35.7,34.65,1237.005,CoreSite
apb_i2c_5,True,MACRO,35.7,34.65,1237.005,CoreSite
apb_pulpino_2,True,MACRO,49.35,48.3,2383.605,CoreSite
apb_pulpino_20,True,MACRO,49.35,48.3,2383.605,CoreSite
apb_pulpino_5,True,MACRO,49.35,48.3,2383.605,CoreSite
apb_spi_master_2,True,MACRO,88.41,88.2,7797.762,CoreSite
apb_spi_master_20,True,MACRO,88.41,88.2,7797.762,CoreSite
apb_spi_master_5,True,MACRO,88.41,88.2,7797.762,CoreSite
apb_timer_2,True,MACRO,52.92,52.5,2778.3,CoreSite
apb_timer_20,True,MACRO,52.92,52.5,2778.3,CoreSite
apb_timer_5,True,MACRO,52.92,52.5,2778.3,CoreSite
apb_uart_2,True,MACRO,110.46,110.25,12178.215,CoreSite
apb_uart_20,True,MACRO,110.46,110.25,12178.215,CoreSite
apb_uart_5,True,MACRO,110.46,110.25,12178.215,CoreSite
axi_spi_slave_wrap_2,True,MACRO,54.81,53.55,2935.0755,CoreSite
axi_spi_slave_wrap_20,True,MACRO,54.81,53.55,2935.0755,CoreSite
axi_spi_slave_wrap_5,True,MACRO,54.81,53.55,2935.0755,CoreSite
periph_bus_wrap_2,True,MACRO,39.06,38.85,1517.481,CoreSite
periph_bus_wrap_20,True,MACRO,40.32,39.9,1608.768,CoreSite
periph_bus_wrap_5,True,MACRO,39.27,37.8,1484.406,CoreSite
