netlist_filename,design_key,base_design,variant_ab,number_N,clock_suffix,clock_period_ns,top_module,module_count,file_size_bytes,instance_count,net_count,cell_types_count,unresolved_refs_count,has_matching_def,matching_def_count
RISCY-FPU-a-1-c2.v,RISCY-FPU-a-1-c2,RISCY-FPU,a,1,c2,2.0,pulpino_top,1,33196519,75067,76277,228,0,False,0
RISCY-FPU-a-1-c20.v,RISCY-FPU-a-1-c20,RISCY-FPU,a,1,c20,20.0,pulpino_top,1,30824807,68684,70267,92,0,False,0
RISCY-FPU-a-1-c5.v,RISCY-FPU-a-1-c5,RISCY-FPU,a,1,c5,5.0,pulpino_top,1,31532198,70776,72369,121,0,False,0
RISCY-FPU-a-2-c2.v,RISCY-FPU-a-2-c2,RISCY-FPU,a,2,c2,2.0,pulpino_top,1,33203511,75070,76279,228,0,False,0
RISCY-FPU-a-2-c20.v,RISCY-FPU-a-2-c20,RISCY-FPU,a,2,c20,20.0,pulpino_top,1,30831799,68687,70269,92,0,False,0
RISCY-FPU-a-2-c5.v,RISCY-FPU-a-2-c5,RISCY-FPU,a,2,c5,5.0,pulpino_top,1,31539190,70779,72371,121,0,False,0
RISCY-FPU-a-3-c2.v,RISCY-FPU-a-3-c2,RISCY-FPU,a,3,c2,2.0,pulpino_top,1,33212436,75073,76312,228,0,False,0
RISCY-FPU-a-3-c20.v,RISCY-FPU-a-3-c20,RISCY-FPU,a,3,c20,20.0,pulpino_top,1,30840724,68690,70302,92,0,False,0
RISCY-FPU-a-3-c5.v,RISCY-FPU-a-3-c5,RISCY-FPU,a,3,c5,5.0,pulpino_top,1,31548115,70782,72404,121,0,False,0
RISCY-FPU-b-1-c2.v,RISCY-FPU-b-1-c2,RISCY-FPU,b,1,c2,2.0,pulpino_top,1,24054685,50886,53516,206,0,False,0
RISCY-FPU-b-1-c20.v,RISCY-FPU-b-1-c20,RISCY-FPU,b,1,c20,20.0,pulpino_top,1,21794975,44970,47980,87,0,False,0
RISCY-FPU-b-1-c5.v,RISCY-FPU-b-1-c5,RISCY-FPU,b,1,c5,5.0,pulpino_top,1,22258901,46241,49271,117,0,False,0
RISCY-FPU-b-2-c2.v,RISCY-FPU-b-2-c2,RISCY-FPU,b,2,c2,2.0,pulpino_top,1,24054685,50886,53516,206,0,False,0
RISCY-FPU-b-2-c20.v,RISCY-FPU-b-2-c20,RISCY-FPU,b,2,c20,20.0,pulpino_top,1,21801967,44973,47982,87,0,False,0
RISCY-FPU-b-2-c5.v,RISCY-FPU-b-2-c5,RISCY-FPU,b,2,c5,5.0,pulpino_top,1,22265893,46244,49273,117,0,False,0
RISCY-FPU-b-3-c2.v,RISCY-FPU-b-3-c2,RISCY-FPU,b,3,c2,2.0,pulpino_top,1,24063610,50889,53549,206,0,False,0
RISCY-FPU-b-3-c20.v,RISCY-FPU-b-3-c20,RISCY-FPU,b,3,c20,20.0,pulpino_top,1,21810892,44976,48015,87,0,False,0
RISCY-FPU-b-3-c5.v,RISCY-FPU-b-3-c5,RISCY-FPU,b,3,c5,5.0,pulpino_top,1,22274818,46247,49306,117,0,False,0
RISCY-a-1-c2.v,RISCY-a-1-c2,RISCY,a,1,c2,2.0,pulpino_top,1,21670112,53586,54442,153,0,True,247
RISCY-a-1-c20.v,RISCY-a-1-c20,RISCY,a,1,c20,20.0,pulpino_top,1,21634835,52255,53166,88,0,True,8
RISCY-a-1-c5.v,RISCY-a-1-c5,RISCY,a,1,c5,5.0,pulpino_top,1,21640646,52275,53186,89,0,True,245
RISCY-a-2-c2.v,RISCY-a-2-c2,RISCY,a,2,c2,2.0,pulpino_top,1,21677104,53589,54444,153,0,False,0
RISCY-a-2-c20.v,RISCY-a-2-c20,RISCY,a,2,c20,20.0,pulpino_top,1,21641827,52258,53168,88,0,False,0
RISCY-a-2-c5.v,RISCY-a-2-c5,RISCY,a,2,c5,5.0,pulpino_top,1,21647638,52278,53188,89,0,False,0
RISCY-a-3-c2.v,RISCY-a-3-c2,RISCY,a,3,c2,2.0,pulpino_top,1,21686029,53592,54477,153,0,False,0
RISCY-a-3-c20.v,RISCY-a-3-c20,RISCY,a,3,c20,20.0,pulpino_top,1,21650752,52261,53201,88,0,False,0
RISCY-a-3-c5.v,RISCY-a-3-c5,RISCY,a,3,c5,5.0,pulpino_top,1,21656563,52281,53221,89,0,False,0
RISCY-b-1-c2.v,RISCY-b-1-c2,RISCY,b,1,c2,2.0,pulpino_top,1,13173133,31155,33346,141,0,False,0
RISCY-b-1-c20.v,RISCY-b-1-c20,RISCY,b,1,c20,20.0,pulpino_top,1,13073623,29757,32083,83,0,False,0
RISCY-b-1-c5.v,RISCY-b-1-c5,RISCY,b,1,c5,5.0,pulpino_top,1,13074590,29742,32068,82,0,False,0
RISCY-b-2-c2.v,RISCY-b-2-c2,RISCY,b,2,c2,2.0,pulpino_top,1,13180125,31158,33348,141,0,False,0
RISCY-b-2-c20.v,RISCY-b-2-c20,RISCY,b,2,c20,20.0,pulpino_top,1,13080615,29760,32085,83,0,False,0
RISCY-b-2-c5.v,RISCY-b-2-c5,RISCY,b,2,c5,5.0,pulpino_top,1,13081582,29745,32070,82,0,False,0
RISCY-b-3-c2.v,RISCY-b-3-c2,RISCY,b,3,c2,2.0,pulpino_top,1,13189050,31161,33381,141,0,False,0
RISCY-b-3-c20.v,RISCY-b-3-c20,RISCY,b,3,c20,20.0,pulpino_top,1,13089540,29763,32118,83,0,False,0
RISCY-b-3-c5.v,RISCY-b-3-c5,RISCY,b,3,c5,5.0,pulpino_top,1,13090507,29748,32103,82,0,False,0
zero-riscy-a-1-c2.v,zero-riscy-a-1-c2,zero-riscy,a,1,c2,2.0,pulpino_top,1,17228347,42102,42136,121,0,False,0
zero-riscy-a-1-c20.v,zero-riscy-a-1-c20,zero-riscy,a,1,c20,20.0,pulpino_top,1,17051860,41405,41495,84,0,False,0
zero-riscy-a-1-c5.v,zero-riscy-a-1-c5,zero-riscy,a,1,c5,5.0,pulpino_top,1,17055222,41406,41496,88,0,False,0
zero-riscy-a-2-c2.v,zero-riscy-a-2-c2,zero-riscy,a,2,c2,2.0,pulpino_top,1,17235339,42105,42138,121,0,False,0
zero-riscy-a-2-c20.v,zero-riscy-a-2-c20,zero-riscy,a,2,c20,20.0,pulpino_top,1,17058852,41408,41497,84,0,False,0
zero-riscy-a-2-c5.v,zero-riscy-a-2-c5,zero-riscy,a,2,c5,5.0,pulpino_top,1,17062214,41409,41498,88,0,False,0
zero-riscy-a-3-c2.v,zero-riscy-a-3-c2,zero-riscy,a,3,c2,2.0,pulpino_top,1,17244264,42108,42171,121,0,False,0
zero-riscy-a-3-c20.v,zero-riscy-a-3-c20,zero-riscy,a,3,c20,20.0,pulpino_top,1,17067777,41411,41530,84,0,False,0
zero-riscy-a-3-c5.v,zero-riscy-a-3-c5,zero-riscy,a,3,c5,5.0,pulpino_top,1,17071139,41412,41531,88,0,False,0
zero-riscy-b-1-c2.v,zero-riscy-b-1-c2,zero-riscy,b,1,c2,2.0,pulpino_top,1,9167051,20944,22390,120,0,False,0
zero-riscy-b-1-c20.v,zero-riscy-b-1-c20,zero-riscy,b,1,c20,20.0,pulpino_top,1,8921369,19936,21441,74,0,False,0
zero-riscy-b-1-c5.v,zero-riscy-b-1-c5,zero-riscy,b,1,c5,5.0,pulpino_top,1,8904324,19905,21410,77,0,False,0
zero-riscy-b-2-c2.v,zero-riscy-b-2-c2,zero-riscy,b,2,c2,2.0,pulpino_top,1,9174043,20947,22392,120,0,False,0
zero-riscy-b-2-c20.v,zero-riscy-b-2-c20,zero-riscy,b,2,c20,20.0,pulpino_top,1,8928361,19939,21443,74,0,False,0
zero-riscy-b-2-c5.v,zero-riscy-b-2-c5,zero-riscy,b,2,c5,5.0,pulpino_top,1,8911316,19908,21412,77,0,False,0
zero-riscy-b-3-c2.v,zero-riscy-b-3-c2,zero-riscy,b,3,c2,2.0,pulpino_top,1,9182968,20950,22425,120,0,False,0
zero-riscy-b-3-c20.v,zero-riscy-b-3-c20,zero-riscy,b,3,c20,20.0,pulpino_top,1,8937286,19942,21476,74,0,False,0
zero-riscy-b-3-c5.v,zero-riscy-b-3-c5,zero-riscy,b,3,c5,5.0,pulpino_top,1,8920241,19911,21445,77,0,False,0
