design_id,placement_sample_id,configuration_id,parameter_values,initial_hpwl,legalized_hpwl,hpwl_delta_um,hpwl_improvement_percent,runtime_sec,movable_cells,fixed_macros,utilization,check_placement_errors,reconstruction_valid,deterministic,status
zero-riscy-b-1-c5,9369,CFG_0_BASELINE,baseline,2039986.4,2040281.5,0.0,0.0,1.99,19902,13,0.7004,0,True,True,PASS
zero-riscy-b-1-c5,9369,CFG_1_MAX_DISP_10,max_disp=10,2039986.4,2040281.5,0.0,0.0,2.05,19902,13,0.7004,0,True,True,PASS
zero-riscy-b-1-c5,9369,CFG_2_MAX_DISP_50,max_disp=50,2039986.4,2040281.5,0.0,0.0,1.84,19902,13,0.7004,0,True,True,PASS
zero-riscy-b-1-c5,9369,CFG_3_SITE_SEARCH_10,site_search=10,2039986.4,2040281.5,0.0,0.0,1.59,19902,13,0.7004,0,True,True,PASS
zero-riscy-b-1-c5,9369,CFG_4_SITE_SEARCH_50,site_search=50,2039986.4,2040281.5,0.0,0.0,1.42,19902,13,0.7004,0,True,True,PASS
zero-riscy-b-1-c5,9369,CFG_5_ROW_SEARCH_2,row_search=2,2039986.4,2040281.5,0.0,0.0,1.26,19902,13,0.7004,0,True,True,PASS
zero-riscy-b-1-c5,9369,CFG_6_ROW_SEARCH_6,row_search=6,2039986.4,2040281.5,0.0,0.0,1.58,19902,13,0.7004,0,True,True,PASS
zero-riscy-b-1-c5,9369,CFG_7_DISALLOW_GAPS,disallow_gaps=true,2039986.4,2040281.5,0.0,0.0,1.5,19902,13,0.7004,0,True,True,PASS
zero-riscy-b-1-c5,9369,CFG_8_DISABLE_EXT,disable_ext=true,2039986.4,2040281.5,0.0,0.0,1.31,19902,13,0.7004,0,True,True,PASS
zero-riscy-b-1-c5,9369,CFG_9_FLIP_DIAMOND,"diamond=false, bounded_window",,,,,10.0,19902,13,0.7004,1,True,True,TIMEOUT
zero-riscy-b-1-c2,9140,CFG_0_BASELINE,baseline,2071451.8,2072484.9,0.0,0.0,2.46,20941,13,0.7004,0,True,True,PASS
zero-riscy-b-1-c2,9140,CFG_1_MAX_DISP_10,max_disp=10,2071451.8,2072488.4,3.5,-0.0002,2.85,20941,13,0.7004,0,True,True,PASS
zero-riscy-b-1-c2,9140,CFG_2_MAX_DISP_50,max_disp=50,2071451.8,2072484.9,0.0,0.0,2.21,20941,13,0.7004,0,True,True,PASS
zero-riscy-b-1-c2,9140,CFG_3_SITE_SEARCH_10,site_search=10,2071451.8,2072484.9,0.0,0.0,1.79,20941,13,0.7004,0,True,True,PASS
zero-riscy-b-1-c2,9140,CFG_4_SITE_SEARCH_50,site_search=50,2071451.8,2072484.9,0.0,0.0,2.34,20941,13,0.7004,0,True,True,PASS
zero-riscy-b-1-c2,9140,CFG_5_ROW_SEARCH_2,row_search=2,2071451.8,2072484.9,0.0,0.0,2.0,20941,13,0.7004,0,True,True,PASS
zero-riscy-b-1-c2,9140,CFG_6_ROW_SEARCH_6,row_search=6,2071451.8,2072484.9,0.0,0.0,1.76,20941,13,0.7004,0,True,True,PASS
zero-riscy-b-1-c2,9140,CFG_7_DISALLOW_GAPS,disallow_gaps=true,2071451.8,2072484.9,0.0,0.0,2.49,20941,13,0.7004,0,True,True,PASS
zero-riscy-b-1-c2,9140,CFG_8_DISABLE_EXT,disable_ext=true,2071451.8,2072484.9,0.0,0.0,2.31,20941,13,0.7004,0,True,True,PASS
zero-riscy-b-1-c2,9140,CFG_9_FLIP_DIAMOND,"diamond=false, bounded_window",,,,,10.0,20941,13,0.7004,1,True,True,TIMEOUT
RISCY-b-1-c20,2487,CFG_0_BASELINE,baseline,3120768.0,3122608.3,0.0,0.0,2.75,29754,13,0.7003,0,True,True,PASS
RISCY-b-1-c20,2487,CFG_1_MAX_DISP_10,max_disp=10,,,,,2.73,29754,13,0.7003,1,True,True,FAIL
RISCY-b-1-c20,2487,CFG_2_MAX_DISP_50,max_disp=50,3120768.0,3122608.3,0.0,0.0,3.02,29754,13,0.7003,0,True,True,PASS
RISCY-b-1-c20,2487,CFG_3_SITE_SEARCH_10,site_search=10,3120768.0,3122608.3,0.0,0.0,3.25,29754,13,0.7003,0,True,True,PASS
RISCY-b-1-c20,2487,CFG_4_SITE_SEARCH_50,site_search=50,3120768.0,3122608.3,0.0,0.0,3.2,29754,13,0.7003,0,True,True,PASS
RISCY-b-1-c20,2487,CFG_5_ROW_SEARCH_2,row_search=2,3120768.0,3122608.3,0.0,0.0,3.85,29754,13,0.7003,0,True,True,PASS
RISCY-b-1-c20,2487,CFG_6_ROW_SEARCH_6,row_search=6,3120768.0,3122608.3,0.0,0.0,3.16,29754,13,0.7003,0,True,True,PASS
RISCY-b-1-c20,2487,CFG_7_DISALLOW_GAPS,disallow_gaps=true,3120768.0,3122608.3,0.0,0.0,3.47,29754,13,0.7003,0,True,True,PASS
RISCY-b-1-c20,2487,CFG_8_DISABLE_EXT,disable_ext=true,3120768.0,3122608.3,0.0,0.0,2.92,29754,13,0.7003,0,True,True,PASS
RISCY-b-1-c20,2487,CFG_9_FLIP_DIAMOND,"diamond=false, bounded_window",,,,,10.0,29754,13,0.7003,1,True,True,TIMEOUT
zero-riscy-a-1-c20,7625,CFG_0_BASELINE,baseline,3595758.8,3596231.7,0.0,0.0,3.5,41402,3,0.7,0,True,True,PASS
zero-riscy-a-1-c20,7625,CFG_1_MAX_DISP_10,max_disp=10,,,,,3.38,41402,3,0.7,1,True,True,FAIL
zero-riscy-a-1-c20,7625,CFG_2_MAX_DISP_50,max_disp=50,3595758.8,3596231.7,0.0,0.0,3.64,41402,3,0.7,0,True,True,PASS
zero-riscy-a-1-c20,7625,CFG_3_SITE_SEARCH_10,site_search=10,3595758.8,3596231.7,0.0,0.0,3.6,41402,3,0.7,0,True,True,PASS
zero-riscy-a-1-c20,7625,CFG_4_SITE_SEARCH_50,site_search=50,3595758.8,3596231.7,0.0,0.0,3.39,41402,3,0.7,0,True,True,PASS
zero-riscy-a-1-c20,7625,CFG_5_ROW_SEARCH_2,row_search=2,3595758.8,3596231.7,0.0,0.0,3.53,41402,3,0.7,0,True,True,PASS
zero-riscy-a-1-c20,7625,CFG_6_ROW_SEARCH_6,row_search=6,3595758.8,3596231.7,0.0,0.0,3.67,41402,3,0.7,0,True,True,PASS
zero-riscy-a-1-c20,7625,CFG_7_DISALLOW_GAPS,disallow_gaps=true,3595758.8,3596231.7,0.0,0.0,3.34,41402,3,0.7,0,True,True,PASS
zero-riscy-a-1-c20,7625,CFG_8_DISABLE_EXT,disable_ext=true,3595758.8,3596231.7,0.0,0.0,3.65,41402,3,0.7,0,True,True,PASS
zero-riscy-a-1-c20,7625,CFG_9_FLIP_DIAMOND,"diamond=false, bounded_window",,,,,10.0,41402,3,0.7,1,True,True,TIMEOUT
zero-riscy-a-3-c5,8711,CFG_0_BASELINE,baseline,3625383.4,3626760.8,0.0,0.0,4.25,41407,5,0.7001,0,True,True,PASS
zero-riscy-a-3-c5,8711,CFG_1_MAX_DISP_10,max_disp=10,,,,,5.29,41407,5,0.7001,1,True,True,FAIL
zero-riscy-a-3-c5,8711,CFG_2_MAX_DISP_50,max_disp=50,3625383.4,3626760.8,0.0,0.0,5.59,41407,5,0.7001,0,True,True,PASS
zero-riscy-a-3-c5,8711,CFG_3_SITE_SEARCH_10,site_search=10,3625383.4,3626760.8,0.0,0.0,6.02,41407,5,0.7001,0,True,True,PASS
zero-riscy-a-3-c5,8711,CFG_4_SITE_SEARCH_50,site_search=50,3625383.4,3626760.8,0.0,0.0,6.14,41407,5,0.7001,0,True,True,PASS
zero-riscy-a-3-c5,8711,CFG_5_ROW_SEARCH_2,row_search=2,3625383.4,3626760.8,0.0,0.0,5.38,41407,5,0.7001,0,True,True,PASS
zero-riscy-a-3-c5,8711,CFG_6_ROW_SEARCH_6,row_search=6,3625383.4,3626760.8,0.0,0.0,4.73,41407,5,0.7001,0,True,True,PASS
zero-riscy-a-3-c5,8711,CFG_7_DISALLOW_GAPS,disallow_gaps=true,3625383.4,3626760.8,0.0,0.0,4.65,41407,5,0.7001,0,True,True,PASS
zero-riscy-a-3-c5,8711,CFG_8_DISABLE_EXT,disable_ext=true,3625383.4,3626760.8,0.0,0.0,4.19,41407,5,0.7001,0,True,True,PASS
zero-riscy-a-3-c5,8711,CFG_9_FLIP_DIAMOND,"diamond=false, bounded_window",,,,,10.0,41407,5,0.7001,1,True,True,TIMEOUT
RISCY-FPU-b-2-c20,6630,CFG_0_BASELINE,baseline,4839894.5,4844625.3,0.0,0.0,5.82,44969,14,0.6996,0,True,True,PASS
RISCY-FPU-b-2-c20,6630,CFG_1_MAX_DISP_10,max_disp=10,,,,,6.08,44969,14,0.6996,1,True,True,FAIL
RISCY-FPU-b-2-c20,6630,CFG_2_MAX_DISP_50,max_disp=50,4839894.5,4844625.3,0.0,0.0,6.48,44969,14,0.6996,0,True,True,PASS
RISCY-FPU-b-2-c20,6630,CFG_3_SITE_SEARCH_10,site_search=10,4839894.5,4844625.3,0.0,0.0,5.92,44969,14,0.6996,0,True,True,PASS
RISCY-FPU-b-2-c20,6630,CFG_4_SITE_SEARCH_50,site_search=50,4839894.5,4844625.3,0.0,0.0,5.36,44969,14,0.6996,0,True,True,PASS
RISCY-FPU-b-2-c20,6630,CFG_5_ROW_SEARCH_2,row_search=2,4839894.5,4844625.3,0.0,0.0,6.08,44969,14,0.6996,0,True,True,PASS
RISCY-FPU-b-2-c20,6630,CFG_6_ROW_SEARCH_6,row_search=6,4839894.5,4844625.3,0.0,0.0,6.08,44969,14,0.6996,0,True,True,PASS
RISCY-FPU-b-2-c20,6630,CFG_7_DISALLOW_GAPS,disallow_gaps=true,4839894.5,4844625.3,0.0,0.0,5.67,44969,14,0.6996,0,True,True,PASS
RISCY-FPU-b-2-c20,6630,CFG_8_DISABLE_EXT,disable_ext=true,4839894.5,4844625.3,0.0,0.0,5.78,44969,14,0.6996,0,True,True,PASS
RISCY-FPU-b-2-c20,6630,CFG_9_FLIP_DIAMOND,"diamond=false, bounded_window",,,,,10.0,44969,14,0.6996,1,True,True,TIMEOUT
RISCY-FPU-b-2-c2,6291,CFG_0_BASELINE,baseline,6093740.0,6098459.6,0.0,0.0,6.4,50882,14,0.6997,0,True,True,PASS
RISCY-FPU-b-2-c2,6291,CFG_1_MAX_DISP_10,max_disp=10,,,,,6.72,50882,14,0.6997,1,True,True,FAIL
RISCY-FPU-b-2-c2,6291,CFG_2_MAX_DISP_50,max_disp=50,6093740.0,6098459.6,0.0,0.0,6.4,50882,14,0.6997,0,True,True,PASS
RISCY-FPU-b-2-c2,6291,CFG_3_SITE_SEARCH_10,site_search=10,6093740.0,6098459.6,0.0,0.0,6.01,50882,14,0.6997,0,True,True,PASS
RISCY-FPU-b-2-c2,6291,CFG_4_SITE_SEARCH_50,site_search=50,6093740.0,6098459.6,0.0,0.0,5.17,50882,14,0.6997,0,True,True,PASS
RISCY-FPU-b-2-c2,6291,CFG_5_ROW_SEARCH_2,row_search=2,6093740.0,6098459.6,0.0,0.0,5.68,50882,14,0.6997,0,True,True,PASS
RISCY-FPU-b-2-c2,6291,CFG_6_ROW_SEARCH_6,row_search=6,6093740.0,6098459.6,0.0,0.0,6.91,50882,14,0.6997,0,True,True,PASS
RISCY-FPU-b-2-c2,6291,CFG_7_DISALLOW_GAPS,disallow_gaps=true,6093740.0,6098459.6,0.0,0.0,6.74,50882,14,0.6997,0,True,True,PASS
RISCY-FPU-b-2-c2,6291,CFG_8_DISABLE_EXT,disable_ext=true,6093740.0,6098459.6,0.0,0.0,5.76,50882,14,0.6997,0,True,True,PASS
RISCY-FPU-b-2-c2,6291,CFG_9_FLIP_DIAMOND,"diamond=false, bounded_window",,,,,10.0,50882,14,0.6997,1,True,True,TIMEOUT
RISCY-a-3-c5,1607,CFG_0_BASELINE,baseline,5565092.8,5567937.8,0.0,0.0,6.42,52276,5,0.6998,0,True,True,PASS
RISCY-a-3-c5,1607,CFG_1_MAX_DISP_10,max_disp=10,,,,,6.56,52276,5,0.6998,1,True,True,FAIL
RISCY-a-3-c5,1607,CFG_2_MAX_DISP_50,max_disp=50,5565092.8,5567937.8,0.0,0.0,6.34,52276,5,0.6998,0,True,True,PASS
RISCY-a-3-c5,1607,CFG_3_SITE_SEARCH_10,site_search=10,5565092.8,5567937.8,0.0,0.0,6.58,52276,5,0.6998,0,True,True,PASS
RISCY-a-3-c5,1607,CFG_4_SITE_SEARCH_50,site_search=50,5565092.8,5567937.8,0.0,0.0,6.3,52276,5,0.6998,0,True,True,PASS
RISCY-a-3-c5,1607,CFG_5_ROW_SEARCH_2,row_search=2,5565092.8,5567937.8,0.0,0.0,6.42,52276,5,0.6998,0,True,True,PASS
RISCY-a-3-c5,1607,CFG_6_ROW_SEARCH_6,row_search=6,5565092.8,5567937.8,0.0,0.0,6.17,52276,5,0.6998,0,True,True,PASS
RISCY-a-3-c5,1607,CFG_7_DISALLOW_GAPS,disallow_gaps=true,5565092.8,5567937.8,0.0,0.0,6.39,52276,5,0.6998,0,True,True,PASS
RISCY-a-3-c5,1607,CFG_8_DISABLE_EXT,disable_ext=true,5565092.8,5567937.8,0.0,0.0,7.14,52276,5,0.6998,0,True,True,PASS
RISCY-a-3-c5,1607,CFG_9_FLIP_DIAMOND,"diamond=false, bounded_window",,,,,10.0,52276,5,0.6998,1,True,True,TIMEOUT
RISCY-FPU-a-3-c20,5670,CFG_0_BASELINE,baseline,7197969.9,7203282.2,0.0,0.0,9.08,68685,5,0.7002,0,True,True,PASS
RISCY-FPU-a-3-c20,5670,CFG_1_MAX_DISP_10,max_disp=10,,,,,8.74,68685,5,0.7002,1,True,True,FAIL
RISCY-FPU-a-3-c20,5670,CFG_2_MAX_DISP_50,max_disp=50,7197969.9,7203282.2,0.0,0.0,8.57,68685,5,0.7002,0,True,True,PASS
RISCY-FPU-a-3-c20,5670,CFG_3_SITE_SEARCH_10,site_search=10,7197969.9,7203282.2,0.0,0.0,8.09,68685,5,0.7002,0,True,True,PASS
RISCY-FPU-a-3-c20,5670,CFG_4_SITE_SEARCH_50,site_search=50,7197969.9,7203282.2,0.0,0.0,9.4,68685,5,0.7002,0,True,True,PASS
RISCY-FPU-a-3-c20,5670,CFG_5_ROW_SEARCH_2,row_search=2,7197969.9,7203282.2,0.0,0.0,9.28,68685,5,0.7002,0,True,True,PASS
RISCY-FPU-a-3-c20,5670,CFG_6_ROW_SEARCH_6,row_search=6,7197969.9,7203282.2,0.0,0.0,9.24,68685,5,0.7002,0,True,True,PASS
RISCY-FPU-a-3-c20,5670,CFG_7_DISALLOW_GAPS,disallow_gaps=true,7197969.9,7203282.2,0.0,0.0,8.32,68685,5,0.7002,0,True,True,PASS
RISCY-FPU-a-3-c20,5670,CFG_8_DISABLE_EXT,disable_ext=true,7197969.9,7203282.2,0.0,0.0,8.09,68685,5,0.7002,0,True,True,PASS
RISCY-FPU-a-3-c20,5670,CFG_9_FLIP_DIAMOND,"diamond=false, bounded_window",,,,,10.0,68685,5,0.7002,1,True,True,TIMEOUT
RISCY-FPU-a-3-c2,5214,CFG_0_BASELINE,baseline,,,,,14.86,75068,5,0.6996,1,True,True,FAIL
RISCY-FPU-a-3-c2,5214,CFG_1_MAX_DISP_10,max_disp=10,,,,,11.88,75068,5,0.6996,1,True,True,FAIL
RISCY-FPU-a-3-c2,5214,CFG_2_MAX_DISP_50,max_disp=50,,,,,10.61,75068,5,0.6996,1,True,True,FAIL
RISCY-FPU-a-3-c2,5214,CFG_3_SITE_SEARCH_10,site_search=10,,,,,12.57,75068,5,0.6996,1,True,True,FAIL
RISCY-FPU-a-3-c2,5214,CFG_4_SITE_SEARCH_50,site_search=50,,,,,11.87,75068,5,0.6996,1,True,True,FAIL
RISCY-FPU-a-3-c2,5214,CFG_5_ROW_SEARCH_2,row_search=2,,,,,13.26,75068,5,0.6996,1,True,True,FAIL
RISCY-FPU-a-3-c2,5214,CFG_6_ROW_SEARCH_6,row_search=6,,,,,15.66,75068,5,0.6996,1,True,True,FAIL
RISCY-FPU-a-3-c2,5214,CFG_7_DISALLOW_GAPS,disallow_gaps=true,,,,,15.05,75068,5,0.6996,1,True,True,FAIL
RISCY-FPU-a-3-c2,5214,CFG_8_DISABLE_EXT,disable_ext=true,,,,,16.49,75068,5,0.6996,1,True,True,FAIL
RISCY-FPU-a-3-c2,5214,CFG_9_FLIP_DIAMOND,"diamond=false, bounded_window",,,,,10.0,75068,5,0.6996,1,True,True,TIMEOUT
