design_id,sample_id,sample_name,num_cells,total_cell_area_um2,sample_util
RISCY-FPU-a-1-c2,3880,3880-RISCY-FPU-a-1-c2-u0.7-m1-p1-f0.npy,75067,219970.81,0.7
RISCY-FPU-a-1-c20,4382,4382-RISCY-FPU-a-1-c20-u0.7-m1-p1-f0.npy,68684,213897.58,0.7
RISCY-FPU-a-1-c5,4127,4127-RISCY-FPU-a-1-c5-u0.7-m1-p1-f0.npy,70776,215541.18,0.7
RISCY-FPU-a-2-c2,4617,4617-RISCY-FPU-a-2-c2-u0.7-m1-p2-f0.npy,75070,254343.15,0.7
RISCY-FPU-a-2-c20,5029,5029-RISCY-FPU-a-2-c20-u0.7-m1-p3-f0.npy,68687,248269.92,0.7
RISCY-FPU-a-2-c5,4820,4820-RISCY-FPU-a-2-c5-u0.7-m1-p2-f0.npy,70779,249913.53,0.7
RISCY-FPU-a-3-c2,5214,5214-RISCY-FPU-a-3-c2-u0.7-m1-p1-f0.npy,75073,288715.5,0.7
RISCY-FPU-a-3-c20,5670,5670-RISCY-FPU-a-3-c20-u0.7-m1-p1-f0.npy,68690,282642.27,0.7
RISCY-FPU-a-3-c5,5445,5445-RISCY-FPU-a-3-c5-u0.7-m1-p1-f0.npy,70782,284285.88,0.7
RISCY-FPU-b-1-c2,5849,5849-RISCY-FPU-b-1-c2-u0.7-m1-p4-f0.npy,50896,252312.57,0.7
RISCY-FPU-b-1-c20,6181,6181-RISCY-FPU-b-1-c20-u0.7-m1-p1-f1.npy,44980,212643.81,0.7
RISCY-FPU-b-1-c5,5963,5963-RISCY-FPU-b-1-c5-u0.7-m1-p1-f0.npy,46251,213485.9,0.7
RISCY-FPU-b-2-c2,6291,6291-RISCY-FPU-b-2-c2-u0.7-m1-p5-f0.npy,50896,252312.57,0.7
RISCY-FPU-b-2-c20,6630,6630-RISCY-FPU-b-2-c20-u0.7-m1-p1-f1.npy,44983,247016.16,0.7
RISCY-FPU-b-2-c5,6406,6406-RISCY-FPU-b-2-c5-u0.7-m1-p1-f0.npy,46254,247858.25,0.7
RISCY-FPU-b-3-c2,6680,6680-RISCY-FPU-b-3-c2-u0.7-m1-p1-f1.npy,50899,286684.92,0.7
RISCY-FPU-b-3-c20,7039,7039-RISCY-FPU-b-3-c20-u0.7-m1-p1-f1.npy,44986,281388.51,0.7
RISCY-FPU-b-3-c5,6799,6799-RISCY-FPU-b-3-c5-u0.7-m1-p1-f0.npy,46257,282230.6,0.7
RISCY-a-2-c2,738,738-RISCY-a-2-c2-u0.7-m1-p2-f0.npy,53589,225987.74,0.7
RISCY-a-2-c20,1198,1198-RISCY-a-2-c20-u0.7-m1-p2-f0.npy,52258,225079.06,0.7
RISCY-a-2-c5,959,959-RISCY-a-2-c5-u0.7-m1-p1-f0.npy,52278,225092.51,0.7
RISCY-a-3-c2,1369,1369-RISCY-a-3-c2-u0.7-m1-p1-f0.npy,53592,260360.08,0.7
RISCY-a-3-c20,1823,1823-RISCY-a-3-c20-u0.7-m1-p1-f0.npy,52261,259451.4,0.7
RISCY-a-3-c5,1607,1607-RISCY-a-3-c5-u0.7-m1-p1-f0.npy,52281,259464.85,0.7
RISCY-b-1-c2,2012,2012-RISCY-b-1-c2-u0.7-m1-p1-f0.npy,31165,191362.48,0.7
RISCY-b-1-c20,2487,2487-RISCY-b-1-c20-u0.7-m1-p1-f0.npy,29767,190798.22,0.7
RISCY-b-1-c5,2253,2253-RISCY-b-1-c5-u0.7-m1-p1-f0.npy,29752,190421.82,0.7
RISCY-b-2-c2,2701,2701-RISCY-b-2-c2-u0.7-m1-p1-f0.npy,31168,225734.82,0.7
RISCY-b-2-c20,3152,3152-RISCY-b-2-c20-u0.7-m1-p1-f0.npy,29770,225170.56,0.7
RISCY-b-2-c5,2915,2915-RISCY-b-2-c5-u0.7-m1-p1-f0.npy,29755,224794.17,0.7
RISCY-b-3-c2,3362,3362-RISCY-b-3-c2-u0.7-m1-p1-f0.npy,31171,260107.17,0.7
RISCY-b-3-c20,3779,3779-RISCY-b-3-c20-u0.7-m1-p1-f0.npy,29773,259542.91,0.7
RISCY-b-3-c5,3540,3540-RISCY-b-3-c5-u0.7-m1-p1-f0.npy,29758,259166.52,0.7
zero-riscy-a-1-c2,7097,7097-zero-riscy-a-1-c2-u0.7-m1-p1-f0.npy,42102,173924.68,0.7
zero-riscy-a-1-c20,7625,7625-zero-riscy-a-1-c20-u0.7-m1-p1-f0.npy,41405,173381.36,0.7
zero-riscy-a-1-c5,7361,7361-zero-riscy-a-1-c5-u0.7-m1-p1-f0.npy,41406,173383.57,0.7
zero-riscy-a-2-c2,7896,7896-zero-riscy-a-2-c2-u0.7-m1-p2-f0.npy,42105,208297.02,0.7
zero-riscy-a-2-c20,8298,8298-zero-riscy-a-2-c20-u0.7-m1-p1-f0.npy,41408,207753.71,0.7
zero-riscy-a-2-c5,8091,8091-zero-riscy-a-2-c5-u0.7-m1-p1-f0.npy,41409,207755.91,0.7
zero-riscy-a-3-c2,8491,8491-zero-riscy-a-3-c2-u0.7-m1-p1-f0.npy,42108,242669.37,0.7
zero-riscy-a-3-c20,8943,8943-zero-riscy-a-3-c20-u0.7-m1-p1-f0.npy,41411,242126.06,0.7
zero-riscy-a-3-c5,8711,8711-zero-riscy-a-3-c5-u0.7-m1-p1-f0.npy,41412,242128.26,0.7
zero-riscy-b-1-c2,9140,9140-zero-riscy-b-1-c2-u0.7-m1-p1-f1.npy,20954,175043.49,0.7
zero-riscy-b-1-c20,9606,9606-zero-riscy-b-1-c20-u0.7-m1-p1-f1.npy,19946,174739.2,0.7
zero-riscy-b-1-c5,9369,9369-zero-riscy-b-1-c5-u0.7-m1-p1-f0.npy,19915,174376.48,0.7
zero-riscy-b-2-c5,9716,9716-zero-riscy-b-2-c5-u0.7-m1-p1-f0.npy,19918,208748.83,0.7
zero-riscy-b-3-c2,9941,9941-zero-riscy-b-3-c2-u0.7-m1-p1-f1.npy,20960,243788.18,0.7
zero-riscy-b-3-c20,10268,10268-zero-riscy-b-3-c20-u0.7-m1-p1-f1.npy,19952,243483.89,0.7
zero-riscy-b-3-c5,10028,10028-zero-riscy-b-3-c5-u0.7-m1-p1-f0.npy,19921,243121.17,0.7
