seed,episode,step,hpwl_prev,hpwl_curr,logged_reward,recomputed_reward,absolute_error,status
42,53,2,731162.9,731162.9,0.0,0.0,0.0,PASS
42,74,8,726125.77,724450.24,0.002307492819047,0.002307492819047075,7.502679033599691e-17,PASS
42,75,1,731162.9,729482.1,0.0022988037275961,0.0022988037275961984,9.84455572616838e-17,PASS
42,67,1,731162.9,731162.9,0.0,0.0,0.0,PASS
42,42,2,729482.1,727803.06,0.0023016877316111,0.0023016877316111265,2.6454533008646308e-17,PASS
42,68,9,730577.97,731162.9,-0.0008006400740499,-0.000800640074049935,3.5019730171281793e-17,PASS
42,63,7,729482.1,728898.05,0.0008006365063651,0.0008006365063651735,7.35089072945172e-17,PASS
42,52,4,731162.9,731162.9,0.0,0.0,0.0,PASS
42,86,10,724961.18,726636.71,-0.0023111996148537,-0.002311199614853738,3.8163916471489756e-17,PASS
42,14,7,731162.9,731162.9,0.0,0.0,0.0,PASS
42,82,2,731162.9,729482.1,0.0022988037275961,0.0022988037275961984,9.84455572616838e-17,PASS
42,8,7,727803.06,729482.1,-0.00230699771996,-0.0023069977199600133,1.3444106938820255e-17,PASS
42,64,7,730066.16,730066.16,0.0,0.0,0.0,PASS
42,98,4,727219.88,727219.88,0.0,0.0,0.0,PASS
42,94,9,728898.05,729482.1,-0.0008012780388147,-0.0008012780388147974,9.73613550891983e-17,PASS
42,90,10,727290.37,727872.67,-0.0008006430773998,-0.0008006430773998102,1.0191500421363742e-17,PASS
42,29,1,731162.9,729482.1,0.0022988037275961,0.0022988037275961984,9.84455572616838e-17,PASS
42,89,4,728314.0,726636.71,0.0023029764634485,0.0023029764634485087,8.673617379884035e-18,PASS
42,77,2,731162.9,731162.9,0.0,0.0,0.0,PASS
42,32,10,729482.1,727803.06,0.0023016877316111,0.0023016877316111265,2.6454533008646308e-17,PASS
43,86,9,730066.16,730066.16,0.0,0.0,0.0,PASS
43,99,7,731162.9,729482.1,0.0022988037275961,0.0022988037275961984,9.84455572616838e-17,PASS
43,19,4,730066.16,729482.1,0.0008000096867933,0.0008000096867933939,9.389190813724468e-17,PASS
43,51,3,727803.06,728386.24,-0.0008012881946387,-0.0008012881946387183,1.8323016715005025e-17,PASS
43,72,1,731162.9,731162.9,0.0,0.0,0.0,PASS
43,70,3,729993.04,729993.04,0.0,0.0,0.0,PASS
43,61,5,726636.71,724961.18,0.0023058702883314,0.0023058702883314436,4.380176776841438e-17,PASS
43,66,4,730577.97,729993.04,0.0008006400740497,0.0008006400740497757,7.567731163948821e-17,PASS
43,45,8,727290.37,727290.37,0.0,0.0,0.0,PASS
43,89,5,730577.97,729993.04,0.0008006400740497,0.0008006400740497757,7.567731163948821e-17,PASS
43,9,3,727803.06,727803.06,0.0,0.0,0.0,PASS
43,20,2,731162.9,731162.9,0.0,0.0,0.0,PASS
43,77,1,731162.9,731162.9,0.0,0.0,0.0,PASS
43,70,6,728314.0,728898.05,-0.0008019206001807,-0.0008019206001807553,5.5294310796760726e-17,PASS
43,88,5,730066.16,731162.9,-0.001502247412755,-0.0015022474127550174,1.734723475976807e-17,PASS
43,15,4,729482.1,727803.06,0.0023016877316111,0.0023016877316111265,2.6454533008646308e-17,PASS
43,19,1,731162.9,729482.1,0.0022988037275961,0.0022988037275961984,9.84455572616838e-17,PASS
43,54,7,727803.06,729482.1,-0.00230699771996,-0.0023069977199600133,1.3444106938820255e-17,PASS
43,51,1,731162.9,729482.1,0.0022988037275961,0.0022988037275961984,9.84455572616838e-17,PASS
43,53,4,731162.9,730577.97,0.0007999995623411,0.0007999995623411024,2.3852447794681098e-18,PASS
44,12,9,730577.97,731162.9,-0.0008006400740499,-0.000800640074049935,3.5019730171281793e-17,PASS
44,2,10,730577.97,728898.05,0.0022994397162015,0.002299439716201579,7.892991815694472e-17,PASS
44,5,2,731162.9,731162.9,0.0,0.0,0.0,PASS
44,43,6,731162.9,729482.1,0.0022988037275961,0.0022988037275961984,9.84455572616838e-17,PASS
44,23,2,731162.9,729482.1,0.0022988037275961,0.0022988037275961984,9.84455572616838e-17,PASS
44,76,9,729408.11,727729.94,0.0023007284632467,0.002300728463246785,8.500145032286355e-17,PASS
44,64,8,729482.1,728898.05,0.0008006365063651,0.0008006365063651735,7.35089072945172e-17,PASS
44,24,2,731162.9,729482.1,0.0022988037275961,0.0022988037275961984,9.84455572616838e-17,PASS
44,41,7,731162.9,731162.9,0.0,0.0,0.0,PASS
44,85,9,727219.88,725543.47,0.0023052312596295,0.002305231259629526,2.6020852139652106e-17,PASS
44,64,10,727219.88,728898.05,-0.0023076514354916,-0.0023076514354916176,1.7780915628762273e-17,PASS
44,93,9,726708.07,728386.24,-0.002309276681075,-0.002309276681075032,3.209238430557093e-17,PASS
44,4,3,729482.1,729482.1,0.0,0.0,0.0,PASS
44,29,2,731162.9,731162.9,0.0,0.0,0.0,PASS
44,24,8,727803.06,727803.06,0.0,0.0,0.0,PASS
44,85,2,731162.9,731162.9,0.0,0.0,0.0,PASS
44,100,9,730577.97,731162.9,-0.0008006400740499,-0.000800640074049935,3.5019730171281793e-17,PASS
44,12,8,730577.97,730577.97,0.0,0.0,0.0,PASS
44,63,3,727803.06,728386.24,-0.0008012881946387,-0.0008012881946387183,1.8323016715005025e-17,PASS
44,84,8,731162.9,731162.9,0.0,0.0,0.0,PASS
45,73,7,726636.71,727219.88,-0.0008025606083128,-0.0008025606083128417,4.174178364069192e-17,PASS
45,25,4,731162.9,731162.9,0.0,0.0,0.0,PASS
45,35,3,731162.9,729482.1,0.0022988037275961,0.0022988037275961984,9.84455572616838e-17,PASS
45,98,7,724450.24,722776.46,0.0023104140320252,0.0023104140320252056,5.637851296924623e-18,PASS
45,92,10,728386.24,726708.07,0.0023039562087279,0.0023039562087279982,9.80118763926896e-17,PASS
45,66,9,731162.9,729482.1,0.0022988037275961,0.0022988037275961984,9.84455572616838e-17,PASS
45,26,8,728898.05,730577.97,-0.0023047393253417,-0.0023047393253417614,6.158268339717665e-17,PASS
45,64,5,731162.9,731162.9,0.0,0.0,0.0,PASS
45,4,4,727803.06,729482.1,-0.00230699771996,-0.0023069977199600133,1.3444106938820255e-17,PASS
45,93,3,731162.9,730577.97,0.0007999995623411,0.0007999995623411024,2.3852447794681098e-18,PASS
45,34,2,731162.9,731162.9,0.0,0.0,0.0,PASS
45,49,6,731162.9,731162.9,0.0,0.0,0.0,PASS
45,22,1,731162.9,731162.9,0.0,0.0,0.0,PASS
45,54,7,728386.24,730066.16,-0.0023063587801988,-0.002306358780198871,7.068998164605489e-17,PASS
45,74,10,727803.06,729482.1,-0.00230699771996,-0.0023069977199600133,1.3444106938820255e-17,PASS
45,6,3,731162.9,731162.9,0.0,0.0,0.0,PASS
45,48,3,731162.9,731162.9,0.0,0.0,0.0,PASS
45,40,7,723868.82,722195.92,0.0023110540940275,0.002311054094027571,7.112366251504909e-17,PASS
45,34,8,729482.1,727803.06,0.0023016877316111,0.0023016877316111265,2.6454533008646308e-17,PASS
45,81,10,726708.07,725031.66,0.0023068548007178,0.0023068548007178676,6.765421556309548e-17,PASS
46,58,7,724450.24,724450.24,0.0,0.0,0.0,PASS
46,63,10,731162.9,731162.9,0.0,0.0,0.0,PASS
46,56,8,731162.9,731162.9,0.0,0.0,0.0,PASS
46,65,2,729482.1,731162.9,-0.0023041004021895,-0.0023041004021895077,7.806255641895632e-18,PASS
46,68,8,728898.05,730577.97,-0.0023047393253417,-0.0023047393253417614,6.158268339717665e-17,PASS
46,8,9,727729.94,727729.94,0.0,0.0,0.0,PASS
46,35,9,731162.9,731162.9,0.0,0.0,0.0,PASS
46,47,8,727219.88,728898.05,-0.0023076514354916,-0.0023076514354916176,1.7780915628762273e-17,PASS
46,36,3,731162.9,731162.9,0.0,0.0,0.0,PASS
46,99,4,731162.9,730577.97,0.0007999995623411,0.0007999995623411024,2.3852447794681098e-18,PASS
46,37,5,731162.9,731162.9,0.0,0.0,0.0,PASS
46,14,2,730577.97,731162.9,-0.0008006400740499,-0.000800640074049935,3.5019730171281793e-17,PASS
46,4,9,731162.9,729482.1,0.0022988037275961,0.0022988037275961984,9.84455572616838e-17,PASS
46,72,10,731162.9,730577.97,0.0007999995623411,0.0007999995623411024,2.3852447794681098e-18,PASS
46,68,9,730577.97,729993.04,0.0008006400740497,0.0008006400740497757,7.567731163948821e-17,PASS
46,34,3,728898.05,728898.05,0.0,0.0,0.0,PASS
46,49,7,730577.97,729993.04,0.0008006400740497,0.0008006400740497757,7.567731163948821e-17,PASS
46,35,3,731162.9,729482.1,0.0022988037275961,0.0022988037275961984,9.84455572616838e-17,PASS
46,78,4,731162.9,730577.97,0.0007999995623411,0.0007999995623411024,2.3852447794681098e-18,PASS
46,4,7,731162.9,731162.9,0.0,0.0,0.0,PASS
