design_id,design_key,partition,source_def,source_path,graph_path,expected_training_status,actually_sampled,sampled_episode_count
RISCY-FPU-a-1-c2,RISCY-FPU-a-1-c2,TRAIN,NONE_AVAILABLE,dataset/processed/netlists/netlist/RISCY-FPU-a-1-c2.v,dataset/graphs/RISCY-FPU-a-1-c2_graph.npz,EXPECTED_TRAIN,False,0
RISCY-FPU-a-1-c20,RISCY-FPU-a-1-c20,TRAIN,NONE_AVAILABLE,dataset/processed/netlists/netlist/RISCY-FPU-a-1-c20.v,dataset/graphs/RISCY-FPU-a-1-c20_graph.npz,EXPECTED_TRAIN,False,0
RISCY-FPU-a-1-c5,RISCY-FPU-a-1-c5,TRAIN,NONE_AVAILABLE,dataset/processed/netlists/netlist/RISCY-FPU-a-1-c5.v,dataset/graphs/RISCY-FPU-a-1-c5_graph.npz,EXPECTED_TRAIN,False,0
RISCY-FPU-a-2-c2,RISCY-FPU-a-2-c2,TRAIN,NONE_AVAILABLE,dataset/processed/netlists/netlist/RISCY-FPU-a-2-c2.v,dataset/graphs/RISCY-FPU-a-2-c2_graph.npz,EXPECTED_TRAIN,False,0
RISCY-FPU-a-2-c20,RISCY-FPU-a-2-c20,TRAIN,NONE_AVAILABLE,dataset/processed/netlists/netlist/RISCY-FPU-a-2-c20.v,dataset/graphs/RISCY-FPU-a-2-c20_graph.npz,EXPECTED_TRAIN,False,0
RISCY-FPU-a-2-c5,RISCY-FPU-a-2-c5,TRAIN,NONE_AVAILABLE,dataset/processed/netlists/netlist/RISCY-FPU-a-2-c5.v,dataset/graphs/RISCY-FPU-a-2-c5_graph.npz,EXPECTED_TRAIN,False,0
RISCY-FPU-a-3-c2,RISCY-FPU-a-3-c2,TRAIN,NONE_AVAILABLE,dataset/processed/netlists/netlist/RISCY-FPU-a-3-c2.v,dataset/graphs/RISCY-FPU-a-3-c2_graph.npz,EXPECTED_TRAIN,False,0
RISCY-FPU-a-3-c20,RISCY-FPU-a-3-c20,TRAIN,NONE_AVAILABLE,dataset/processed/netlists/netlist/RISCY-FPU-a-3-c20.v,dataset/graphs/RISCY-FPU-a-3-c20_graph.npz,EXPECTED_TRAIN,False,0
RISCY-FPU-a-3-c5,RISCY-FPU-a-3-c5,TRAIN,NONE_AVAILABLE,dataset/processed/netlists/netlist/RISCY-FPU-a-3-c5.v,dataset/graphs/RISCY-FPU-a-3-c5_graph.npz,EXPECTED_TRAIN,False,0
RISCY-FPU-b-1-c2,RISCY-FPU-b-1-c2,TRAIN,NONE_AVAILABLE,dataset/processed/netlists/netlist/RISCY-FPU-b-1-c2.v,dataset/graphs/RISCY-FPU-b-1-c2_graph.npz,EXPECTED_TRAIN,False,0
RISCY-FPU-b-1-c20,RISCY-FPU-b-1-c20,TRAIN,NONE_AVAILABLE,dataset/processed/netlists/netlist/RISCY-FPU-b-1-c20.v,dataset/graphs/RISCY-FPU-b-1-c20_graph.npz,EXPECTED_TRAIN,False,0
RISCY-FPU-b-1-c5,RISCY-FPU-b-1-c5,TRAIN,NONE_AVAILABLE,dataset/processed/netlists/netlist/RISCY-FPU-b-1-c5.v,dataset/graphs/RISCY-FPU-b-1-c5_graph.npz,EXPECTED_TRAIN,False,0
RISCY-FPU-b-2-c2,RISCY-FPU-b-2-c2,TRAIN,NONE_AVAILABLE,dataset/processed/netlists/netlist/RISCY-FPU-b-2-c2.v,dataset/graphs/RISCY-FPU-b-2-c2_graph.npz,EXPECTED_TRAIN,False,0
RISCY-FPU-b-2-c20,RISCY-FPU-b-2-c20,TRAIN,NONE_AVAILABLE,dataset/processed/netlists/netlist/RISCY-FPU-b-2-c20.v,dataset/graphs/RISCY-FPU-b-2-c20_graph.npz,EXPECTED_TRAIN,False,0
RISCY-FPU-b-2-c5,RISCY-FPU-b-2-c5,TRAIN,NONE_AVAILABLE,dataset/processed/netlists/netlist/RISCY-FPU-b-2-c5.v,dataset/graphs/RISCY-FPU-b-2-c5_graph.npz,EXPECTED_TRAIN,False,0
RISCY-FPU-b-3-c2,RISCY-FPU-b-3-c2,TRAIN,NONE_AVAILABLE,dataset/processed/netlists/netlist/RISCY-FPU-b-3-c2.v,dataset/graphs/RISCY-FPU-b-3-c2_graph.npz,EXPECTED_TRAIN,False,0
RISCY-FPU-b-3-c20,RISCY-FPU-b-3-c20,TRAIN,NONE_AVAILABLE,dataset/processed/netlists/netlist/RISCY-FPU-b-3-c20.v,dataset/graphs/RISCY-FPU-b-3-c20_graph.npz,EXPECTED_TRAIN,False,0
RISCY-FPU-b-3-c5,RISCY-FPU-b-3-c5,TRAIN,NONE_AVAILABLE,dataset/processed/netlists/netlist/RISCY-FPU-b-3-c5.v,dataset/graphs/RISCY-FPU-b-3-c5_graph.npz,EXPECTED_TRAIN,False,0
RISCY-a-1-c2,RISCY-a-1-c2,HELD_OUT_TEST,1-RISCY-a-1-c2-u0.7-m1-p1-f0.def,dataset/processed/netlists/netlist/RISCY-a-1-c2.v,dataset/graphs/RISCY-a-1-c2_graph.npz,EXCLUDED_HELD_OUT,False,0
RISCY-a-1-c20,RISCY-a-1-c20,HELD_OUT_TEST,493-RISCY-a-1-c20-u0.7-m1-p1-f0.def,dataset/processed/netlists/netlist/RISCY-a-1-c20.v,dataset/graphs/RISCY-a-1-c20_graph.npz,EXCLUDED_HELD_OUT,False,0
RISCY-a-1-c5,RISCY-a-1-c5,HELD_OUT_TEST,248-RISCY-a-1-c5-u0.7-m1-p1-f0.def,dataset/processed/netlists/netlist/RISCY-a-1-c5.v,dataset/graphs/RISCY-a-1-c5_graph.npz,EXCLUDED_HELD_OUT,False,0
RISCY-a-2-c2,RISCY-a-2-c2,TRAIN,1-RISCY-a-1-c2-u0.7-m1-p1-f0.def,dataset/processed/netlists/netlist/RISCY-a-2-c2.v,dataset/graphs/RISCY-a-2-c2_graph.npz,EXPECTED_TRAIN,True,235
RISCY-a-2-c20,RISCY-a-2-c20,TRAIN,NONE_AVAILABLE,dataset/processed/netlists/netlist/RISCY-a-2-c20.v,dataset/graphs/RISCY-a-2-c20_graph.npz,EXPECTED_TRAIN,False,0
RISCY-a-2-c5,RISCY-a-2-c5,TRAIN,NONE_AVAILABLE,dataset/processed/netlists/netlist/RISCY-a-2-c5.v,dataset/graphs/RISCY-a-2-c5_graph.npz,EXPECTED_TRAIN,False,0
RISCY-a-3-c2,RISCY-a-3-c2,TRAIN,1-RISCY-a-1-c2-u0.7-m1-p1-f0.def,dataset/processed/netlists/netlist/RISCY-a-3-c2.v,dataset/graphs/RISCY-a-3-c2_graph.npz,EXPECTED_TRAIN,True,265
RISCY-a-3-c20,RISCY-a-3-c20,TRAIN,NONE_AVAILABLE,dataset/processed/netlists/netlist/RISCY-a-3-c20.v,dataset/graphs/RISCY-a-3-c20_graph.npz,EXPECTED_TRAIN,False,0
RISCY-a-3-c5,RISCY-a-3-c5,TRAIN,NONE_AVAILABLE,dataset/processed/netlists/netlist/RISCY-a-3-c5.v,dataset/graphs/RISCY-a-3-c5_graph.npz,EXPECTED_TRAIN,False,0
RISCY-b-1-c2,RISCY-b-1-c2,TRAIN,NONE_AVAILABLE,dataset/processed/netlists/netlist/RISCY-b-1-c2.v,dataset/graphs/RISCY-b-1-c2_graph.npz,EXPECTED_TRAIN,False,0
RISCY-b-1-c20,RISCY-b-1-c20,TRAIN,NONE_AVAILABLE,dataset/processed/netlists/netlist/RISCY-b-1-c20.v,dataset/graphs/RISCY-b-1-c20_graph.npz,EXPECTED_TRAIN,False,0
RISCY-b-1-c5,RISCY-b-1-c5,TRAIN,NONE_AVAILABLE,dataset/processed/netlists/netlist/RISCY-b-1-c5.v,dataset/graphs/RISCY-b-1-c5_graph.npz,EXPECTED_TRAIN,False,0
RISCY-b-2-c2,RISCY-b-2-c2,TRAIN,NONE_AVAILABLE,dataset/processed/netlists/netlist/RISCY-b-2-c2.v,dataset/graphs/RISCY-b-2-c2_graph.npz,EXPECTED_TRAIN,False,0
RISCY-b-2-c20,RISCY-b-2-c20,TRAIN,NONE_AVAILABLE,dataset/processed/netlists/netlist/RISCY-b-2-c20.v,dataset/graphs/RISCY-b-2-c20_graph.npz,EXPECTED_TRAIN,False,0
RISCY-b-2-c5,RISCY-b-2-c5,TRAIN,NONE_AVAILABLE,dataset/processed/netlists/netlist/RISCY-b-2-c5.v,dataset/graphs/RISCY-b-2-c5_graph.npz,EXPECTED_TRAIN,False,0
RISCY-b-3-c2,RISCY-b-3-c2,TRAIN,NONE_AVAILABLE,dataset/processed/netlists/netlist/RISCY-b-3-c2.v,dataset/graphs/RISCY-b-3-c2_graph.npz,EXPECTED_TRAIN,False,0
RISCY-b-3-c20,RISCY-b-3-c20,TRAIN,NONE_AVAILABLE,dataset/processed/netlists/netlist/RISCY-b-3-c20.v,dataset/graphs/RISCY-b-3-c20_graph.npz,EXPECTED_TRAIN,False,0
RISCY-b-3-c5,RISCY-b-3-c5,TRAIN,NONE_AVAILABLE,dataset/processed/netlists/netlist/RISCY-b-3-c5.v,dataset/graphs/RISCY-b-3-c5_graph.npz,EXPECTED_TRAIN,False,0
zero-riscy-a-1-c2,zero-riscy-a-1-c2,TRAIN,NONE_AVAILABLE,dataset/processed/netlists/netlist/zero-riscy-a-1-c2.v,dataset/graphs/zero-riscy-a-1-c2_graph.npz,EXPECTED_TRAIN,False,0
zero-riscy-a-1-c20,zero-riscy-a-1-c20,TRAIN,NONE_AVAILABLE,dataset/processed/netlists/netlist/zero-riscy-a-1-c20.v,dataset/graphs/zero-riscy-a-1-c20_graph.npz,EXPECTED_TRAIN,False,0
zero-riscy-a-1-c5,zero-riscy-a-1-c5,TRAIN,NONE_AVAILABLE,dataset/processed/netlists/netlist/zero-riscy-a-1-c5.v,dataset/graphs/zero-riscy-a-1-c5_graph.npz,EXPECTED_TRAIN,False,0
zero-riscy-a-2-c2,zero-riscy-a-2-c2,TRAIN,NONE_AVAILABLE,dataset/processed/netlists/netlist/zero-riscy-a-2-c2.v,dataset/graphs/zero-riscy-a-2-c2_graph.npz,EXPECTED_TRAIN,False,0
zero-riscy-a-2-c20,zero-riscy-a-2-c20,TRAIN,NONE_AVAILABLE,dataset/processed/netlists/netlist/zero-riscy-a-2-c20.v,dataset/graphs/zero-riscy-a-2-c20_graph.npz,EXPECTED_TRAIN,False,0
zero-riscy-a-2-c5,zero-riscy-a-2-c5,TRAIN,NONE_AVAILABLE,dataset/processed/netlists/netlist/zero-riscy-a-2-c5.v,dataset/graphs/zero-riscy-a-2-c5_graph.npz,EXPECTED_TRAIN,False,0
zero-riscy-a-3-c2,zero-riscy-a-3-c2,TRAIN,NONE_AVAILABLE,dataset/processed/netlists/netlist/zero-riscy-a-3-c2.v,dataset/graphs/zero-riscy-a-3-c2_graph.npz,EXPECTED_TRAIN,False,0
zero-riscy-a-3-c20,zero-riscy-a-3-c20,TRAIN,NONE_AVAILABLE,dataset/processed/netlists/netlist/zero-riscy-a-3-c20.v,dataset/graphs/zero-riscy-a-3-c20_graph.npz,EXPECTED_TRAIN,False,0
zero-riscy-a-3-c5,zero-riscy-a-3-c5,TRAIN,NONE_AVAILABLE,dataset/processed/netlists/netlist/zero-riscy-a-3-c5.v,dataset/graphs/zero-riscy-a-3-c5_graph.npz,EXPECTED_TRAIN,False,0
zero-riscy-b-1-c2,zero-riscy-b-1-c2,TRAIN,NONE_AVAILABLE,dataset/processed/netlists/netlist/zero-riscy-b-1-c2.v,dataset/graphs/zero-riscy-b-1-c2_graph.npz,EXPECTED_TRAIN,False,0
zero-riscy-b-1-c20,zero-riscy-b-1-c20,TRAIN,NONE_AVAILABLE,dataset/processed/netlists/netlist/zero-riscy-b-1-c20.v,dataset/graphs/zero-riscy-b-1-c20_graph.npz,EXPECTED_TRAIN,False,0
zero-riscy-b-1-c5,zero-riscy-b-1-c5,TRAIN,NONE_AVAILABLE,dataset/processed/netlists/netlist/zero-riscy-b-1-c5.v,dataset/graphs/zero-riscy-b-1-c5_graph.npz,EXPECTED_TRAIN,False,0
zero-riscy-b-2-c2,zero-riscy-b-2-c2,TRAIN,NONE_AVAILABLE,dataset/processed/netlists/netlist/zero-riscy-b-2-c2.v,dataset/graphs/zero-riscy-b-2-c2_graph.npz,EXPECTED_TRAIN,False,0
zero-riscy-b-2-c20,zero-riscy-b-2-c20,TRAIN,NONE_AVAILABLE,dataset/processed/netlists/netlist/zero-riscy-b-2-c20.v,dataset/graphs/zero-riscy-b-2-c20_graph.npz,EXPECTED_TRAIN,False,0
zero-riscy-b-2-c5,zero-riscy-b-2-c5,TRAIN,NONE_AVAILABLE,dataset/processed/netlists/netlist/zero-riscy-b-2-c5.v,dataset/graphs/zero-riscy-b-2-c5_graph.npz,EXPECTED_TRAIN,False,0
zero-riscy-b-3-c2,zero-riscy-b-3-c2,TRAIN,NONE_AVAILABLE,dataset/processed/netlists/netlist/zero-riscy-b-3-c2.v,dataset/graphs/zero-riscy-b-3-c2_graph.npz,EXPECTED_TRAIN,False,0
zero-riscy-b-3-c20,zero-riscy-b-3-c20,TRAIN,NONE_AVAILABLE,dataset/processed/netlists/netlist/zero-riscy-b-3-c20.v,dataset/graphs/zero-riscy-b-3-c20_graph.npz,EXPECTED_TRAIN,False,0
zero-riscy-b-3-c5,zero-riscy-b-3-c5,TRAIN,NONE_AVAILABLE,dataset/processed/netlists/netlist/zero-riscy-b-3-c5.v,dataset/graphs/zero-riscy-b-3-c5_graph.npz,EXPECTED_TRAIN,False,0
