parameter,command,option,type,focus,default,minimum,maximum,step,placement_stage,affects_hpwl,affects_density,affects_congestion,affects_runtime,available,notes
max_displacement,detailed_placement,-max_displacement,Numeric integer (sites),Detailed,0,0,100,10,detailed_placement,true,false,false,true,true,Maximum displacement allowed during legalization (0 = tool default / unconstrained window)
disallow_one_site_gaps,detailed_placement,-disallow_one_site_gaps,Boolean,Detailed,false,false,true,FLIP,detailed_placement,true,true,false,true,true,Disallows single site gaps between adjacent cells to avoid DRC/legalization gap violations
site_search_window,detailed_placement,-site_search_window,Numeric integer,Detailed,0,0,100,10,detailed_placement,true,false,false,true,true,Window of sites around original location to search for legal cell placement
row_search_window,detailed_placement,-row_search_window,Numeric integer,Detailed,0,0,20,2,detailed_placement,true,false,false,true,true,Window of rows around original location to search for legal cell placement
use_diamond_legalizer,detailed_placement,-use_diamond_legalizer,Boolean,Detailed,false,false,true,FLIP,detailed_placement,true,false,false,true,true,Uses diamond search pattern for cell legalization
disable_window_extension,detailed_placement,-disable_window_extension,Boolean,Detailed,false,false,true,FLIP,detailed_placement,true,true,false,true,true,Disables expansion of search window during cell placement
density,global_placement,-density,Numeric continuous,Global,0.70,0.40,0.95,0.03,global_placement,true,true,true,true,false,Target density for RePlAce global placement. UNAVAILABLE in CircuitNet execution flow due to absence of Liberty (.lib) timing files required for scratch global_placement.
bin_grid_count,global_placement,-bin_grid_count,Numeric integer,Global,0,32,256,16,global_placement,true,true,true,true,false,Grid bin count for density evaluation in RePlAce. UNAVAILABLE due to lack of .lib.
overflow,global_placement,-overflow,Numeric continuous,Global + Effort,0.10,0.01,0.50,0.05,global_placement,true,true,true,true,false,Target overflow criterion to stop Nesterov global placement. UNAVAILABLE due to lack of .lib.
routability_driven,global_placement,-routability_driven,Boolean,Global + Effort,false,false,true,FLIP,global_placement,true,true,true,true,false,Enables routability-driven global placement. Requires routing layer tech & global router (grt).
timing_driven,global_placement,-timing_driven,Boolean,Global + Effort,false,false,true,FLIP,global_placement,true,false,false,true,false,Requires Liberty (.lib) and STA timing graph; UNAVAILABLE in CircuitNet N28.
