action_id,action_name,paper_definition,affected_parameter_group,paper_behavior,paper_reference
1,FLIP Booleans,Toggle value of all Boolean parameters,"clock gate aware, uniform density",FLIP: toggle Boolean value (true <-> false),"Table III Action 1, Section III-E"
2,UP Integers,Increase all numeric integer parameters by (b-a)*delta,"eco max distance, legalization gap, max density","x_new = min(max(x + (b-a)*delta, a), b)","Table III Action 2, Section III-E"
3,DOWN Integers,Decrease all numeric integer parameters by (b-a)*delta,"eco max distance, legalization gap, max density","x_new = min(max(x - (b-a)*delta, a), b)","Table III Action 3, Section III-E"
4,UP Efforts,Increase effort level for all Effort-focus parameters,"activity power driven, wire length opt, timing effort, clock power driven, congestion effort",Move from lower enumeration level to next higher level,"Table III Action 4, Section III-E"
5,DOWN Efforts,Decrease effort level for all Effort-focus parameters,"activity power driven, wire length opt, timing effort, clock power driven, congestion effort",Move from higher enumeration level to next lower level,"Table III Action 5, Section III-E"
6,UP Detailed,Increase Detailed-focus parameters (numeric and enumerate),"eco max distance, legalization gap, eco priority, wire length opt, activity power driven","Numeric UP by delta, Enumerate UP by 1 step","Table III Action 6, Section III-E"
7,DOWN Detailed,Decrease Detailed-focus parameters (numeric and enumerate),"eco max distance, legalization gap, eco priority, wire length opt, activity power driven","Numeric DOWN by delta, Enumerate DOWN by 1 step","Table III Action 7, Section III-E"
8,UP Global,Increase Global-focus numeric and enumerate parameters without altering Booleans,"max density, blockage channel, timing effort, clock power driven, congestion effort","Numeric UP by delta, Enumerate UP by 1 step (leaves Booleans unchanged)","Table III Action 8, Section III-E"
9,DOWN Global,Decrease Global-focus numeric and enumerate parameters without altering Booleans,"max density, blockage channel, timing effort, clock power driven, congestion effort","Numeric DOWN by delta, Enumerate DOWN by 1 step (leaves Booleans unchanged)","Table III Action 9, Section III-E"
10,INVERT-MIX,Invert balance between timing effort vs. congestion effort vs. wire length optimization,"timing effort, congestion effort, wire length opt",Swaps/inverts emphasis between timing/wirelength-driven and congestion-driven trade-offs,"Table III Action 10, Section III-E"
11,DO NOTHING,Does not modify parameters; triggers environment reset if selected repeatedly,None (no parameter changed),State invariant. Reset trigger: {a_{j-4}...a_j} == NOTHING (5 consecutive) -> reset,"Table III Action 11, Section III-E, Equation (24)"
