paper_parameter,paper_type,paper_focus,paper_range,paper_default,paper_delta,openroad_parameter,openroad_command,openroad_default,openroad_min,openroad_max,openroad_step,mapping_confidence,validation_status,mapping_basis,notes
eco max distance,Numeric integer,Detailed,"[0, 100]",0,0.10,max_displacement,detailed_placement -max_displacement,0,0,100,10,STRONG_ANALOG,VERIFIED,Both constrain the maximum distance or site window a cell can be moved during detailed placement legalization.,"In OpenROAD, 0 indicates unconstrained search window; values > 0 restrict cell displacement."
legalization gap,Numeric integer,Detailed,"[0, 100]",0,0.10,disallow_one_site_gaps,detailed_placement -disallow_one_site_gaps,false,false,true,FLIP,STRONG_ANALOG,VERIFIED,Both enforce minimum site separation/padding rules between placed standard cells during legalization.,OpenROAD supports binary enforcement of site gap rules (-disallow_one_site_gaps) rather than an arbitrary 0-100 site integer.
max density,Numeric integer,Global,"[0, 100]",90,0.03,density,global_placement -density,0.70,0.40,0.95,0.03,DIRECT,UNAVAILABLE,Direct equivalent in RePlAce global_placement.,"UNAVAILABLE in CircuitNet N28 flow because global_placement from scratch requires .lib timing files, which are proprietary and absent."
eco priority,Enumerate,Detailed,"3 values (placed, eco, fixed)",placed,DOWN/UP Enumerate,use_diamond_legalizer,detailed_placement -use_diamond_legalizer,false,false,true,FLIP,WEAK_ANALOG,VERIFIED,Controls legalization search pattern / cell placement ordering priority strategy.,"In OpenROAD, diamond search alters legalization priority and cell placement order."
activity power driven,Enumerate,Detail + Effort,"3 values (none, medium, high)",standard,DOWN/UP Enumerate,None,None,None,None,None,None,UNAVAILABLE,UNAVAILABLE,OpenROAD has no activity power driven placement engine.,"Power is evaluated post-placement via Phase 6 proxy models, not as an active placement engine knob."
wire length opt,Enumerate,Detail + Effort,"3 values (none, medium, high)",medium,DOWN/UP Enumerate,site_search_window,detailed_placement -site_search_window,0,0,100,10,STRONG_ANALOG,VERIFIED,Expands search window for wirelength optimization during detailed cell swapping/legalization.,Larger window allows detailed placer to find better wirelength swaps across wider site radius.
blockage channel,Enumerate,Global,"3 values (none, soft, hard)",soft,DOWN/UP Enumerate,None,None,None,None,None,None,UNAVAILABLE,UNAVAILABLE,CircuitNet benchmarks have standard cell designs with no macro placement channels.,No macro blockage channels exist in the 4 evaluated RISCY benchmarks.
timing effort,Enumerate,Global + Effort,"3 values (none, medium, high)",medium,DOWN/UP Enumerate,timing_driven,global_placement -timing_driven,false,false,true,FLIP,STRONG_ANALOG,UNAVAILABLE,"Direct OpenROAD equivalent in global_placement, but requires .lib.",UNAVAILABLE in CircuitNet N28 due to missing .lib.
clock power driven,Enumerate,Global + Effort,"2 values (none, standard)",standard,DOWN/UP Enumerate,None,None,None,None,None,None,UNAVAILABLE,UNAVAILABLE,No clock power driven placer knob exists in OpenROAD detailed placement.,Clock tree power optimization requires CTS engines (TritonCTS) and .lib.
congestion effort,Enumerate,Global + Effort,"3 values (none, low/medium, high)",medium,DOWN/UP Enumerate,row_search_window,detailed_placement -row_search_window,0,0,20,2,STRONG_ANALOG,VERIFIED,Relieves local row congestion during detailed legalization by permitting inter-row swaps.,Allows detailed placer to displace cells vertically to less congested adjacent rows.
clock gate aware,Boolean,Global,"2 values (false, true)",true,FLIP,None,None,None,None,None,None,UNAVAILABLE,UNAVAILABLE,OpenROAD does not provide a standalone clock gate aware placement flag in detailed placement.,Clock gating awareness in OpenROAD is handled during logic synthesis / clock tree synthesis.
uniform density,Boolean,Global,"2 values (false, true)",false,FLIP,disable_window_extension,detailed_placement -disable_window_extension,false,false,true,FLIP,STRONG_ANALOG,VERIFIED,Prevents local density clustering by restricting search window dilation during cell placement.,"When disabled, prevents clustering of cells in high-density regions."
