benchmark,parameter,baseline_value,tested_value,hpwl_um,hpwl_delta_pct,runtime_sec,legalization_status,delay_proxy,power_proxy,ir_proxy,success,notes
BENCH_01_RISCY_C2_U70,max_displacement,0,0,731162.9,0.0,4.427,LEGAL,1.815,54858.28,2.418,True,OFAT tested
BENCH_01_RISCY_C2_U70,max_displacement,0,10,731162.9,0.0,4.01,LEGAL,1.815,54858.28,2.418,True,OFAT tested
BENCH_01_RISCY_C2_U70,max_displacement,0,30,731162.9,0.0,3.887,LEGAL,1.815,54858.28,2.418,True,OFAT tested
BENCH_01_RISCY_C2_U70,max_displacement,0,60,731162.9,0.0,3.998,LEGAL,1.815,54858.28,2.418,True,OFAT tested
BENCH_02_RISCY_C2_U90,max_displacement,0,0,708651.3,0.0,58.358,LEGAL,1.713,52248.96,2.881,True,OFAT tested
BENCH_02_RISCY_C2_U90,max_displacement,0,10,708651.3,0.0,62.935,LEGAL,1.713,52248.96,2.881,True,OFAT tested
BENCH_02_RISCY_C2_U90,max_displacement,0,30,708651.3,0.0,62.405,LEGAL,1.713,52248.96,2.881,True,OFAT tested
BENCH_02_RISCY_C2_U90,max_displacement,0,60,708651.3,0.0,61.617,LEGAL,1.713,52248.96,2.881,True,OFAT tested
BENCH_01_RISCY_C2_U70,site_search_window,0,0,731162.9,0.0,4.427,LEGAL,1.815,54858.28,2.418,True,OFAT tested
BENCH_01_RISCY_C2_U70,site_search_window,0,10,731136.7,-0.0036,4.387,LEGAL,1.815,54856.31,2.418,True,OFAT tested
BENCH_01_RISCY_C2_U70,site_search_window,0,30,731162.9,0.0,4.224,LEGAL,1.815,54858.28,2.418,True,OFAT tested
BENCH_01_RISCY_C2_U70,site_search_window,0,60,731162.9,0.0,3.761,LEGAL,1.815,54858.28,2.418,True,OFAT tested
BENCH_02_RISCY_C2_U90,site_search_window,0,0,708651.3,0.0,58.358,LEGAL,1.713,52248.96,2.881,True,OFAT tested
BENCH_02_RISCY_C2_U90,site_search_window,0,10,721439.6,1.8046,86.72,LEGAL,1.744,53191.84,2.933,True,OFAT tested
BENCH_02_RISCY_C2_U90,site_search_window,0,30,718101.1,1.3335,61.57,LEGAL,1.736,52945.7,2.919,True,OFAT tested
BENCH_02_RISCY_C2_U90,site_search_window,0,60,724420.8,2.2253,85.905,LEGAL,1.751,53411.65,2.945,True,OFAT tested
BENCH_01_RISCY_C2_U70,row_search_window,0,0,731162.9,0.0,4.427,LEGAL,1.815,54858.28,2.418,True,OFAT tested
BENCH_01_RISCY_C2_U70,row_search_window,0,2,731062.1,-0.0138,4.221,LEGAL,1.815,54850.72,2.418,True,OFAT tested
BENCH_01_RISCY_C2_U70,row_search_window,0,6,731162.9,0.0,3.82,LEGAL,1.815,54858.28,2.418,True,OFAT tested
BENCH_01_RISCY_C2_U70,row_search_window,0,12,731152.0,-0.0015,4.007,LEGAL,1.815,54857.46,2.418,True,OFAT tested
BENCH_02_RISCY_C2_U90,row_search_window,0,0,708651.3,0.0,58.358,LEGAL,1.713,52248.96,2.881,True,OFAT tested
BENCH_02_RISCY_C2_U90,row_search_window,0,2,711452.5,0.3953,117.825,LEGAL,1.72,52455.49,2.892,True,OFAT tested
BENCH_02_RISCY_C2_U90,row_search_window,0,6,723027.6,2.0287,66.611,LEGAL,1.748,53308.93,2.939,True,OFAT tested
BENCH_02_RISCY_C2_U90,row_search_window,0,12,724039.9,2.1715,63.354,LEGAL,1.75,53383.56,2.944,True,OFAT tested
BENCH_01_RISCY_C2_U70,disallow_one_site_gaps,False,False,731162.9,0.0,4.427,LEGAL,1.815,54858.28,2.418,True,OFAT tested
BENCH_01_RISCY_C2_U70,disallow_one_site_gaps,False,True,731162.9,0.0,3.913,LEGAL,1.815,54858.28,2.418,True,OFAT tested
BENCH_02_RISCY_C2_U90,disallow_one_site_gaps,False,False,708651.3,0.0,58.358,LEGAL,1.713,52248.96,2.881,True,OFAT tested
BENCH_02_RISCY_C2_U90,disallow_one_site_gaps,False,True,708651.3,0.0,61.617,LEGAL,1.713,52248.96,2.881,True,OFAT tested
BENCH_01_RISCY_C2_U70,use_diamond_legalizer,False,False,731162.9,0.0,4.427,LEGAL,1.815,54858.28,2.418,True,OFAT tested
BENCH_01_RISCY_C2_U70,use_diamond_legalizer,False,True,731102.3,-0.0083,3.591,LEGAL,1.815,54853.73,2.418,True,OFAT tested
BENCH_02_RISCY_C2_U90,use_diamond_legalizer,False,False,708651.3,0.0,58.358,LEGAL,1.713,52248.96,2.881,True,OFAT tested
BENCH_02_RISCY_C2_U90,use_diamond_legalizer,False,True,644211.4,-9.0933,2.653,LEGAL,1.557,47497.8,2.619,True,OFAT tested
BENCH_01_RISCY_C2_U70,disable_window_extension,False,False,731162.9,0.0,4.427,LEGAL,1.815,54858.28,2.418,True,OFAT tested
BENCH_01_RISCY_C2_U70,disable_window_extension,False,True,731149.4,-0.0018,3.743,LEGAL,1.815,54857.27,2.418,True,OFAT tested
BENCH_02_RISCY_C2_U90,disable_window_extension,False,False,708651.3,0.0,58.358,LEGAL,1.713,52248.96,2.881,True,OFAT tested
BENCH_02_RISCY_C2_U90,disable_window_extension,False,True,715796.2,1.0082,72.623,LEGAL,1.73,52775.75,2.91,True,OFAT tested
BENCH_03_RISCY_C5_U70,baseline_all,default,default,701234.8,0.0,3.651,LEGAL,1.833,53739.72,2.378,True,Baseline control
BENCH_04_RISCY_C20_U70,baseline_all,default,default,700395.9,0.0,4.72,LEGAL,1.836,53750.63,2.379,True,Baseline control
