design_key,netlist_instances,placement_instances,exact_matches,normalized_matches,unmatched_graph_instances,unmatched_placement_instances,overlap_ratio
RISCY-FPU-a-1-c2,75067,76914,75067,75067,0,1847,1.0
RISCY-FPU-a-1-c20,68684,66673,66673,66673,2011,0,0.9707
RISCY-FPU-a-1-c5,70776,69118,69118,69118,1658,0,0.9766
RISCY-FPU-a-2-c2,75070,76776,75070,75070,0,1706,1.0
RISCY-FPU-a-2-c20,68687,66707,66707,66707,1980,0,0.9712
RISCY-FPU-a-2-c5,70779,69246,69246,69246,1533,0,0.9783
RISCY-FPU-a-3-c2,75073,76651,75073,75073,0,1578,1.0
RISCY-FPU-a-3-c20,68690,66623,66623,66623,2067,0,0.9699
RISCY-FPU-a-3-c5,70782,69299,69299,69299,1483,0,0.979
RISCY-FPU-b-1-c2,50886,53480,50886,50886,0,2594,1.0
RISCY-FPU-b-1-c20,44970,45049,44970,44970,0,79,1.0
RISCY-FPU-b-1-c5,46241,47166,46241,46241,0,925,1.0
RISCY-FPU-b-2-c2,50886,54220,50886,50886,0,3334,1.0
RISCY-FPU-b-2-c20,44973,45084,44973,44973,0,111,1.0
RISCY-FPU-b-2-c5,46244,47240,46244,46244,0,996,1.0
RISCY-FPU-b-3-c2,50889,53960,50889,50889,0,3071,1.0
RISCY-FPU-b-3-c20,44976,45198,44976,44976,0,222,1.0
RISCY-FPU-b-3-c5,46247,47017,46247,46247,0,770,1.0
RISCY-a-1-c2,53586,52147,52147,52147,1439,0,0.9731
RISCY-a-1-c20,52255,49931,49931,49931,2324,0,0.9555
RISCY-a-1-c5,52275,49987,49987,49987,2288,0,0.9562
RISCY-a-2-c2,53589,52241,52241,52241,1348,0,0.9748
RISCY-a-2-c20,52258,49980,49980,49980,2278,0,0.9564
RISCY-a-2-c5,52278,50073,50073,50073,2205,0,0.9578
RISCY-a-3-c2,53592,52262,52262,52262,1330,0,0.9752
RISCY-a-3-c20,52261,49995,49995,49995,2266,0,0.9566
RISCY-a-3-c5,52281,50159,50159,50159,2122,0,0.9594
RISCY-b-1-c2,31155,31546,31155,31155,0,391,1.0
RISCY-b-1-c20,29757,29364,29364,29364,393,0,0.9868
RISCY-b-1-c5,29742,29726,29726,29726,16,0,0.9995
RISCY-b-2-c2,31158,31870,31158,31158,0,712,1.0
RISCY-b-2-c20,29760,29852,29760,29760,0,92,1.0
RISCY-b-2-c5,29745,29792,29745,29745,0,47,1.0
RISCY-b-3-c2,31161,32296,31161,31161,0,1135,1.0
RISCY-b-3-c20,29763,30059,29763,29763,0,296,1.0
RISCY-b-3-c5,29748,30110,29748,29748,0,362,1.0
zero-riscy-a-1-c2,42102,39760,39760,39760,2342,0,0.9444
zero-riscy-a-1-c20,41405,38727,38727,38727,2678,0,0.9353
zero-riscy-a-1-c5,41406,38690,38690,38690,2716,0,0.9344
zero-riscy-a-2-c2,42105,39834,39834,39834,2271,0,0.9461
zero-riscy-a-2-c20,41408,38698,38698,38698,2710,0,0.9346
zero-riscy-a-2-c5,41409,38763,38763,38763,2646,0,0.9361
zero-riscy-a-3-c2,42108,39768,39768,39768,2340,0,0.9444
zero-riscy-a-3-c20,41411,38785,38785,38785,2626,0,0.9366
zero-riscy-a-3-c5,41412,38819,38819,38819,2593,0,0.9374
zero-riscy-b-1-c2,20944,20579,20579,20579,365,0,0.9826
zero-riscy-b-1-c20,19936,19353,19353,19353,583,0,0.9708
zero-riscy-b-1-c5,19905,19827,19827,19827,78,0,0.9961
zero-riscy-b-2-c2,20947,0,0,0,20947,0,0.0
zero-riscy-b-2-c20,19939,0,0,0,19939,0,0.0
zero-riscy-b-2-c5,19908,19737,19737,19737,171,0,0.9914
zero-riscy-b-3-c2,20950,20896,20896,20896,54,0,0.9974
zero-riscy-b-3-c20,19942,19947,19942,19942,0,5,1.0
zero-riscy-b-3-c5,19911,19948,19911,19911,0,37,1.0
