seed,benchmark_id,design,baseline_hpwl,rl_hpwl,absolute_improvement,improvement_percent,baseline_status,rl_status,rl_parameter_configuration
42,BENCH_01_RISCY_C2_U70,RISCY-a-1-c2,731102.3,731102.3,0.0,0.0,PASS,FAIL,"{""max_displacement"": 0, ""site_search_window"": 10, ""row_search_window"": 2, ""disallow_one_site_gaps"": 0, ""use_diamond_legalizer"": 1, ""disable_window_extension"": 0}"
42,BENCH_02_RISCY_C2_U90,RISCY-a-1-c2,644211.4,644211.4,0.0,0.0,PASS,FAIL,"{""max_displacement"": 10, ""site_search_window"": 10, ""row_search_window"": 2, ""disallow_one_site_gaps"": 0, ""use_diamond_legalizer"": 1, ""disable_window_extension"": 0}"
42,BENCH_03_RISCY_C5_U70,RISCY-a-1-c5,701189.8,701189.8,0.0,0.0,PASS,FAIL,"{""max_displacement"": 0, ""site_search_window"": 10, ""row_search_window"": 2, ""disallow_one_site_gaps"": 0, ""use_diamond_legalizer"": 1, ""disable_window_extension"": 0}"
42,BENCH_04_RISCY_C20_U70,RISCY-a-1-c20,700344.0,700344.0,0.0,0.0,PASS,FAIL,"{""max_displacement"": 0, ""site_search_window"": 0, ""row_search_window"": 0, ""disallow_one_site_gaps"": 0, ""use_diamond_legalizer"": 1, ""disable_window_extension"": 0}"
43,BENCH_01_RISCY_C2_U70,RISCY-a-1-c2,731102.3,731102.3,0.0,0.0,PASS,FAIL,"{""max_displacement"": 10, ""site_search_window"": 10, ""row_search_window"": 2, ""disallow_one_site_gaps"": 0, ""use_diamond_legalizer"": 1, ""disable_window_extension"": 0}"
43,BENCH_02_RISCY_C2_U90,RISCY-a-1-c2,644211.4,644211.4,0.0,0.0,PASS,FAIL,"{""max_displacement"": 0, ""site_search_window"": 10, ""row_search_window"": 2, ""disallow_one_site_gaps"": 0, ""use_diamond_legalizer"": 1, ""disable_window_extension"": 0}"
43,BENCH_03_RISCY_C5_U70,RISCY-a-1-c5,701189.8,701189.8,0.0,0.0,PASS,FAIL,"{""max_displacement"": 10, ""site_search_window"": 10, ""row_search_window"": 2, ""disallow_one_site_gaps"": 0, ""use_diamond_legalizer"": 1, ""disable_window_extension"": 0}"
43,BENCH_04_RISCY_C20_U70,RISCY-a-1-c20,700344.0,700344.0,0.0,0.0,PASS,FAIL,"{""max_displacement"": 0, ""site_search_window"": 0, ""row_search_window"": 0, ""disallow_one_site_gaps"": 0, ""use_diamond_legalizer"": 1, ""disable_window_extension"": 0}"
45,BENCH_01_RISCY_C2_U70,RISCY-a-1-c2,731102.3,731102.3,0.0,0.0,PASS,FAIL,"{""max_displacement"": 0, ""site_search_window"": 0, ""row_search_window"": 0, ""disallow_one_site_gaps"": 0, ""use_diamond_legalizer"": 1, ""disable_window_extension"": 0}"
45,BENCH_02_RISCY_C2_U90,RISCY-a-1-c2,644211.4,644211.4,0.0,0.0,PASS,FAIL,"{""max_displacement"": 10, ""site_search_window"": 10, ""row_search_window"": 2, ""disallow_one_site_gaps"": 0, ""use_diamond_legalizer"": 1, ""disable_window_extension"": 0}"
45,BENCH_03_RISCY_C5_U70,RISCY-a-1-c5,701189.8,701189.8,0.0,0.0,PASS,FAIL,"{""max_displacement"": 0, ""site_search_window"": 10, ""row_search_window"": 2, ""disallow_one_site_gaps"": 0, ""use_diamond_legalizer"": 1, ""disable_window_extension"": 0}"
45,BENCH_04_RISCY_C20_U70,RISCY-a-1-c20,700344.0,700344.0,0.0,0.0,PASS,FAIL,"{""max_displacement"": 0, ""site_search_window"": 10, ""row_search_window"": 2, ""disallow_one_site_gaps"": 0, ""use_diamond_legalizer"": 1, ""disable_window_extension"": 0}"
44,BENCH_01_RISCY_C2_U70,RISCY-a-1-c2,731102.3,731102.3,0.0,0.0,PASS,FAIL,"{""max_displacement"": 10, ""site_search_window"": 10, ""row_search_window"": 2, ""disallow_one_site_gaps"": 0, ""use_diamond_legalizer"": 1, ""disable_window_extension"": 0}"
44,BENCH_02_RISCY_C2_U90,RISCY-a-1-c2,644211.4,644211.4,0.0,0.0,PASS,FAIL,"{""max_displacement"": 0, ""site_search_window"": 0, ""row_search_window"": 0, ""disallow_one_site_gaps"": 0, ""use_diamond_legalizer"": 1, ""disable_window_extension"": 0}"
44,BENCH_03_RISCY_C5_U70,RISCY-a-1-c5,701189.8,701189.8,0.0,0.0,PASS,FAIL,"{""max_displacement"": 0, ""site_search_window"": 0, ""row_search_window"": 0, ""disallow_one_site_gaps"": 0, ""use_diamond_legalizer"": 1, ""disable_window_extension"": 0}"
44,BENCH_04_RISCY_C20_U70,RISCY-a-1-c20,700344.0,700344.0,0.0,0.0,PASS,FAIL,"{""max_displacement"": 0, ""site_search_window"": 0, ""row_search_window"": 0, ""disallow_one_site_gaps"": 0, ""use_diamond_legalizer"": 1, ""disable_window_extension"": 0}"
46,BENCH_01_RISCY_C2_U70,RISCY-a-1-c2,731102.3,731102.3,0.0,0.0,PASS,FAIL,"{""max_displacement"": 0, ""site_search_window"": 0, ""row_search_window"": 0, ""disallow_one_site_gaps"": 0, ""use_diamond_legalizer"": 1, ""disable_window_extension"": 0}"
46,BENCH_02_RISCY_C2_U90,RISCY-a-1-c2,644211.4,644211.4,0.0,0.0,PASS,FAIL,"{""max_displacement"": 0, ""site_search_window"": 0, ""row_search_window"": 0, ""disallow_one_site_gaps"": 0, ""use_diamond_legalizer"": 1, ""disable_window_extension"": 0}"
46,BENCH_03_RISCY_C5_U70,RISCY-a-1-c5,701189.8,701189.8,0.0,0.0,PASS,FAIL,"{""max_displacement"": 10, ""site_search_window"": 10, ""row_search_window"": 2, ""disallow_one_site_gaps"": 0, ""use_diamond_legalizer"": 1, ""disable_window_extension"": 0}"
46,BENCH_04_RISCY_C20_U70,RISCY-a-1-c20,700344.0,700344.0,0.0,0.0,PASS,FAIL,"{""max_displacement"": 0, ""site_search_window"": 0, ""row_search_window"": 0, ""disallow_one_site_gaps"": 0, ""use_diamond_legalizer"": 1, ""disable_window_extension"": 0}"
