seed,episode,design_id,initial_hpwl,final_hpwl,best_hpwl,episode_return,steps,successful_steps,failed_steps,best_action,parameter_configuration,actor_loss,critic_loss,entropy,value_loss,gradient_norm,execution_time
44,1,RISCY-a-3-c5,5599044.1,5599044.1,5599044.1,-4.0,10,6,4,4,"{""max_displacement"": 10, ""site_search_window"": 0, ""row_search_window"": 0, ""disallow_one_site_gaps"": false, ""use_diamond_legalizer"": 1, ""disable_window_extension"": false}",-6.401738,10.505885,2.07815,10.505885,1.3592082299292088,0
44,2,RISCY-b-3-c5,3393677.9,3393677.9,3393677.9,0.0,10,10,0,3,"{""max_displacement"": 0, ""site_search_window"": 10, ""row_search_window"": 4, ""disallow_one_site_gaps"": true, ""use_diamond_legalizer"": 1, ""disable_window_extension"": true}",0.05667,0.000777,2.078034,0.000777,0.11488217243459076,0
44,3,RISCY-a-3-c5,5599044.1,5599044.1,5599044.1,-4.0,10,6,4,3,"{""max_displacement"": 10, ""site_search_window"": 20, ""row_search_window"": 2, ""disallow_one_site_gaps"": false, ""use_diamond_legalizer"": 1, ""disable_window_extension"": false}",-6.684087,11.339255,2.077872,11.339255,1.3143063765019178,0
44,4,RISCY-FPU-b-3-c20,5040703.3,5040703.3,5040703.3,-9.0,10,1,9,3,"{""max_displacement"": 30, ""site_search_window"": 50, ""row_search_window"": 4, ""disallow_one_site_gaps"": true, ""use_diamond_legalizer"": 1, ""disable_window_extension"": true}",-10.804055,33.476318,2.077649,33.476318,1.3074821615591645,0
44,5,RISCY-FPU-b-1-c20,3678521.9,3678521.9,3678521.9,-2.0,10,8,2,4,"{""max_displacement"": 30, ""site_search_window"": 20, ""row_search_window"": 2, ""disallow_one_site_gaps"": false, ""use_diamond_legalizer"": 1, ""disable_window_extension"": false}",-0.838638,0.809149,2.077485,0.809149,1.4325781650841236,0
44,6,RISCY-b-3-c5,3393677.9,3393677.9,3393677.9,0.0,10,10,0,2,"{""max_displacement"": 0, ""site_search_window"": 0, ""row_search_window"": 0, ""disallow_one_site_gaps"": true, ""use_diamond_legalizer"": 1, ""disable_window_extension"": true}",0.227902,0.011966,2.077352,0.011966,0.4458848307840526,0
44,7,RISCY-a-2-c2,4861249.7,4861249.7,4861249.7,-2.0,10,8,2,7,"{""max_displacement"": 10, ""site_search_window"": 20, ""row_search_window"": 2, ""disallow_one_site_gaps"": false, ""use_diamond_legalizer"": 1, ""disable_window_extension"": false}",-3.516516,2.978527,2.077422,2.978527,1.2193446392193437,0
44,8,RISCY-FPU-b-1-c2,5067893.3,5067893.3,5067893.3,0.0,10,10,0,2,"{""max_displacement"": 10, ""site_search_window"": 30, ""row_search_window"": 4, ""disallow_one_site_gaps"": 0, ""use_diamond_legalizer"": 1, ""disable_window_extension"": 0}",0.263689,0.015817,2.077258,0.015817,0.45568798668682575,0
44,9,RISCY-a-2-c2,4861249.7,4861249.7,4861249.7,-2.0,10,8,2,3,"{""max_displacement"": 10, ""site_search_window"": 20, ""row_search_window"": 2, ""disallow_one_site_gaps"": true, ""use_diamond_legalizer"": 1, ""disable_window_extension"": true}",-3.419627,2.836087,2.077269,2.836087,1.3949835933744907,0
44,10,zero-riscy-b-1-c5,2082484.8,2082484.8,2082484.8,-1.0,10,9,1,7,"{""max_displacement"": 20, ""site_search_window"": 10, ""row_search_window"": 0, ""disallow_one_site_gaps"": true, ""use_diamond_legalizer"": 1, ""disable_window_extension"": true}",-0.063281,0.168328,2.07719,0.168328,0.5840507624670863,0
44,11,RISCY-b-3-c2,4119260.8,4119224.9,4119224.9,9e-06,10,10,0,7,"{""max_displacement"": 10, ""site_search_window"": 20, ""row_search_window"": 4, ""disallow_one_site_gaps"": true, ""use_diamond_legalizer"": 1, ""disable_window_extension"": true}",0.380274,0.034434,2.077229,0.034434,0.7579939402639866,0
44,12,RISCY-FPU-b-1-c5,4682989.8,4682989.8,4682989.8,0.0,10,10,0,7,"{""max_displacement"": 10, ""site_search_window"": 50, ""row_search_window"": 8, ""disallow_one_site_gaps"": 0, ""use_diamond_legalizer"": 1, ""disable_window_extension"": 0}",0.343231,0.027896,2.077276,0.027896,0.6744074346497655,0
44,13,RISCY-FPU-b-2-c20,4992984.1,4992984.1,4992984.1,-9.0,10,1,9,5,"{""max_displacement"": 30, ""site_search_window"": 40, ""row_search_window"": 6, ""disallow_one_site_gaps"": 0, ""use_diamond_legalizer"": 1, ""disable_window_extension"": 0}",-10.440546,32.397854,2.077273,32.397854,1.3681964557617903,0
44,14,zero-riscy-a-1-c5,3677735.1,3677735.1,3677735.1,0.0,10,10,0,4,"{""max_displacement"": 0, ""site_search_window"": 0, ""row_search_window"": 0, ""disallow_one_site_gaps"": true, ""use_diamond_legalizer"": 1, ""disable_window_extension"": true}",0.44608,0.04646,2.077124,0.04646,0.9119685422629118,0
44,15,RISCY-FPU-b-3-c2,6781434.9,6781434.9,6781434.9,0.0,10,10,0,0,"{""max_displacement"": 0, ""site_search_window"": 0, ""row_search_window"": 0, ""disallow_one_site_gaps"": false, ""use_diamond_legalizer"": 1, ""disable_window_extension"": false}",0.406729,0.038947,2.077264,0.038947,0.8200539946556091,0
44,16,RISCY-a-3-c20,5117723.0,5117723.0,5117723.0,0.0,10,10,0,2,"{""max_displacement"": 0, ""site_search_window"": 0, ""row_search_window"": 0, ""disallow_one_site_gaps"": 0, ""use_diamond_legalizer"": 1, ""disable_window_extension"": 0}",0.399083,0.036607,2.077422,0.036607,0.7445357674732804,0
44,17,zero-riscy-b-3-c5,2080758.2,2080758.2,2080758.2,0.0,10,10,0,1,"{""max_displacement"": 50, ""site_search_window"": 50, ""row_search_window"": 6, ""disallow_one_site_gaps"": true, ""use_diamond_legalizer"": 1, ""disable_window_extension"": true}",0.431236,0.043574,2.076896,0.043574,0.8118955940008163,0
44,18,RISCY-FPU-b-3-c20,5040703.3,5040703.3,5040703.3,-5.0,10,5,5,4,"{""max_displacement"": 10, ""site_search_window"": 0, ""row_search_window"": 2, ""disallow_one_site_gaps"": true, ""use_diamond_legalizer"": 1, ""disable_window_extension"": true}",-7.580558,15.156247,2.07704,15.156247,1.27667042799294,0
44,19,RISCY-b-1-c2,2943613.2,2943613.2,2943613.2,-6.0,10,4,6,4,"{""max_displacement"": 10, ""site_search_window"": 20, ""row_search_window"": 0, ""disallow_one_site_gaps"": 0, ""use_diamond_legalizer"": 1, ""disable_window_extension"": 0}",-7.63499,16.069319,2.077356,16.069319,1.311984196305275,0
44,20,zero-riscy-a-3-c20,4037614.6,4037614.6,4037614.6,-2.0,10,8,2,5,"{""max_displacement"": 10, ""site_search_window"": 10, ""row_search_window"": 2, ""disallow_one_site_gaps"": 0, ""use_diamond_legalizer"": 1, ""disable_window_extension"": 0}",-2.394567,1.561193,2.077367,1.561193,1.2841672450304031,0
44,21,RISCY-FPU-b-1-c20,3678521.9,3678521.9,3678521.9,-1.0,10,9,1,1,"{""max_displacement"": 30, ""site_search_window"": 40, ""row_search_window"": 4, ""disallow_one_site_gaps"": true, ""use_diamond_legalizer"": 1, ""disable_window_extension"": true}",-0.004478,0.159435,2.077177,0.159435,0.3628123104572296,0
44,22,RISCY-a-2-c5,4814393.9,4814393.9,4814393.9,0.0,10,10,0,4,"{""max_displacement"": 40, ""site_search_window"": 40, ""row_search_window"": 8, ""disallow_one_site_gaps"": 0, ""use_diamond_legalizer"": 1, ""disable_window_extension"": 0}",0.407479,0.037742,2.077267,0.037742,0.8062182171270251,0
44,23,RISCY-a-3-c20,5117723.0,5117723.0,5117723.0,-4.0,10,6,4,2,"{""max_displacement"": 10, ""site_search_window"": 0, ""row_search_window"": 0, ""disallow_one_site_gaps"": false, ""use_diamond_legalizer"": 1, ""disable_window_extension"": false}",-6.349541,10.237441,2.07716,10.237441,1.3076254427433014,0
44,24,zero-riscy-b-3-c20,1996434.6,1996434.6,1996434.6,0.0,10,10,0,4,"{""max_displacement"": 10, ""site_search_window"": 10, ""row_search_window"": 2, ""disallow_one_site_gaps"": true, ""use_diamond_legalizer"": 1, ""disable_window_extension"": true}",0.431897,0.044776,2.077196,0.044776,0.7570896930992603,0
44,25,RISCY-FPU-a-1-c20,5621676.5,5621676.5,5621676.5,-5.0,10,5,5,4,"{""max_displacement"": 10, ""site_search_window"": 0, ""row_search_window"": 0, ""disallow_one_site_gaps"": 0, ""use_diamond_legalizer"": 1, ""disable_window_extension"": 0}",-6.903409,13.26596,2.07737,13.26596,1.3059647670015693,0
44,26,zero-riscy-b-1-c2,2386646.3,2386646.3,2386646.3,-7.0,10,3,7,7,"{""max_displacement"": 10, ""site_search_window"": 10, ""row_search_window"": 0, ""disallow_one_site_gaps"": 0, ""use_diamond_legalizer"": 1, ""disable_window_extension"": 0}",-9.404831,24.656462,2.077362,24.656462,1.3747624047100544,0
44,27,RISCY-b-3-c2,4119260.8,4119260.8,4119224.9,-0.0,10,10,0,7,"{""max_displacement"": 0, ""site_search_window"": 0, ""row_search_window"": 0, ""disallow_one_site_gaps"": 0, ""use_diamond_legalizer"": 1, ""disable_window_extension"": 0}",0.476918,0.053295,2.077417,0.053295,0.8895457964390516,0
44,28,RISCY-a-2-c2,4861249.7,4861249.7,4861249.7,-5.0,10,5,5,0,"{""max_displacement"": 10, ""site_search_window"": 10, ""row_search_window"": 2, ""disallow_one_site_gaps"": true, ""use_diamond_legalizer"": 1, ""disable_window_extension"": true}",-7.115936,13.290593,2.077404,13.290593,1.2798734260722995,0
44,29,RISCY-a-2-c5,4814393.9,4814393.9,4814393.9,0.0,10,10,0,3,"{""max_displacement"": 10, ""site_search_window"": 30, ""row_search_window"": 6, ""disallow_one_site_gaps"": false, ""use_diamond_legalizer"": 1, ""disable_window_extension"": false}",0.521386,0.063846,2.077006,0.063846,0.9889032132923603,0
44,30,RISCY-a-2-c5,4814393.9,4814393.9,4814393.9,0.0,10,10,0,1,"{""max_displacement"": 20, ""site_search_window"": 20, ""row_search_window"": 4, ""disallow_one_site_gaps"": false, ""use_diamond_legalizer"": 1, ""disable_window_extension"": false}",0.574951,0.075761,2.076235,0.075761,1.1758500533178449,0
44,31,RISCY-b-1-c5,3939653.4,3939653.4,3939653.4,-8.0,10,2,8,3,"{""max_displacement"": 10, ""site_search_window"": 60, ""row_search_window"": 10, ""disallow_one_site_gaps"": 0, ""use_diamond_legalizer"": 1, ""disable_window_extension"": 0}",-9.902003,28.532343,2.077201,28.532343,1.2966300155967474,0
44,32,zero-riscy-b-3-c5,2080758.2,2080758.2,2080758.2,0.0,10,10,0,6,"{""max_displacement"": 30, ""site_search_window"": 20, ""row_search_window"": 0, ""disallow_one_site_gaps"": 0, ""use_diamond_legalizer"": 1, ""disable_window_extension"": 0}",0.51162,0.060115,2.0771,0.060115,0.966885969042778,0
44,33,RISCY-FPU-a-1-c20,5621676.5,5621676.5,5621676.5,-4.0,10,6,4,0,"{""max_displacement"": 20, ""site_search_window"": 20, ""row_search_window"": 2, ""disallow_one_site_gaps"": true, ""use_diamond_legalizer"": 1, ""disable_window_extension"": true}",-2.718754,3.844476,2.076329,3.844476,1.3063416685909033,0
44,34,RISCY-b-3-c2,4119260.8,4119260.8,4119224.9,-0.0,10,10,0,2,"{""max_displacement"": 0, ""site_search_window"": 0, ""row_search_window"": 0, ""disallow_one_site_gaps"": true, ""use_diamond_legalizer"": 1, ""disable_window_extension"": true}",0.54008,0.066825,2.07694,0.066825,0.987916843034327,0
44,35,RISCY-FPU-a-1-c5,6071437.2,6071437.2,6071437.2,-2.0,10,8,2,5,"{""max_displacement"": 10, ""site_search_window"": 10, ""row_search_window"": 0, ""disallow_one_site_gaps"": true, ""use_diamond_legalizer"": 1, ""disable_window_extension"": true}",-1.826576,0.924364,2.076618,0.924364,1.221385171636939,0
44,36,RISCY-b-2-c2,3574287.5,3574287.5,3574287.5,-2.0,10,8,2,5,"{""max_displacement"": 30, ""site_search_window"": 30, ""row_search_window"": 2, ""disallow_one_site_gaps"": true, ""use_diamond_legalizer"": 1, ""disable_window_extension"": true}",-2.393008,1.94682,2.075707,1.94682,1.3143105879426003,0
44,37,zero-riscy-b-1-c2,2386646.3,2386646.3,2386646.3,-5.0,10,5,5,0,"{""max_displacement"": 20, ""site_search_window"": 20, ""row_search_window"": 6, ""disallow_one_site_gaps"": true, ""use_diamond_legalizer"": 1, ""disable_window_extension"": true}",-7.559638,14.609189,2.076924,14.609189,1.3233850905671716,0
44,38,zero-riscy-a-1-c20,3708707.2,3708707.2,3708707.2,0.0,10,10,0,0,"{""max_displacement"": 0, ""site_search_window"": 10, ""row_search_window"": 2, ""disallow_one_site_gaps"": false, ""use_diamond_legalizer"": 1, ""disable_window_extension"": false}",0.638729,0.093555,2.076365,0.093555,1.3467579390853643,0
44,39,RISCY-FPU-b-1-c5,4682989.8,4682989.8,4682989.8,0.0,10,10,0,4,"{""max_displacement"": 10, ""site_search_window"": 10, ""row_search_window"": 2, ""disallow_one_site_gaps"": 0, ""use_diamond_legalizer"": 1, ""disable_window_extension"": 0}",0.557256,0.076739,2.077062,0.076739,1.2247779835015535,0
44,40,zero-riscy-a-1-c20,3708707.2,3708707.2,3708707.2,-3.0,10,7,3,4,"{""max_displacement"": 10, ""site_search_window"": 0, ""row_search_window"": 0, ""disallow_one_site_gaps"": 0, ""use_diamond_legalizer"": 1, ""disable_window_extension"": 0}",-4.369303,4.864056,2.077015,4.864056,1.3123570661991835,0
44,41,zero-riscy-a-2-c2,4315225.9,4315225.9,4315225.9,-4.0,10,6,4,4,"{""max_displacement"": 0, ""site_search_window"": 10, ""row_search_window"": 6, ""disallow_one_site_gaps"": 0, ""use_diamond_legalizer"": 1, ""disable_window_extension"": 0}",-3.402616,5.248796,2.076942,5.248796,1.4256136752665043,0
44,42,zero-riscy-b-3-c20,1996434.6,1996434.6,1996434.6,0.0,10,10,0,4,"{""max_displacement"": 20, ""site_search_window"": 20, ""row_search_window"": 2, ""disallow_one_site_gaps"": 0, ""use_diamond_legalizer"": 1, ""disable_window_extension"": 0}",0.583009,0.081319,2.076861,0.081319,1.1927530467510223,0
44,43,zero-riscy-b-2-c5,1887414.5,1887414.5,1887414.5,0.0,10,10,0,6,"{""max_displacement"": 20, ""site_search_window"": 20, ""row_search_window"": 4, ""disallow_one_site_gaps"": true, ""use_diamond_legalizer"": 1, ""disable_window_extension"": true}",0.672428,0.103863,2.076047,0.103863,1.282612799666822,0
44,44,RISCY-FPU-b-3-c5,4968947.9,4968947.9,4968947.9,-7.0,10,3,7,6,"{""max_displacement"": 0, ""site_search_window"": 0, ""row_search_window"": 0, ""disallow_one_site_gaps"": false, ""use_diamond_legalizer"": 1, ""disable_window_extension"": false}",-5.130001,11.827179,2.076655,11.827179,1.3399970475584269,0
44,45,RISCY-FPU-a-2-c5,6590100.9,6590100.9,6590100.9,-1.0,10,9,1,5,"{""max_displacement"": 10, ""site_search_window"": 10, ""row_search_window"": 0, ""disallow_one_site_gaps"": true, ""use_diamond_legalizer"": 1, ""disable_window_extension"": true}",-1.274246,0.382807,2.076069,0.382807,1.2304008761420846,0
44,46,RISCY-b-1-c5,3939653.4,3939653.4,3939653.4,-1.0,10,9,1,0,"{""max_displacement"": 40, ""site_search_window"": 40, ""row_search_window"": 8, ""disallow_one_site_gaps"": true, ""use_diamond_legalizer"": 1, ""disable_window_extension"": true}",-0.203605,0.227515,2.076718,0.227515,0.690057473257184,0
44,47,RISCY-FPU-b-1-c5,4682989.8,4682989.8,4682989.8,0.0,10,10,0,7,"{""max_displacement"": 10, ""site_search_window"": 20, ""row_search_window"": 2, ""disallow_one_site_gaps"": 0, ""use_diamond_legalizer"": 1, ""disable_window_extension"": 0}",0.658548,0.099726,2.076846,0.099726,1.2622647620737553,0
44,48,RISCY-FPU-a-3-c20,7062334.5,7062334.5,7062334.5,-8.0,10,2,8,7,"{""max_displacement"": 30, ""site_search_window"": 30, ""row_search_window"": 2, ""disallow_one_site_gaps"": 0, ""use_diamond_legalizer"": 1, ""disable_window_extension"": 0}",-9.927406,27.806707,2.076845,27.806707,1.3338238410651684,0
44,49,RISCY-b-1-c2,2943613.2,2943613.2,2943613.2,-1.0,10,9,1,0,"{""max_displacement"": 0, ""site_search_window"": 0, ""row_search_window"": 0, ""disallow_one_site_gaps"": true, ""use_diamond_legalizer"": 1, ""disable_window_extension"": true}",0.45189,0.13666,2.07687,0.13666,1.0819289116188884,0
44,50,zero-riscy-a-3-c5,3626760.8,3626760.8,3626724.0,-6.0,10,4,6,4,"{""max_displacement"": 0, ""site_search_window"": 0, ""row_search_window"": 0, ""disallow_one_site_gaps"": 0, ""use_diamond_legalizer"": 1, ""disable_window_extension"": 0}",-4.603963,8.286509,2.0768,8.286509,1.2551012001931667,0
44,51,zero-riscy-a-3-c20,4037614.6,4037567.8,4037567.8,-0.999988,10,9,1,4,"{""max_displacement"": 20, ""site_search_window"": 10, ""row_search_window"": 2, ""disallow_one_site_gaps"": 0, ""use_diamond_legalizer"": 1, ""disable_window_extension"": 0}",-0.743677,0.315393,2.076733,0.315393,1.385995525866747,0
44,52,RISCY-FPU-b-2-c20,4992984.1,4992984.1,4992984.1,-5.0,10,5,5,1,"{""max_displacement"": 20, ""site_search_window"": 10, ""row_search_window"": 2, ""disallow_one_site_gaps"": true, ""use_diamond_legalizer"": 1, ""disable_window_extension"": true}",-7.229631,13.346918,2.076545,13.346918,1.2623620331287384,0
44,53,RISCY-b-1-c5,3939653.4,3939653.4,3939653.4,-1.0,10,9,1,6,"{""max_displacement"": 0, ""site_search_window"": 0, ""row_search_window"": 2, ""disallow_one_site_gaps"": true, ""use_diamond_legalizer"": 1, ""disable_window_extension"": true}",-0.293958,0.257017,2.076518,0.257017,1.0045756287872791,0
44,54,RISCY-a-3-c5,5599044.1,5599044.1,5598956.4,-1.0,10,9,1,7,"{""max_displacement"": 30, ""site_search_window"": 30, ""row_search_window"": 4, ""disallow_one_site_gaps"": false, ""use_diamond_legalizer"": 1, ""disable_window_extension"": false}",0.373826,0.189369,2.075998,0.189369,1.1614255476742983,0
44,55,RISCY-FPU-a-1-c20,5621676.5,5621676.5,5621676.5,-1.0,10,9,1,4,"{""max_displacement"": 20, ""site_search_window"": 20, ""row_search_window"": 2, ""disallow_one_site_gaps"": false, ""use_diamond_legalizer"": 1, ""disable_window_extension"": false}",0.356983,0.179381,2.075868,0.179381,1.1174354739487171,0
44,56,RISCY-FPU-b-3-c2,6781434.9,6781434.9,6781434.9,-10.0,10,0,10,1,"{""max_displacement"": 60, ""site_search_window"": 80, ""row_search_window"": 10, ""disallow_one_site_gaps"": false, ""use_diamond_legalizer"": 1, ""disable_window_extension"": false}",-10.346213,32.128204,2.07545,32.128204,1.3143575740978122,0
44,57,zero-riscy-b-3-c2,2341203.8,2341203.8,2341203.8,0.0,10,10,0,1,"{""max_displacement"": 10, ""site_search_window"": 10, ""row_search_window"": 2, ""disallow_one_site_gaps"": false, ""use_diamond_legalizer"": 1, ""disable_window_extension"": false}",0.837201,0.163492,2.075465,0.163492,1.3208139138296247,0
44,58,RISCY-FPU-b-1-c5,4682989.8,4682989.8,4682989.8,0.0,10,10,0,7,"{""max_displacement"": 20, ""site_search_window"": 10, ""row_search_window"": 2, ""disallow_one_site_gaps"": true, ""use_diamond_legalizer"": 1, ""disable_window_extension"": true}",0.803117,0.150145,2.075476,0.150145,1.2909911321476102,0
44,59,RISCY-a-2-c20,5798309.8,5798309.8,5798309.8,-3.0,10,7,3,0,"{""max_displacement"": 20, ""site_search_window"": 20, ""row_search_window"": 8, ""disallow_one_site_gaps"": true, ""use_diamond_legalizer"": 1, ""disable_window_extension"": true}",-2.312618,2.315073,2.075372,2.315073,1.303645657375455,0
44,60,RISCY-b-2-c2,3574287.5,3574287.5,3574287.5,-1.0,10,9,1,1,"{""max_displacement"": 10, ""site_search_window"": 10, ""row_search_window"": 4, ""disallow_one_site_gaps"": 0, ""use_diamond_legalizer"": 1, ""disable_window_extension"": 0}",-1.187554,0.327336,2.075179,0.327336,1.3824706673622131,0
44,61,zero-riscy-a-3-c2,4400147.4,4400147.4,4400147.4,-0.0,10,10,0,2,"{""max_displacement"": 0, ""site_search_window"": 0, ""row_search_window"": 0, ""disallow_one_site_gaps"": true, ""use_diamond_legalizer"": 1, ""disable_window_extension"": true}",0.834568,0.162191,2.07497,0.162191,1.2720817858353257,0
44,62,RISCY-a-2-c5,4814393.9,4814393.9,4814393.9,0.0,10,10,0,6,"{""max_displacement"": 0, ""site_search_window"": 0, ""row_search_window"": 2, ""disallow_one_site_gaps"": 0, ""use_diamond_legalizer"": 1, ""disable_window_extension"": 0}",0.798311,0.154774,2.074757,0.154774,1.3045364115387201,0
44,63,RISCY-FPU-a-2-c5,6590100.9,6590100.9,6590100.9,0.0,10,10,0,0,"{""max_displacement"": 0, ""site_search_window"": 0, ""row_search_window"": 0, ""disallow_one_site_gaps"": true, ""use_diamond_legalizer"": 1, ""disable_window_extension"": true}",0.829647,0.160168,2.07445,0.160168,1.2793314382433891,0
44,64,zero-riscy-b-3-c5,2080758.2,2080758.2,2080758.2,0.0,10,10,0,4,"{""max_displacement"": 0, ""site_search_window"": 0, ""row_search_window"": 0, ""disallow_one_site_gaps"": 0, ""use_diamond_legalizer"": 1, ""disable_window_extension"": 0}",0.772165,0.146753,2.073996,0.146753,1.3869349546730518,0
44,65,RISCY-FPU-b-2-c20,4992984.1,4992984.1,4992984.1,-3.0,10,7,3,7,"{""max_displacement"": 10, ""site_search_window"": 10, ""row_search_window"": 2, ""disallow_one_site_gaps"": false, ""use_diamond_legalizer"": 1, ""disable_window_extension"": false}",-4.161205,4.454591,2.073378,4.454591,1.304886855185032,0
44,66,RISCY-FPU-b-1-c5,4682989.8,4682989.8,4682989.8,0.0,10,10,0,6,"{""max_displacement"": 30, ""site_search_window"": 70, ""row_search_window"": 14, ""disallow_one_site_gaps"": 0, ""use_diamond_legalizer"": 1, ""disable_window_extension"": 0}",0.680757,0.11027,2.072932,0.11027,1.3750196564942598,0
44,67,RISCY-FPU-a-2-c2,10810430.6,10810430.6,10810430.6,-4.0,10,6,4,2,"{""max_displacement"": 0, ""site_search_window"": 0, ""row_search_window"": 0, ""disallow_one_site_gaps"": true, ""use_diamond_legalizer"": 1, ""disable_window_extension"": true}",-5.335734,8.189305,2.072323,8.189305,1.3562533082440495,0
44,68,RISCY-FPU-a-2-c5,6590100.9,6590100.9,6590100.9,-9.0,10,1,9,6,"{""max_displacement"": 20, ""site_search_window"": 0, ""row_search_window"": 2, ""disallow_one_site_gaps"": 0, ""use_diamond_legalizer"": 1, ""disable_window_extension"": 0}",-10.333864,30.468073,2.07282,30.468073,1.4153380077332258,0
44,69,RISCY-FPU-a-3-c20,7062334.5,7062334.5,7062334.5,-6.0,10,4,6,7,"{""max_displacement"": 0, ""site_search_window"": 10, ""row_search_window"": 4, ""disallow_one_site_gaps"": false, ""use_diamond_legalizer"": 1, ""disable_window_extension"": false}",-4.638559,8.454833,2.07189,8.454833,1.3324609473347664,0
44,70,RISCY-FPU-b-2-c20,4992984.1,4992984.1,4992984.1,-10.0,10,0,10,0,"{""max_displacement"": 10, ""site_search_window"": 20, ""row_search_window"": 4, ""disallow_one_site_gaps"": false, ""use_diamond_legalizer"": 1, ""disable_window_extension"": false}",-10.452957,32.398144,2.071091,32.398144,1.3197257788851857,0
44,71,RISCY-FPU-a-1-c5,6071437.2,6071437.2,6071437.2,-5.0,10,5,5,5,"{""max_displacement"": 20, ""site_search_window"": 30, ""row_search_window"": 4, ""disallow_one_site_gaps"": false, ""use_diamond_legalizer"": 1, ""disable_window_extension"": false}",-6.080712,11.313477,2.071688,11.313477,1.3098458470776677,0
44,72,zero-riscy-a-2-c5,3745024.3,3745024.3,3745024.3,0.0,10,10,0,4,"{""max_displacement"": 40, ""site_search_window"": 20, ""row_search_window"": 0, ""disallow_one_site_gaps"": false, ""use_diamond_legalizer"": 1, ""disable_window_extension"": false}",0.782894,0.14389,2.071393,0.14389,1.2932270029559731,0
44,73,RISCY-FPU-b-1-c5,4682989.8,4682989.8,4682989.8,0.0,10,10,0,4,"{""max_displacement"": 10, ""site_search_window"": 0, ""row_search_window"": 0, ""disallow_one_site_gaps"": 0, ""use_diamond_legalizer"": 1, ""disable_window_extension"": 0}",0.79029,0.149399,2.071449,0.149399,1.323265598155558,0
44,74,RISCY-FPU-b-2-c20,4992984.1,4992984.1,4992984.1,-6.0,10,4,6,0,"{""max_displacement"": 0, ""site_search_window"": 10, ""row_search_window"": 6, ""disallow_one_site_gaps"": true, ""use_diamond_legalizer"": 1, ""disable_window_extension"": true}",-4.820834,10.137871,2.070555,10.137871,1.3742685206234455,0
44,75,RISCY-FPU-a-3-c20,7062334.5,7062334.5,7062334.5,-10.0,10,0,10,6,"{""max_displacement"": 20, ""site_search_window"": 0, ""row_search_window"": 0, ""disallow_one_site_gaps"": true, ""use_diamond_legalizer"": 1, ""disable_window_extension"": true}",-9.870454,31.82345,2.069415,31.82345,1.3482411410659552,0
44,76,zero-riscy-a-2-c5,3745024.3,3745024.3,3745024.3,0.0,10,10,0,3,"{""max_displacement"": 0, ""site_search_window"": 20, ""row_search_window"": 4, ""disallow_one_site_gaps"": 0, ""use_diamond_legalizer"": 1, ""disable_window_extension"": 0}",0.811618,0.160633,2.070893,0.160633,1.2721846997737885,0
44,77,zero-riscy-b-1-c20,1957747.6,1957747.6,1957747.6,0.0,10,10,0,2,"{""max_displacement"": 0, ""site_search_window"": 0, ""row_search_window"": 0, ""disallow_one_site_gaps"": 0, ""use_diamond_legalizer"": 1, ""disable_window_extension"": 0}",0.794695,0.153578,2.070052,0.153578,1.3616061732172966,0
44,78,zero-riscy-a-3-c5,3626760.8,3626760.8,3626760.8,-4.0,10,6,4,0,"{""max_displacement"": 10, ""site_search_window"": 10, ""row_search_window"": 0, ""disallow_one_site_gaps"": false, ""use_diamond_legalizer"": 1, ""disable_window_extension"": false}",-5.734839,9.067325,2.069175,9.067325,1.29528171941638,0
44,79,RISCY-FPU-b-3-c20,5040703.3,5040703.3,5040703.3,-8.0,10,2,8,3,"{""max_displacement"": 10, ""site_search_window"": 40, ""row_search_window"": 6, ""disallow_one_site_gaps"": false, ""use_diamond_legalizer"": 1, ""disable_window_extension"": false}",-9.383061,24.204899,2.068181,24.204899,1.2743450393900275,0
44,80,RISCY-FPU-b-2-c5,5390089.0,5390089.0,5390089.0,-4.0,10,6,4,3,"{""max_displacement"": 20, ""site_search_window"": 30, ""row_search_window"": 4, ""disallow_one_site_gaps"": true, ""use_diamond_legalizer"": 1, ""disable_window_extension"": true}",-1.586418,2.262587,2.067836,2.262587,1.357547976076603,0
44,81,zero-riscy-a-2-c20,3884748.2,3884748.2,3884737.2,-0.0,10,10,0,0,"{""max_displacement"": 0, ""site_search_window"": 10, ""row_search_window"": 4, ""disallow_one_site_gaps"": true, ""use_diamond_legalizer"": 1, ""disable_window_extension"": true}",0.897893,0.190213,2.067833,0.190213,1.3015037877485156,0
44,82,RISCY-a-3-c20,5117723.0,5117723.0,5117723.0,-9.0,10,1,9,3,"{""max_displacement"": 10, ""site_search_window"": 20, ""row_search_window"": 4, ""disallow_one_site_gaps"": true, ""use_diamond_legalizer"": 1, ""disable_window_extension"": true}",-9.208426,24.940134,2.068491,24.940134,1.279256314970553,0
44,83,RISCY-b-2-c2,3574287.5,3574287.5,3574287.5,-4.0,10,6,4,7,"{""max_displacement"": 0, ""site_search_window"": 0, ""row_search_window"": 0, ""disallow_one_site_gaps"": true, ""use_diamond_legalizer"": 1, ""disable_window_extension"": true}",-4.141652,6.108365,2.066303,6.108365,1.3037560721859336,0
44,84,zero-riscy-b-3-c2,2341203.8,2341203.8,2341203.8,0.0,10,10,0,3,"{""max_displacement"": 30, ""site_search_window"": 50, ""row_search_window"": 6, ""disallow_one_site_gaps"": false, ""use_diamond_legalizer"": 1, ""disable_window_extension"": false}",0.874962,0.182679,2.065913,0.182679,1.2824287144467235,0
44,85,RISCY-FPU-a-2-c2,10810430.6,10810430.6,10810430.6,-3.0,10,7,3,1,"{""max_displacement"": 30, ""site_search_window"": 60, ""row_search_window"": 10, ""disallow_one_site_gaps"": true, ""use_diamond_legalizer"": 1, ""disable_window_extension"": true}",-4.315292,4.92638,2.067307,4.92638,1.2871371433138847,0
44,86,zero-riscy-b-2-c5,1887414.5,1887414.5,1887414.5,0.0,10,10,0,6,"{""max_displacement"": 0, ""site_search_window"": 0, ""row_search_window"": 0, ""disallow_one_site_gaps"": false, ""use_diamond_legalizer"": 1, ""disable_window_extension"": false}",0.910501,0.197803,2.067284,0.197803,1.248312477953732,0
44,87,RISCY-FPU-b-3-c2,6781434.9,6781434.9,6781434.9,-7.0,10,3,7,0,"{""max_displacement"": 10, ""site_search_window"": 10, ""row_search_window"": 0, ""disallow_one_site_gaps"": false, ""use_diamond_legalizer"": 1, ""disable_window_extension"": false}",-8.009392,16.871012,2.067047,16.871012,1.34530633315444,0
44,88,zero-riscy-a-3-c5,3626760.8,3626760.8,3626724.0,-1.0,10,9,1,0,"{""max_displacement"": 30, ""site_search_window"": 40, ""row_search_window"": 6, ""disallow_one_site_gaps"": true, ""use_diamond_legalizer"": 1, ""disable_window_extension"": true}",0.084323,0.196482,2.068304,0.196482,0.8047909345477819,0
44,89,RISCY-a-2-c2,4861249.7,4861249.7,4861249.7,-3.0,10,7,3,4,"{""max_displacement"": 0, ""site_search_window"": 0, ""row_search_window"": 0, ""disallow_one_site_gaps"": false, ""use_diamond_legalizer"": 1, ""disable_window_extension"": false}",-1.075922,1.576452,2.06782,1.576452,1.4223989322781563,0
44,90,RISCY-FPU-b-1-c20,3678521.9,3678521.9,3678521.9,0.0,10,10,0,7,"{""max_displacement"": 0, ""site_search_window"": 0, ""row_search_window"": 0, ""disallow_one_site_gaps"": false, ""use_diamond_legalizer"": 1, ""disable_window_extension"": false}",1.036351,0.255619,2.065747,0.255619,1.2727336306124926,0
44,91,zero-riscy-b-3-c20,1996434.6,1996434.6,1996434.6,0.0,10,10,0,6,"{""max_displacement"": 0, ""site_search_window"": 10, ""row_search_window"": 4, ""disallow_one_site_gaps"": 0, ""use_diamond_legalizer"": 1, ""disable_window_extension"": 0}",0.904718,0.199195,2.066295,0.199195,1.3316557733342052,0
44,92,zero-riscy-a-1-c2,5098387.3,5098387.3,5098387.3,0.0,10,10,0,4,"{""max_displacement"": 0, ""site_search_window"": 0, ""row_search_window"": 0, ""disallow_one_site_gaps"": true, ""use_diamond_legalizer"": 1, ""disable_window_extension"": true}",1.045125,0.272983,2.065161,0.272983,1.2896021781489253,0
44,93,RISCY-FPU-a-2-c5,6590100.9,6590100.9,6590100.9,0.0,10,10,0,0,"{""max_displacement"": 0, ""site_search_window"": 10, ""row_search_window"": 2, ""disallow_one_site_gaps"": true, ""use_diamond_legalizer"": 1, ""disable_window_extension"": true}",0.985751,0.239983,2.066072,0.239983,1.2672468991950154,0
44,94,zero-riscy-b-1-c2,2386646.3,2386646.3,2386646.3,-3.0,10,7,3,6,"{""max_displacement"": 0, ""site_search_window"": 0, ""row_search_window"": 0, ""disallow_one_site_gaps"": true, ""use_diamond_legalizer"": 1, ""disable_window_extension"": true}",-2.728229,3.169412,2.061188,3.169412,1.4364423491060734,0
44,95,RISCY-b-1-c2,2943613.2,2943613.2,2943613.2,-6.0,10,4,6,0,"{""max_displacement"": 10, ""site_search_window"": 10, ""row_search_window"": 2, ""disallow_one_site_gaps"": false, ""use_diamond_legalizer"": 1, ""disable_window_extension"": false}",-7.130236,15.179624,2.061569,15.179624,1.2713573491200805,0
44,96,RISCY-FPU-b-3-c2,6781434.9,6781434.9,6781434.9,-3.0,10,7,3,0,"{""max_displacement"": 10, ""site_search_window"": 10, ""row_search_window"": 2, ""disallow_one_site_gaps"": true, ""use_diamond_legalizer"": 1, ""disable_window_extension"": true}",-4.517208,4.852035,2.063118,4.852035,1.2933498620986938,0
44,97,RISCY-FPU-a-3-c5,7615617.5,7615617.5,7615617.5,-6.0,10,4,6,1,"{""max_displacement"": 30, ""site_search_window"": 30, ""row_search_window"": 6, ""disallow_one_site_gaps"": true, ""use_diamond_legalizer"": 1, ""disable_window_extension"": true}",-7.517435,14.186193,2.0606,14.186193,1.3231546385213733,0
44,98,RISCY-b-1-c20,3618038.1,3618050.5,3618038.1,-1.000003,10,9,1,7,"{""max_displacement"": 20, ""site_search_window"": 20, ""row_search_window"": 2, ""disallow_one_site_gaps"": false, ""use_diamond_legalizer"": 1, ""disable_window_extension"": false}",0.309987,0.193814,2.061117,0.193814,1.1153458934277296,0
44,99,zero-riscy-b-1-c20,1957747.6,1957747.6,1957747.6,0.0,10,10,0,1,"{""max_displacement"": 20, ""site_search_window"": 10, ""row_search_window"": 2, ""disallow_one_site_gaps"": 0, ""use_diamond_legalizer"": 1, ""disable_window_extension"": 0}",0.896718,0.198848,2.061893,0.198848,1.2728190189227462,0
44,100,RISCY-a-2-c2,4861249.7,4861249.7,4861249.7,-1.0,10,9,1,2,"{""max_displacement"": 0, ""site_search_window"": 0, ""row_search_window"": 0, ""disallow_one_site_gaps"": true, ""use_diamond_legalizer"": 1, ""disable_window_extension"": true}",-0.628841,0.183635,2.056787,0.183635,1.3773380499333143,0
