design,cell_type,count,is_sequential,is_macro,in_lef
RISCY-FPU-a-1-c2.v,PLL,1,False,True,False
RISCY-FPU-a-1-c2.v,DFCNQ_0100,11300,True,False,False
RISCY-FPU-a-1-c2.v,OA21_0100,47,False,False,False
RISCY-FPU-a-1-c2.v,TIEH_0000,48,False,False,False
RISCY-FPU-a-1-c2.v,OR2_0100,521,False,False,False
RISCY-FPU-a-1-c2.v,INV_0100,9871,False,False,False
RISCY-FPU-a-1-c2.v,TIEL_0000,89,False,False,False
RISCY-FPU-a-1-c2.v,LNQ_0100,35,False,False,False
RISCY-FPU-a-1-c2.v,AN2_0100,184,False,False,False
RISCY-FPU-a-1-c2.v,OAI22_1001_0100,21,False,False,False
RISCY-FPU-a-1-c2.v,NR2_0100,4946,False,False,False
RISCY-FPU-a-1-c2.v,IND2_0011,21,False,False,False
RISCY-FPU-a-1-c2.v,IND2_0100,518,False,False,False
RISCY-FPU-a-1-c2.v,AO21_0100,530,False,False,False
RISCY-FPU-a-1-c2.v,OAI22_0100,2209,False,False,False
RISCY-FPU-a-1-c2.v,HA1_0100,180,False,False,False
RISCY-FPU-a-1-c2.v,ND2_0100,6100,False,False,False
RISCY-FPU-a-1-c2.v,MUX2N_0100,754,False,False,False
RISCY-FPU-a-1-c2.v,OAI211_1100,1209,False,False,False
RISCY-FPU-a-1-c2.v,MOAI22_1100,217,False,False,False
RISCY-FPU-a-1-c2.v,AO31_0100,122,False,False,False
RISCY-FPU-a-1-c2.v,NR3_1100,513,False,False,False
RISCY-FPU-a-1-c2.v,OAI21_0100,977,False,False,False
RISCY-FPU-a-1-c2.v,INR2_0100,1017,False,False,False
RISCY-FPU-a-1-c2.v,AOI211_1100,756,False,False,False
RISCY-FPU-a-1-c2.v,ND3_0100,756,False,False,False
RISCY-FPU-a-1-c2.v,AN2_1100,798,False,False,False
RISCY-FPU-a-1-c2.v,AOI22_0100,8795,False,False,False
RISCY-FPU-a-1-c2.v,XOR2_1100,627,False,False,False
RISCY-FPU-a-1-c2.v,AO222_0100,641,False,False,False
RISCY-FPU-a-1-c2.v,MUX2_0100,3165,False,False,False
RISCY-FPU-a-1-c2.v,AN4_0100,4,False,False,False
RISCY-FPU-a-1-c2.v,BUFF_0010,23,False,False,False
RISCY-FPU-a-1-c2.v,OAI221_0100,22,False,False,False
RISCY-FPU-a-1-c2.v,DEL025_0100,129,False,False,False
RISCY-FPU-a-1-c2.v,OAI221_1100,124,False,False,False
RISCY-FPU-a-1-c2.v,AOI21_0100,774,False,False,False
RISCY-FPU-a-1-c2.v,OR3_0100,30,False,False,False
RISCY-FPU-a-1-c2.v,OA21_1100,236,False,False,False
RISCY-FPU-a-1-c2.v,AOI221_0100,195,False,False,False
RISCY-FPU-a-1-c2.v,OA31_1100,51,False,False,False
RISCY-FPU-a-1-c2.v,ND4_0100,1551,False,False,False
RISCY-FPU-a-1-c2.v,INR3_1100,51,False,False,False
RISCY-FPU-a-1-c2.v,OAI211_0100,70,False,False,False
RISCY-FPU-a-1-c2.v,IND4_1100,44,False,False,False
RISCY-FPU-a-1-c2.v,NR4_1100,697,False,False,False
RISCY-FPU-a-1-c2.v,AO22_1100,240,False,False,False
RISCY-FPU-a-1-c2.v,AOI31_0100,58,False,False,False
RISCY-FPU-a-1-c2.v,AOI32_0100,113,False,False,False
RISCY-FPU-a-1-c2.v,AN4_1100,16,False,False,False
RISCY-FPU-a-1-c2.v,MAOI22_0100,4603,False,False,False
RISCY-FPU-a-1-c2.v,OAI222_1100,1009,False,False,False
RISCY-FPU-a-1-c2.v,AO211_0100,90,False,False,False
RISCY-FPU-a-1-c2.v,AN3_1100,28,False,False,False
RISCY-FPU-a-1-c2.v,DFSNQ_0100,208,True,False,False
RISCY-FPU-a-1-c2.v,INV_0011,189,False,False,False
RISCY-FPU-a-1-c2.v,AO21_0011,5,False,False,False
RISCY-FPU-a-1-c2.v,DFCN_0100,3,True,False,False
RISCY-FPU-a-1-c2.v,INV_0111,45,False,False,False
RISCY-FPU-a-1-c2.v,BUFF_0011,64,False,False,False
RISCY-FPU-a-1-c2.v,INV_1001,28,False,False,False
RISCY-FPU-a-1-c2.v,INV_0010,37,False,False,False
RISCY-FPU-a-1-c2.v,BUFF_0111,26,False,False,False
RISCY-FPU-a-1-c2.v,MUX2N_0110_0100,25,False,False,False
RISCY-FPU-a-1-c2.v,NR2_0011_0100,77,False,False,False
RISCY-FPU-a-1-c2.v,INV_1011,13,False,False,False
RISCY-FPU-a-1-c2.v,OAI222_0100,1181,False,False,False
RISCY-FPU-a-1-c2.v,OA211_0100,33,False,False,False
RISCY-FPU-a-1-c2.v,OA31_0100,7,False,False,False
RISCY-FPU-a-1-c2.v,ND2_0011,118,False,False,False
RISCY-FPU-a-1-c2.v,OAI31_0100,158,False,False,False
RISCY-FPU-a-1-c2.v,MOAI22_0100,111,False,False,False
RISCY-FPU-a-1-c2.v,OA211_1100,106,False,False,False
RISCY-FPU-a-1-c2.v,IND3_0100,42,False,False,False
RISCY-FPU-a-1-c2.v,INR4_1100,57,False,False,False
RISCY-FPU-a-1-c2.v,OR4_0100,37,False,False,False
RISCY-FPU-a-1-c2.v,AOI222_0100,173,False,False,False
RISCY-FPU-a-1-c2.v,AN3_0100,17,False,False,False
RISCY-FPU-a-1-c2.v,XNR2_1100,1494,False,False,False
RISCY-FPU-a-1-c2.v,NR2_0011,81,False,False,False
RISCY-FPU-a-1-c2.v,AOI21_0011,104,False,False,False
RISCY-FPU-a-1-c2.v,DFCNQ_0011,16,True,False,False
RISCY-FPU-a-1-c2.v,FA1_0100,1044,False,False,False
RISCY-FPU-a-1-c2.v,DFSN_0100,1,True,False,False
RISCY-FPU-a-1-c2.v,DFSNQ_0010,1,True,False,False
RISCY-FPU-a-1-c2.v,OAI211_0011,26,False,False,False
RISCY-FPU-a-1-c2.v,AOI211_0100,39,False,False,False
RISCY-FPU-a-1-c2.v,MUX2N_0011,2,False,False,False
RISCY-FPU-a-1-c2.v,ND2_0011_0100,44,False,False,False
RISCY-FPU-a-1-c2.v,OAI211_0100_0100,3,False,False,False
RISCY-FPU-a-1-c2.v,AOI211_0100_0100,2,False,False,False
RISCY-FPU-a-1-c2.v,IND2_0011_0011,3,False,False,False
RISCY-FPU-a-1-c2.v,ND3_0011,34,False,False,False
RISCY-FPU-a-1-c2.v,OA22_0100,4,False,False,False
RISCY-FPU-a-1-c2.v,AOI211_0100_0011,7,False,False,False
RISCY-FPU-a-1-c2.v,AOI22_1001_0100,22,False,False,False
RISCY-FPU-a-1-c2.v,INR2_0011,29,False,False,False
RISCY-FPU-a-1-c2.v,BUFF_1001,6,False,False,False
RISCY-FPU-a-1-c2.v,AOI211_0011,17,False,False,False
RISCY-FPU-a-1-c2.v,OAI21_0011,80,False,False,False
RISCY-FPU-a-1-c2.v,MUX2N_0110_0011,6,False,False,False
RISCY-FPU-a-1-c2.v,OAI211_0100_0011,18,False,False,False
RISCY-FPU-a-1-c2.v,MUX2N_0110_0010,7,False,False,False
RISCY-FPU-a-1-c2.v,AO222_0011,5,False,False,False
RISCY-FPU-a-1-c2.v,INR2_0010,10,False,False,False
RISCY-FPU-a-1-c2.v,XOR2_0110_0100,63,False,False,False
RISCY-FPU-a-1-c2.v,IND2_0011_0010,14,False,False,False
RISCY-FPU-a-1-c2.v,FA1_0101_0100,108,False,False,False
RISCY-FPU-a-1-c2.v,NR3_0100,16,False,False,False
RISCY-FPU-a-1-c2.v,INR2_0011_0010,15,False,False,False
RISCY-FPU-a-1-c2.v,MAOI22_0100_0011,6,False,False,False
RISCY-FPU-a-1-c2.v,AO222_0010,7,False,False,False
RISCY-FPU-a-1-c2.v,AOI222_0011,12,False,False,False
RISCY-FPU-a-1-c2.v,OA22_1100,51,False,False,False
RISCY-FPU-a-1-c2.v,INR2_0011_0011,10,False,False,False
RISCY-FPU-a-1-c2.v,NR3_0011_0010,9,False,False,False
RISCY-FPU-a-1-c2.v,AOI22_1001_0011,5,False,False,False
RISCY-FPU-a-1-c2.v,NR4_0100,12,False,False,False
RISCY-FPU-a-1-c2.v,OAI222_0011,1,False,False,False
RISCY-FPU-a-1-c2.v,OAI32_0100,73,False,False,False
RISCY-FPU-a-1-c2.v,NR2_0011_0011,37,False,False,False
RISCY-FPU-a-1-c2.v,NR3_0011,21,False,False,False
RISCY-FPU-a-1-c2.v,XOR2_0100,69,False,False,False
RISCY-FPU-a-1-c2.v,OAI211_0010,4,False,False,False
RISCY-FPU-a-1-c2.v,OAI21_0100_0011,15,False,False,False
RISCY-FPU-a-1-c2.v,OAI21_0100_0100,13,False,False,False
RISCY-FPU-a-1-c2.v,XOR2_0110_0011,32,False,False,False
RISCY-FPU-a-1-c2.v,XNR2_0100,207,False,False,False
RISCY-FPU-a-1-c2.v,ND3_0011_0100,2,False,False,False
RISCY-FPU-a-1-c2.v,AOI21_0100_0100,11,False,False,False
RISCY-FPU-a-1-c2.v,AN2_0011_1011,4,False,False,False
RISCY-FPU-a-1-c2.v,XNR2_0011,15,False,False,False
RISCY-FPU-a-1-c2.v,MOAI22_0100_0011,17,False,False,False
RISCY-FPU-a-1-c2.v,CKXOR2_0100,4,False,False,False
RISCY-FPU-a-1-c2.v,IND2_0011_1011,5,False,False,False
RISCY-FPU-a-1-c2.v,ND2_0011_0011,33,False,False,False
RISCY-FPU-a-1-c2.v,NR2_0010,12,False,False,False
RISCY-FPU-a-1-c2.v,INR4_0100,4,False,False,False
RISCY-FPU-a-1-c2.v,AO211_0011,1,False,False,False
RISCY-FPU-a-1-c2.v,AO22_0100,61,False,False,False
RISCY-FPU-a-1-c2.v,AN3_0011,1,False,False,False
RISCY-FPU-a-1-c2.v,XNR2_0110_0100,229,False,False,False
RISCY-FPU-a-1-c2.v,AO22_0011,1,False,False,False
RISCY-FPU-a-1-c2.v,MOAI22_0011,2,False,False,False
RISCY-FPU-a-1-c2.v,XOR3_1100,4,False,False,False
RISCY-FPU-a-1-c2.v,ND2_0010,10,False,False,False
RISCY-FPU-a-1-c2.v,AN2_0010,2,False,False,False
RISCY-FPU-a-1-c2.v,INV_0101,6,False,False,False
RISCY-FPU-a-1-c2.v,MAOI222_0100,222,False,False,False
RISCY-FPU-a-1-c2.v,ND2_0011_1001,9,False,False,False
RISCY-FPU-a-1-c2.v,OR2_0011,2,False,False,False
RISCY-FPU-a-1-c2.v,FA1_0010,15,False,False,False
RISCY-FPU-a-1-c2.v,NR2_0111,6,False,False,False
RISCY-FPU-a-1-c2.v,IND2_0010,3,False,False,False
RISCY-FPU-a-1-c2.v,XNR2_0110_0011,257,False,False,False
RISCY-FPU-a-1-c2.v,CKND2_0111,18,False,False,False
RISCY-FPU-a-1-c2.v,FA1_0011,6,False,False,False
RISCY-FPU-a-1-c2.v,XOR3_0100,3,False,False,False
RISCY-FPU-a-1-c2.v,XNR2_0110_0010,9,False,False,False
RISCY-FPU-a-1-c2.v,OR2_0010,3,False,False,False
RISCY-FPU-a-1-c2.v,OAI21_0100_1001,1,False,False,False
RISCY-FPU-a-1-c2.v,XOR2_0110_0010,13,False,False,False
RISCY-FPU-a-1-c2.v,AOI21_0010,3,False,False,False
RISCY-FPU-a-1-c2.v,XNR3_0110_0100,1,False,False,False
RISCY-FPU-a-1-c2.v,AOI21_0100_1001,2,False,False,False
RISCY-FPU-a-1-c2.v,AOI21_0100_0010,1,False,False,False
RISCY-FPU-a-1-c2.v,OA221_1100,11,False,False,False
RISCY-FPU-a-1-c2.v,AO221_0100,66,False,False,False
RISCY-FPU-a-1-c2.v,HA1_0011,12,False,False,False
RISCY-FPU-a-1-c2.v,OA222_0100,2,False,False,False
RISCY-FPU-a-1-c2.v,HA1_0010,5,False,False,False
RISCY-FPU-a-1-c2.v,CKB_0100,3,False,False,False
RISCY-FPU-a-1-c2.v,IND3_0011,2,False,False,False
RISCY-FPU-a-1-c2.v,ND3_0011_0010,7,False,False,False
RISCY-FPU-a-1-c2.v,INR2_0011_1011,2,False,False,False
RISCY-FPU-a-1-c2.v,NR4_0011,1,False,False,False
RISCY-FPU-a-1-c2.v,CKND2_0010,8,False,False,False
RISCY-FPU-a-1-c2.v,NR2_0011_1001,9,False,False,False
RISCY-FPU-a-1-c2.v,INR3_0100,6,False,False,False
RISCY-FPU-a-1-c2.v,MOAI22_0100_0010,1,False,False,False
RISCY-FPU-a-1-c2.v,AOI31_0011,1,False,False,False
RISCY-FPU-a-1-c2.v,NR2_0011_1011,2,False,False,False
RISCY-FPU-a-1-c2.v,MUX2_0000_0100,1,False,False,False
RISCY-FPU-a-1-c2.v,AOI21_0100_0011,2,False,False,False
RISCY-FPU-a-1-c2.v,ND4_0011,3,False,False,False
RISCY-FPU-a-1-c2.v,OA211_0011,1,False,False,False
RISCY-FPU-a-1-c2.v,OAI211_0100_0010,2,False,False,False
RISCY-FPU-a-1-c2.v,ND3_0011_1001,2,False,False,False
RISCY-FPU-a-1-c2.v,IND3_0010,1,False,False,False
RISCY-FPU-a-1-c2.v,OAI31_0011,4,False,False,False
RISCY-FPU-a-1-c2.v,OAI22_1001_0011,1,False,False,False
RISCY-FPU-a-1-c2.v,ND2_0011_0010,6,False,False,False
RISCY-FPU-a-1-c2.v,AOI211_0100_0010,2,False,False,False
RISCY-FPU-a-1-c2.v,BUFF_0101,1,False,False,False
RISCY-FPU-a-1-c2.v,MUX2N_0110_1001,3,False,False,False
RISCY-FPU-a-1-c2.v,IND4_0100,2,False,False,False
RISCY-FPU-a-1-c2.v,DFCNQ_0010,15,True,False,False
RISCY-FPU-a-1-c2.v,NR2_0011_0010,6,False,False,False
RISCY-FPU-a-1-c2.v,NR2_1011,3,False,False,False
RISCY-FPU-a-1-c2.v,BUFF_0110,2,False,False,False
RISCY-FPU-a-1-c2.v,AO32_1100,5,False,False,False
RISCY-FPU-a-1-c2.v,INR4_0011,1,False,False,False
RISCY-FPU-a-1-c2.v,MAOI222_1100,36,False,False,False
RISCY-FPU-a-1-c2.v,XOR2_0011,1,False,False,False
RISCY-FPU-a-1-c2.v,XOR3_0110_0100,1,False,False,False
RISCY-FPU-a-1-c2.v,INR3_0010,1,False,False,False
RISCY-FPU-a-1-c2.v,OAI21_0010,4,False,False,False
RISCY-FPU-a-1-c2.v,OAI21_0100_1011,1,False,False,False
RISCY-FPU-a-1-c2.v,INR3_0011,1,False,False,False
RISCY-FPU-a-1-c2.v,IND4_0010,1,False,False,False
RISCY-FPU-a-1-c2.v,OA21_0011,1,False,False,False
RISCY-FPU-a-1-c2.v,AN2_0011,1,False,False,False
RISCY-FPU-a-1-c2.v,AOI22_0010,1,False,False,False
RISCY-FPU-a-1-c2.v,OR3_0010,1,False,False,False
RISCY-FPU-a-1-c2.v,OAI211_0100_1001,1,False,False,False
RISCY-FPU-a-1-c2.v,NR3_0011_0100,1,False,False,False
RISCY-FPU-a-1-c2.v,OR3_0011,1,False,False,False
RISCY-FPU-a-1-c2.v,OAI21_0100_0010,2,False,False,False
RISCY-FPU-a-1-c2.v,MUX2_0000_0010,1,False,False,False
RISCY-FPU-a-1-c2.v,SRAM,2,False,True,False
RISCY-FPU-a-1-c2.v,OAI33_0100,2,False,False,False
RISCY-FPU-a-1-c2.v,INR2_0011_0100,7,False,False,False
RISCY-FPU-a-1-c2.v,NR4_1011,1,False,False,False
RISCY-FPU-a-1-c2.v,XOR4_1100,1,False,False,False
RISCY-FPU-a-1-c2.v,OA33_0100,2,False,False,False
RISCY-FPU-a-1-c2.v,DFQ_0100,2,True,False,False
RISCY-FPU-a-1-c2.v,AO33_1100,1,False,False,False
RISCY-FPU-a-1-c2.v,AOI33_0100,3,False,False,False
RISCY-a-1-c2.v,PLL,1,False,True,False
RISCY-a-1-c2.v,DFCNQ_0100,9804,True,False,False
RISCY-a-1-c2.v,MUX2_0100,2850,False,False,False
RISCY-a-1-c2.v,TIEH_0000,43,False,False,False
RISCY-a-1-c2.v,INV_0100,6266,False,False,False
RISCY-a-1-c2.v,IND2_0100,382,False,False,False
RISCY-a-1-c2.v,TIEL_0000,86,False,False,False
RISCY-a-1-c2.v,LNQ_0100,35,False,False,False
RISCY-a-1-c2.v,OR2_0100,358,False,False,False
RISCY-a-1-c2.v,AN2_0100,47,False,False,False
RISCY-a-1-c2.v,NR2_0100,3311,False,False,False
RISCY-a-1-c2.v,IND2_0011,3,False,False,False
RISCY-a-1-c2.v,ND2_0100,3896,False,False,False
RISCY-a-1-c2.v,OAI22_0100,1504,False,False,False
RISCY-a-1-c2.v,HA1_0100,121,False,False,False
RISCY-a-1-c2.v,INR2_0100,729,False,False,False
RISCY-a-1-c2.v,OAI211_1100,1057,False,False,False
RISCY-a-1-c2.v,OAI22_1001_0100,2,False,False,False
RISCY-a-1-c2.v,OAI21_0100,579,False,False,False
RISCY-a-1-c2.v,OA21_0100,3,False,False,False
RISCY-a-1-c2.v,MUX2N_0100,301,False,False,False
RISCY-a-1-c2.v,MOAI22_1100,202,False,False,False
RISCY-a-1-c2.v,AOI211_1100,622,False,False,False
RISCY-a-1-c2.v,NR3_1100,452,False,False,False
RISCY-a-1-c2.v,AO31_0100,108,False,False,False
RISCY-a-1-c2.v,ND2_0011_0011,2,False,False,False
RISCY-a-1-c2.v,AOI22_0100,6353,False,False,False
RISCY-a-1-c2.v,AO21_0100,383,False,False,False
RISCY-a-1-c2.v,ND3_0100,683,False,False,False
RISCY-a-1-c2.v,AO222_0100,578,False,False,False
RISCY-a-1-c2.v,DEL025_0100,102,False,False,False
RISCY-a-1-c2.v,NR2_0010,2,False,False,False
RISCY-a-1-c2.v,XOR2_1100,320,False,False,False
RISCY-a-1-c2.v,AN2_1100,691,False,False,False
RISCY-a-1-c2.v,MAOI22_0100,4566,False,False,False
RISCY-a-1-c2.v,AO21_0011,1,False,False,False
RISCY-a-1-c2.v,OAI211_0100,7,False,False,False
RISCY-a-1-c2.v,OAI221_1100,122,False,False,False
RISCY-a-1-c2.v,AN4_1100,15,False,False,False
RISCY-a-1-c2.v,AOI211_0100_0100,2,False,False,False
RISCY-a-1-c2.v,AOI21_0100,398,False,False,False
RISCY-a-1-c2.v,OAI32_0100,71,False,False,False
RISCY-a-1-c2.v,OA21_1100,191,False,False,False
RISCY-a-1-c2.v,OAI31_0100,158,False,False,False
RISCY-a-1-c2.v,AOI221_0100,156,False,False,False
RISCY-a-1-c2.v,OA31_1100,47,False,False,False
RISCY-a-1-c2.v,ND4_0100,1084,False,False,False
RISCY-a-1-c2.v,IND4_1100,41,False,False,False
RISCY-a-1-c2.v,NR4_1100,391,False,False,False
RISCY-a-1-c2.v,AO22_1100,231,False,False,False
RISCY-a-1-c2.v,IND3_0100,37,False,False,False
RISCY-a-1-c2.v,AO211_0100,47,False,False,False
RISCY-a-1-c2.v,INR3_1100,41,False,False,False
RISCY-a-1-c2.v,INR4_1100,48,False,False,False
RISCY-a-1-c2.v,OA211_1100,100,False,False,False
RISCY-a-1-c2.v,DFSNQ_0100,209,True,False,False
RISCY-a-1-c2.v,NR2_0011_0011,1,False,False,False
RISCY-a-1-c2.v,BUFF_0111,10,False,False,False
RISCY-a-1-c2.v,NR3_0011_0010,1,False,False,False
RISCY-a-1-c2.v,BUFF_0011,39,False,False,False
RISCY-a-1-c2.v,OAI222_1100,1131,False,False,False
RISCY-a-1-c2.v,OR4_0100,119,False,False,False
RISCY-a-1-c2.v,ND2_0011_0010,1,False,False,False
RISCY-a-1-c2.v,NR2_0011,5,False,False,False
RISCY-a-1-c2.v,AOI32_0100,116,False,False,False
RISCY-a-1-c2.v,AN3_1100,35,False,False,False
RISCY-a-1-c2.v,OR3_0100,22,False,False,False
RISCY-a-1-c2.v,AOI222_0100,147,False,False,False
RISCY-a-1-c2.v,AOI31_0100,48,False,False,False
RISCY-a-1-c2.v,INV_0011,17,False,False,False
RISCY-a-1-c2.v,FA1_0100,846,False,False,False
RISCY-a-1-c2.v,AOI211_0100,10,False,False,False
RISCY-a-1-c2.v,CKND2_0111,3,False,False,False
RISCY-a-1-c2.v,AOI211_0011,6,False,False,False
RISCY-a-1-c2.v,MOAI22_0100,25,False,False,False
RISCY-a-1-c2.v,BUFF_0010,3,False,False,False
RISCY-a-1-c2.v,AOI222_0011,5,False,False,False
RISCY-a-1-c2.v,ND2_0011,2,False,False,False
RISCY-a-1-c2.v,OAI21_0011,11,False,False,False
RISCY-a-1-c2.v,FA1_0101_0100,51,False,False,False
RISCY-a-1-c2.v,XOR2_0100,16,False,False,False
RISCY-a-1-c2.v,XNR2_1100,680,False,False,False
RISCY-a-1-c2.v,INR2_0011_0010,2,False,False,False
RISCY-a-1-c2.v,OAI33_0100,3,False,False,False
RISCY-a-1-c2.v,NR2_0011_0100,14,False,False,False
RISCY-a-1-c2.v,INR4_0100,3,False,False,False
RISCY-a-1-c2.v,AO32_1100,2,False,False,False
RISCY-a-1-c2.v,NR2_0011_1011,1,False,False,False
RISCY-a-1-c2.v,AOI21_0010,2,False,False,False
RISCY-a-1-c2.v,OAI22_0011,1,False,False,False
RISCY-a-1-c2.v,OAI21_0100_0011,6,False,False,False
RISCY-a-1-c2.v,AOI21_0011,16,False,False,False
RISCY-a-1-c2.v,XNR2_0100,29,False,False,False
RISCY-a-1-c2.v,AOI21_0100_0010,10,False,False,False
RISCY-a-1-c2.v,OAI21_0100_0010,8,False,False,False
RISCY-a-1-c2.v,BUFF_0101,1,False,False,False
RISCY-a-1-c2.v,ND3_0011,3,False,False,False
RISCY-a-1-c2.v,ND2_0010,2,False,False,False
RISCY-a-1-c2.v,AO221_0100,66,False,False,False
RISCY-a-1-c2.v,OA22_1100,47,False,False,False
RISCY-a-1-c2.v,INR2_0011,2,False,False,False
RISCY-a-1-c2.v,IND2_0011_0010,2,False,False,False
RISCY-a-1-c2.v,INV_1011,2,False,False,False
RISCY-a-1-c2.v,OAI211_0011,1,False,False,False
RISCY-a-1-c2.v,INR2_0011_0011,1,False,False,False
RISCY-a-1-c2.v,BUFF_1001,1,False,False,False
RISCY-a-1-c2.v,XNR2_0110_0010,1,False,False,False
RISCY-a-1-c2.v,AOI211_0010,1,False,False,False
RISCY-a-1-c2.v,IND2_0011_1011,1,False,False,False
RISCY-a-1-c2.v,INV_0110,1,False,False,False
RISCY-a-1-c2.v,MUX2N_0110_0100,1,False,False,False
RISCY-a-1-c2.v,ND2_0011_0100,18,False,False,False
RISCY-a-1-c2.v,DFCNQ_0011,1,True,False,False
RISCY-a-1-c2.v,FA1_0011,1,False,False,False
RISCY-a-1-c2.v,MOAI22_0011,2,False,False,False
RISCY-a-1-c2.v,AO22_0011,1,False,False,False
RISCY-a-1-c2.v,XNR2_0011,7,False,False,False
RISCY-a-1-c2.v,XOR2_0110_0100,2,False,False,False
RISCY-a-1-c2.v,AOI21_0100_0100,3,False,False,False
RISCY-a-1-c2.v,XOR3_1100,3,False,False,False
RISCY-a-1-c2.v,AO22_0100,28,False,False,False
RISCY-a-1-c2.v,OA211_0100,4,False,False,False
RISCY-a-1-c2.v,MUX2_0011,1,False,False,False
RISCY-a-1-c2.v,OA21_0011,1,False,False,False
RISCY-a-1-c2.v,AN3_0100,9,False,False,False
RISCY-a-1-c2.v,NR2_0011_0010,1,False,False,False
RISCY-a-1-c2.v,AOI22_1001_0100,1,False,False,False
RISCY-a-1-c2.v,NR2_0111,1,False,False,False
RISCY-a-1-c2.v,CKXOR2_0100,1,False,False,False
RISCY-a-1-c2.v,OA31_0100,1,False,False,False
RISCY-a-1-c2.v,XNR2_0110_0011,1,False,False,False
RISCY-a-1-c2.v,OAI211_0100_0011,1,False,False,False
RISCY-a-1-c2.v,AO222_0011,1,False,False,False
RISCY-a-1-c2.v,AO222_0010,1,False,False,False
RISCY-a-1-c2.v,ND4_0010,1,False,False,False
RISCY-a-1-c2.v,INV_0111,3,False,False,False
RISCY-a-1-c2.v,XOR2_0110_0011,1,False,False,False
RISCY-a-1-c2.v,OAI21_0010,2,False,False,False
RISCY-a-1-c2.v,SRAM,2,False,True,False
RISCY-a-1-c2.v,NR3_0011,18,False,False,False
RISCY-a-1-c2.v,OA221_1100,10,False,False,False
RISCY-a-1-c2.v,MAOI222_1100,11,False,False,False
RISCY-a-1-c2.v,NR3_0100,6,False,False,False
RISCY-a-1-c2.v,AO22_0010,1,False,False,False
RISCY-a-1-c2.v,INR2_0011_0100,7,False,False,False
RISCY-a-1-c2.v,INR3_0100,3,False,False,False
RISCY-a-1-c2.v,NR4_0100,2,False,False,False
RISCY-a-1-c2.v,XOR4_1100,1,False,False,False
RISCY-a-1-c2.v,OA33_0100,2,False,False,False
RISCY-a-1-c2.v,DFQ_0100,2,True,False,False
RISCY-a-1-c2.v,DFCN_0100,1,True,False,False
RISCY-a-1-c2.v,AO33_1100,1,False,False,False
RISCY-a-1-c2.v,AOI33_0100,3,False,False,False
zero-riscy-a-1-c2.v,PLL,1,False,True,False
zero-riscy-a-1-c2.v,DFCNQ_0100,8225,True,False,False
zero-riscy-a-1-c2.v,MUX2_0100,2431,False,False,False
zero-riscy-a-1-c2.v,TIEH_0000,42,False,False,False
zero-riscy-a-1-c2.v,INV_0100,4133,False,False,False
zero-riscy-a-1-c2.v,IND2_0100,233,False,False,False
zero-riscy-a-1-c2.v,TIEL_0000,87,False,False,False
zero-riscy-a-1-c2.v,LNQ_0100,67,False,False,False
zero-riscy-a-1-c2.v,OR2_0100,302,False,False,False
zero-riscy-a-1-c2.v,AN2_0100,42,False,False,False
zero-riscy-a-1-c2.v,OA21_0100,7,False,False,False
zero-riscy-a-1-c2.v,NR2_0011,5,False,False,False
zero-riscy-a-1-c2.v,INV_0011,9,False,False,False
zero-riscy-a-1-c2.v,DEL025_0100,325,False,False,False
zero-riscy-a-1-c2.v,OA21_1100,122,False,False,False
zero-riscy-a-1-c2.v,OAI222_1100,142,False,False,False
zero-riscy-a-1-c2.v,MOAI22_1100,130,False,False,False
zero-riscy-a-1-c2.v,AOI21_0011,3,False,False,False
zero-riscy-a-1-c2.v,NR2_0100,2658,False,False,False
zero-riscy-a-1-c2.v,ND2_0100,2805,False,False,False
zero-riscy-a-1-c2.v,MUX2N_0100,154,False,False,False
zero-riscy-a-1-c2.v,AN2_1100,661,False,False,False
zero-riscy-a-1-c2.v,AOI21_0100,278,False,False,False
zero-riscy-a-1-c2.v,INR2_0100,531,False,False,False
zero-riscy-a-1-c2.v,OAI211_1100,810,False,False,False
zero-riscy-a-1-c2.v,AOI22_0100,5318,False,False,False
zero-riscy-a-1-c2.v,AO21_0100,301,False,False,False
zero-riscy-a-1-c2.v,ND3_0100,499,False,False,False
zero-riscy-a-1-c2.v,AOI31_0100,54,False,False,False
zero-riscy-a-1-c2.v,OAI21_0100,459,False,False,False
zero-riscy-a-1-c2.v,AO222_0100,522,False,False,False
zero-riscy-a-1-c2.v,MOAI22_0100,22,False,False,False
zero-riscy-a-1-c2.v,OAI22_0100,749,False,False,False
zero-riscy-a-1-c2.v,NR3_1100,379,False,False,False
zero-riscy-a-1-c2.v,AO31_0100,106,False,False,False
zero-riscy-a-1-c2.v,AN3_1100,36,False,False,False
zero-riscy-a-1-c2.v,OA22_1100,50,False,False,False
zero-riscy-a-1-c2.v,MAOI22_0100,4536,False,False,False
zero-riscy-a-1-c2.v,OAI31_0100,157,False,False,False
zero-riscy-a-1-c2.v,OA31_1100,51,False,False,False
zero-riscy-a-1-c2.v,NR4_1100,320,False,False,False
zero-riscy-a-1-c2.v,AOI211_1100,481,False,False,False
zero-riscy-a-1-c2.v,AO32_1100,2,False,False,False
zero-riscy-a-1-c2.v,IND4_1100,39,False,False,False
zero-riscy-a-1-c2.v,AOI221_0100,125,False,False,False
zero-riscy-a-1-c2.v,ND4_0100,878,False,False,False
zero-riscy-a-1-c2.v,AOI32_0100,114,False,False,False
zero-riscy-a-1-c2.v,OA211_1100,82,False,False,False
zero-riscy-a-1-c2.v,DFSNQ_0100,207,True,False,False
zero-riscy-a-1-c2.v,AO21_0011,2,False,False,False
zero-riscy-a-1-c2.v,BUFF_0011,8,False,False,False
zero-riscy-a-1-c2.v,LHQ_0100,992,False,False,False
zero-riscy-a-1-c2.v,DFCNQ_0010,24,True,False,False
zero-riscy-a-1-c2.v,INR2_0011,12,False,False,False
zero-riscy-a-1-c2.v,NR2_0011_0100,18,False,False,False
zero-riscy-a-1-c2.v,CKB_0100,1,False,False,False
zero-riscy-a-1-c2.v,NR2_0011_0011,2,False,False,False
zero-riscy-a-1-c2.v,IND2_0011,2,False,False,False
zero-riscy-a-1-c2.v,OR4_0100,79,False,False,False
zero-riscy-a-1-c2.v,AN4_1100,10,False,False,False
zero-riscy-a-1-c2.v,AN4_0100,3,False,False,False
zero-riscy-a-1-c2.v,ND4_0011,1,False,False,False
zero-riscy-a-1-c2.v,OAI211_0011,2,False,False,False
zero-riscy-a-1-c2.v,NR3_0100,7,False,False,False
zero-riscy-a-1-c2.v,AO211_0100,62,False,False,False
zero-riscy-a-1-c2.v,OA31_0100,3,False,False,False
zero-riscy-a-1-c2.v,AOI211_0100,2,False,False,False
zero-riscy-a-1-c2.v,OAI211_0100,2,False,False,False
zero-riscy-a-1-c2.v,XOR2_1100,172,False,False,False
zero-riscy-a-1-c2.v,IND3_0100,32,False,False,False
zero-riscy-a-1-c2.v,OR3_0100,10,False,False,False
zero-riscy-a-1-c2.v,INR3_1100,43,False,False,False
zero-riscy-a-1-c2.v,ND3_0011_0100,1,False,False,False
zero-riscy-a-1-c2.v,XNR2_0011,8,False,False,False
zero-riscy-a-1-c2.v,CKXOR2_0100,10,False,False,False
zero-riscy-a-1-c2.v,XNR2_0100,7,False,False,False
zero-riscy-a-1-c2.v,XOR2_0100,4,False,False,False
zero-riscy-a-1-c2.v,INV_0111,4,False,False,False
zero-riscy-a-1-c2.v,INV_0010,1,False,False,False
zero-riscy-a-1-c2.v,FA1_0101_0100,10,False,False,False
zero-riscy-a-1-c2.v,OAI21_0100_1001,6,False,False,False
zero-riscy-a-1-c2.v,AOI21_0100_1011,2,False,False,False
zero-riscy-a-1-c2.v,OAI21_0100_1011,1,False,False,False
zero-riscy-a-1-c2.v,AOI21_0100_1001,5,False,False,False
zero-riscy-a-1-c2.v,OAI21_0100_0100,1,False,False,False
zero-riscy-a-1-c2.v,OAI21_0100_0010,1,False,False,False
zero-riscy-a-1-c2.v,XNR2_0110_0100,2,False,False,False
zero-riscy-a-1-c2.v,IND2_0011_0010,1,False,False,False
zero-riscy-a-1-c2.v,FA1_0100,172,False,False,False
zero-riscy-a-1-c2.v,INR3_0100,7,False,False,False
zero-riscy-a-1-c2.v,AOI222_0100,122,False,False,False
zero-riscy-a-1-c2.v,AO22_1100,141,False,False,False
zero-riscy-a-1-c2.v,MUX2N_0110_0011,1,False,False,False
zero-riscy-a-1-c2.v,XNR2_1100,48,False,False,False
zero-riscy-a-1-c2.v,ND2_0011_0100,12,False,False,False
zero-riscy-a-1-c2.v,XOR3_1100,1,False,False,False
zero-riscy-a-1-c2.v,OA32_0100,1,False,False,False
zero-riscy-a-1-c2.v,INR4_1100,44,False,False,False
zero-riscy-a-1-c2.v,OAI221_1100,85,False,False,False
zero-riscy-a-1-c2.v,AO221_0100,65,False,False,False
zero-riscy-a-1-c2.v,SRAM,2,False,True,False
zero-riscy-a-1-c2.v,NR3_0011,18,False,False,False
zero-riscy-a-1-c2.v,OA221_1100,10,False,False,False
zero-riscy-a-1-c2.v,OAI32_0100,69,False,False,False
zero-riscy-a-1-c2.v,OAI33_0100,2,False,False,False
zero-riscy-a-1-c2.v,MAOI222_1100,11,False,False,False
zero-riscy-a-1-c2.v,AO22_0100,20,False,False,False
zero-riscy-a-1-c2.v,INR2_0011_0100,7,False,False,False
zero-riscy-a-1-c2.v,OAI22_1001_0100,2,False,False,False
zero-riscy-a-1-c2.v,OAI221_0100,2,False,False,False
zero-riscy-a-1-c2.v,NR4_0100,1,False,False,False
zero-riscy-a-1-c2.v,INR4_0100,1,False,False,False
zero-riscy-a-1-c2.v,ND2_0011,1,False,False,False
zero-riscy-a-1-c2.v,XOR4_1100,1,False,False,False
zero-riscy-a-1-c2.v,OA33_0100,2,False,False,False
zero-riscy-a-1-c2.v,BUFF_0111,1,False,False,False
zero-riscy-a-1-c2.v,AN3_0100,3,False,False,False
zero-riscy-a-1-c2.v,DFQ_0100,2,True,False,False
zero-riscy-a-1-c2.v,DFSN_0100,1,True,False,False
zero-riscy-a-1-c2.v,AO33_1100,1,False,False,False
zero-riscy-a-1-c2.v,AOI33_0100,3,False,False,False
