design,net_name,fanout_sinks,is_clock,is_reset
RISCY-FPU-a-1-c2.v,core_region_i/CORE.RISCV_CORE/clk,3661,True,False
RISCY-FPU-a-1-c2.v,peripherals_i/clk_int[1],1479,True,False
RISCY-FPU-a-1-c2.v,clk,949,True,False
RISCY-FPU-a-1-c2.v,peripherals_i/clk_int[3],869,True,False
RISCY-FPU-a-1-c2.v,peripherals_i/clk_int[2],514,True,False
RISCY-FPU-a-1-c2.v,tck_i,424,False,False
RISCY-FPU-a-1-c2.v,peripherals_i/clk_int[0],417,True,False
RISCY-FPU-a-1-c2.v,peripherals_i/clk_int[5],356,True,False
RISCY-FPU-a-1-c2.v,core_region_i/n66,350,False,False
RISCY-FPU-a-1-c2.v,core_region_i/CORE.RISCV_CORE/id_stage_i/n2046,339,False,False
RISCY-FPU-a-1-c2.v,trstn_i,326,False,True
RISCY-FPU-a-1-c2.v,peripherals_i/apb_uart_i/UART_TXFF/n1080,321,False,False
RISCY-FPU-a-1-c2.v,peripherals_i/apb_uart_i/UART_RXFF/n1399,307,False,False
RISCY-FPU-a-1-c2.v,peripherals_i/clk_int[4],257,True,False
RISCY-FPU-a-1-c2.v,core_region_i/CORE.RISCV_CORE/id_stage_i/registers_i/n3,242,False,False
RISCY-FPU-a-1-c2.v,core_region_i/CORE.RISCV_CORE/if_stage_i/prefetch_32.prefetch_buffer_i/n248,236,False,False
RISCY-FPU-a-1-c2.v,peripherals_i/apb_spi_master_i/u_txfifo/n487,233,False,False
RISCY-FPU-a-1-c2.v,core_region_i/instr_mem_axi_if/axi_mem_if_SP_i/n3,221,False,False
RISCY-FPU-a-1-c2.v,peripherals_i/apb_uart_i/UART_RXFF/n1398,216,False,False
RISCY-FPU-a-1-c2.v,peripherals_i/apb_uart_i/UART_RXFF/n1397,216,False,False
RISCY-FPU-a-1-c2.v,peripherals_i/axi_spi_slave_i/axi_spi_slave_i/u_dcfifo_rx/u_din/n4,215,False,False
RISCY-FPU-a-1-c2.v,peripherals_i/apb_gpio_i/n1,202,False,False
RISCY-FPU-a-1-c2.v,core_region_i/axi_slice_core2axi/WITH_SLICE.axi_slice_i/n69,199,False,False
RISCY-FPU-a-1-c2.v,core_region_i/data_mem_axi_if/axi_mem_if_SP_i/n3,195,False,False
RISCY-FPU-a-1-c2.v,n1,178,False,False
RISCY-FPU-a-1-c2.v,core_region_i/CORE.RISCV_CORE/id_stage_i/registers_i/n8691,175,False,False
RISCY-FPU-a-1-c2.v,core_region_i/CORE.RISCV_CORE/id_stage_i/registers_i/n8699,175,False,False
RISCY-FPU-a-1-c2.v,core_region_i/CORE.RISCV_CORE/id_stage_i/registers_i/n17,175,False,False
RISCY-FPU-a-1-c2.v,peripherals_i/axi_spi_slave_i/axi_spi_slave_i/n1,174,False,False
RISCY-FPU-a-1-c2.v,peripherals_i/axi2apb_i/genblk1.axi2apb_i/n15,174,False,False
RISCY-FPU-a-1-c2.v,peripherals_i/apb_pulpino_i/n1,173,False,False
RISCY-FPU-a-1-c2.v,core_region_i/CORE.RISCV_CORE/id_stage_i/hwloop_regs_i/n477,169,False,False
RISCY-FPU-a-1-c2.v,peripherals_i/apb_spi_master_i/u_rxfifo/n1,163,False,False
RISCY-FPU-a-1-c2.v,peripherals_i/apb_timer_i/n1,163,False,False
RISCY-FPU-a-1-c2.v,peripherals_i/apb_spi_master_i/u_axiregs/n344,162,False,False
RISCY-FPU-a-1-c2.v,peripherals_i/apb_event_unit_i/n70,158,False,False
RISCY-FPU-a-1-c2.v,peripherals_i/apb_spi_master_i/u_spictrl/n274,157,False,False
RISCY-FPU-a-1-c2.v,core_region_i/instr_mem_axi_if/axi_mem_if_SP_i/Slave_aw_buffer_LP/buffer_i/clk_gated,149,True,False
RISCY-FPU-a-1-c2.v,core_region_i/instr_mem_axi_if/axi_mem_if_SP_i/Slave_ar_buffer_LP/buffer_i/clk_gated,149,True,False
RISCY-FPU-a-1-c2.v,core_region_i/instr_mem_axi_if/axi_mem_if_SP_i/Slave_w_buffer_LP/buffer_i/clk_gated,149,True,False
RISCY-FPU-a-1-c2.v,core_region_i/data_mem_axi_if/axi_mem_if_SP_i/Slave_aw_buffer_LP/buffer_i/clk_gated,149,True,False
RISCY-FPU-a-1-c2.v,core_region_i/data_mem_axi_if/axi_mem_if_SP_i/Slave_ar_buffer_LP/buffer_i/clk_gated,149,True,False
RISCY-FPU-a-1-c2.v,core_region_i/data_mem_axi_if/axi_mem_if_SP_i/Slave_w_buffer_LP/buffer_i/clk_gated,149,True,False
RISCY-FPU-a-1-c2.v,core_region_i/instr_mem_axi_if/axi_mem_if_SP_i/Slave_r_buffer_LP/buffer_i/clk_gated,145,True,False
RISCY-FPU-a-1-c2.v,core_region_i/data_mem_axi_if/axi_mem_if_SP_i/Slave_r_buffer_LP/buffer_i/clk_gated,145,True,False
RISCY-FPU-a-1-c2.v,peripherals_i/clk_int[6],145,True,False
RISCY-FPU-a-1-c2.v,peripherals_i/apb_i2c_i/n53,143,False,False
RISCY-FPU-a-1-c2.v,core_region_i/instr_mem_axi_if/axi_mem_if_SP_i/Slave_w_buffer_LP/buffer_i/n147,137,False,False
RISCY-FPU-a-1-c2.v,spi_clk_i,130,True,False
RISCY-FPU-a-1-c2.v,core_region_i/CORE.RISCV_CORE/id_stage_i/registers_i/n87,117,False,False
RISCY-a-1-c2.v,core_region_i/CORE.RISCV_CORE/clk,2132,True,False
RISCY-a-1-c2.v,peripherals_i/clk_int[1],1479,True,False
RISCY-a-1-c2.v,clk,949,True,False
RISCY-a-1-c2.v,peripherals_i/clk_int[3],869,True,False
RISCY-a-1-c2.v,peripherals_i/clk_int[2],514,True,False
RISCY-a-1-c2.v,tck_i,472,False,False
RISCY-a-1-c2.v,spi_clk_i,433,True,False
RISCY-a-1-c2.v,peripherals_i/clk_int[0],417,True,False
RISCY-a-1-c2.v,peripherals_i/clk_int[5],356,True,False
RISCY-a-1-c2.v,trstn_i,344,False,True
RISCY-a-1-c2.v,peripherals_i/clk_int[4],257,True,False
RISCY-a-1-c2.v,peripherals_i/apb_spi_master_i/u_txfifo/n487,233,False,False
RISCY-a-1-c2.v,core_region_i/CORE.RISCV_CORE/id_stage_i/n5,230,False,False
RISCY-a-1-c2.v,peripherals_i/apb_uart_i/UART_TXFF/n2,227,False,False
RISCY-a-1-c2.v,peripherals_i/axi_spi_slave_i/axi_spi_slave_i/n1,175,False,False
RISCY-a-1-c2.v,core_region_i/CORE.RISCV_CORE/id_stage_i/registers_i/n4327,164,False,False
RISCY-a-1-c2.v,core_region_i/instr_mem_axi_if/axi_mem_if_SP_i/n3,163,False,False
RISCY-a-1-c2.v,peripherals_i/apb_gpio_i/n649,157,False,False
RISCY-a-1-c2.v,peripherals_i/apb_spi_master_i/u_spictrl/n274,157,False,False
RISCY-a-1-c2.v,core_region_i/instr_mem_axi_if/axi_mem_if_SP_i/Slave_aw_buffer_LP/buffer_i/n146,155,False,False
RISCY-a-1-c2.v,core_region_i/CORE.RISCV_CORE/if_stage_i/n249,150,False,False
RISCY-a-1-c2.v,core_region_i/instr_mem_axi_if/axi_mem_if_SP_i/Slave_aw_buffer_LP/buffer_i/clk_gated,149,True,False
RISCY-a-1-c2.v,core_region_i/instr_mem_axi_if/axi_mem_if_SP_i/Slave_ar_buffer_LP/buffer_i/clk_gated,149,True,False
RISCY-a-1-c2.v,core_region_i/instr_mem_axi_if/axi_mem_if_SP_i/Slave_w_buffer_LP/buffer_i/clk_gated,149,True,False
RISCY-a-1-c2.v,core_region_i/data_mem_axi_if/axi_mem_if_SP_i/Slave_aw_buffer_LP/buffer_i/clk_gated,149,True,False
RISCY-a-1-c2.v,core_region_i/data_mem_axi_if/axi_mem_if_SP_i/Slave_ar_buffer_LP/buffer_i/clk_gated,149,True,False
RISCY-a-1-c2.v,core_region_i/data_mem_axi_if/axi_mem_if_SP_i/Slave_w_buffer_LP/buffer_i/clk_gated,149,True,False
RISCY-a-1-c2.v,core_region_i/data_mem_axi_if/axi_mem_if_SP_i/n3,148,False,False
RISCY-a-1-c2.v,core_region_i/data_mem_axi_if/axi_mem_if_SP_i/Slave_r_buffer_LP/buffer_i/n146,148,False,False
RISCY-a-1-c2.v,core_region_i/instr_mem_axi_if/axi_mem_if_SP_i/Slave_r_buffer_LP/buffer_i/clk_gated,145,True,False
RISCY-a-1-c2.v,core_region_i/data_mem_axi_if/axi_mem_if_SP_i/Slave_r_buffer_LP/buffer_i/clk_gated,145,True,False
RISCY-a-1-c2.v,peripherals_i/clk_int[6],145,True,False
RISCY-a-1-c2.v,core_region_i/instr_mem_axi_if/axi_mem_if_SP_i/Slave_r_buffer_LP/buffer_i/n146,134,False,False
RISCY-a-1-c2.v,core_region_i/CORE.RISCV_CORE/n31,123,False,False
RISCY-a-1-c2.v,peripherals_i/n34,119,False,False
RISCY-a-1-c2.v,peripherals_i/apb_pulpino_i/n358,119,False,False
RISCY-a-1-c2.v,peripherals_i/axi2apb_i/genblk1.axi2apb_i/n15,115,False,False
RISCY-a-1-c2.v,core_region_i/CORE.RISCV_CORE/id_stage_i/n1649,114,False,False
RISCY-a-1-c2.v,core_region_i/axi_slice_core2axi/WITH_SLICE.axi_slice_i/n69,112,False,False
RISCY-a-1-c2.v,peripherals_i/apb_uart_i/UART_RXFF/n1404,111,False,False
RISCY-a-1-c2.v,peripherals_i/axi_spi_slave_i/axi_spi_slave_i/u_dcfifo_rx/u_din/n3,110,False,False
RISCY-a-1-c2.v,peripherals_i/apb_uart_i/UART_RXFF/n1401,110,False,False
RISCY-a-1-c2.v,peripherals_i/apb_uart_i/UART_RXFF/n1400,110,False,False
RISCY-a-1-c2.v,peripherals_i/apb_timer_i/n1,110,False,False
RISCY-a-1-c2.v,core_region_i/CORE.RISCV_CORE/id_stage_i/registers_i/n1,109,False,False
RISCY-a-1-c2.v,core_region_i/CORE.RISCV_CORE/id_stage_i/hwloop_regs_i/n1,109,False,False
RISCY-a-1-c2.v,core_region_i/instr_mem_axi_if/axi_mem_if_SP_i/Slave_ar_buffer_LP/buffer_i/n1,109,False,False
RISCY-a-1-c2.v,core_region_i/data_mem_axi_if/axi_mem_if_SP_i/Slave_aw_buffer_LP/buffer_i/n1,109,False,False
RISCY-a-1-c2.v,core_region_i/data_mem_axi_if/axi_mem_if_SP_i/Slave_ar_buffer_LP/buffer_i/n147,109,False,False
RISCY-a-1-c2.v,core_region_i/data_mem_axi_if/axi_mem_if_SP_i/Slave_w_buffer_LP/buffer_i/n147,109,False,False
zero-riscy-a-1-c2.v,peripherals_i/clk_int[1],1479,True,False
zero-riscy-a-1-c2.v,clk,946,True,False
zero-riscy-a-1-c2.v,peripherals_i/clk_int[3],869,True,False
zero-riscy-a-1-c2.v,core_region_i/CORE.RISCV_CORE/clk,547,True,False
zero-riscy-a-1-c2.v,peripherals_i/clk_int[2],514,True,False
zero-riscy-a-1-c2.v,tck_i,424,False,False
zero-riscy-a-1-c2.v,peripherals_i/clk_int[0],417,True,False
zero-riscy-a-1-c2.v,trstn_i,360,False,True
zero-riscy-a-1-c2.v,peripherals_i/clk_int[5],356,True,False
zero-riscy-a-1-c2.v,peripherals_i/clk_int[4],257,True,False
zero-riscy-a-1-c2.v,core_region_i/instr_mem_axi_if/axi_mem_if_SP_i/Slave_aw_buffer_LP/buffer_i/clk_gated,149,True,False
zero-riscy-a-1-c2.v,core_region_i/instr_mem_axi_if/axi_mem_if_SP_i/Slave_ar_buffer_LP/buffer_i/clk_gated,149,True,False
zero-riscy-a-1-c2.v,core_region_i/instr_mem_axi_if/axi_mem_if_SP_i/Slave_w_buffer_LP/buffer_i/clk_gated,149,True,False
zero-riscy-a-1-c2.v,core_region_i/data_mem_axi_if/axi_mem_if_SP_i/Slave_aw_buffer_LP/buffer_i/clk_gated,149,True,False
zero-riscy-a-1-c2.v,core_region_i/data_mem_axi_if/axi_mem_if_SP_i/Slave_ar_buffer_LP/buffer_i/clk_gated,149,True,False
zero-riscy-a-1-c2.v,core_region_i/data_mem_axi_if/axi_mem_if_SP_i/Slave_w_buffer_LP/buffer_i/clk_gated,149,True,False
zero-riscy-a-1-c2.v,core_region_i/instr_mem_axi_if/axi_mem_if_SP_i/Slave_r_buffer_LP/buffer_i/clk_gated,145,True,False
zero-riscy-a-1-c2.v,core_region_i/data_mem_axi_if/axi_mem_if_SP_i/Slave_r_buffer_LP/buffer_i/clk_gated,145,True,False
zero-riscy-a-1-c2.v,peripherals_i/clk_int[6],145,True,False
zero-riscy-a-1-c2.v,spi_clk_i,123,True,False
zero-riscy-a-1-c2.v,peripherals_i/apb_i2c_i/n1,96,False,False
zero-riscy-a-1-c2.v,core_region_i/CORE.RISCV_CORE/id_stage_i/registers_i/clk_int,95,True,False
zero-riscy-a-1-c2.v,core_region_i/adv_dbg_if_i/dbg_module_i/i_dbg_cpu_or1k/n435,91,False,False
zero-riscy-a-1-c2.v,peripherals_i/axi_spi_slave_i/axi_spi_slave_i/u_dcfifo_rx/u_din/n4,91,False,False
zero-riscy-a-1-c2.v,peripherals_i/axi_spi_slave_i/axi_spi_slave_i/u_dcfifo_rx/u_din/buffer/n8,91,False,False
zero-riscy-a-1-c2.v,peripherals_i/axi_spi_slave_i/axi_spi_slave_i/u_dcfifo_rx/u_din/buffer/n5,90,False,False
zero-riscy-a-1-c2.v,core_region_i/CORE.RISCV_CORE/if_stage_i/branch_req,89,False,False
zero-riscy-a-1-c2.v,peripherals_i/axi_spi_slave_i/axi_spi_slave_i/u_slave_sm/n99,83,False,False
zero-riscy-a-1-c2.v,core_region_i/CORE.RISCV_CORE/if_stage_i/n3,80,False,False
zero-riscy-a-1-c2.v,core_region_i/axi_slice_core2axi/WITH_SLICE.axi_slice_i/w_buffer_i/buffer_i/clk_gated,75,True,False
zero-riscy-a-1-c2.v,core_region_i/instr_mem_axi_if/axi_mem_if_SP_i/Slave_aw_buffer_LP/buffer_i/n114,75,False,False
zero-riscy-a-1-c2.v,core_region_i/instr_mem_axi_if/axi_mem_if_SP_i/Slave_aw_buffer_LP/buffer_i/n119,75,False,False
zero-riscy-a-1-c2.v,core_region_i/instr_mem_axi_if/axi_mem_if_SP_i/Slave_aw_buffer_LP/buffer_i/n116,75,False,False
zero-riscy-a-1-c2.v,core_region_i/instr_mem_axi_if/axi_mem_if_SP_i/Slave_aw_buffer_LP/buffer_i/n158,75,False,False
zero-riscy-a-1-c2.v,core_region_i/instr_mem_axi_if/axi_mem_if_SP_i/Slave_ar_buffer_LP/buffer_i/n119,75,False,False
zero-riscy-a-1-c2.v,core_region_i/instr_mem_axi_if/axi_mem_if_SP_i/Slave_ar_buffer_LP/buffer_i/n114,75,False,False
zero-riscy-a-1-c2.v,core_region_i/instr_mem_axi_if/axi_mem_if_SP_i/Slave_ar_buffer_LP/buffer_i/n116,75,False,False
zero-riscy-a-1-c2.v,core_region_i/instr_mem_axi_if/axi_mem_if_SP_i/Slave_ar_buffer_LP/buffer_i/n158,75,False,False
zero-riscy-a-1-c2.v,core_region_i/instr_mem_axi_if/axi_mem_if_SP_i/Slave_w_buffer_LP/buffer_i/n113,75,False,False
zero-riscy-a-1-c2.v,core_region_i/instr_mem_axi_if/axi_mem_if_SP_i/Slave_w_buffer_LP/buffer_i/n118,75,False,False
zero-riscy-a-1-c2.v,core_region_i/instr_mem_axi_if/axi_mem_if_SP_i/Slave_w_buffer_LP/buffer_i/n115,75,False,False
zero-riscy-a-1-c2.v,core_region_i/instr_mem_axi_if/axi_mem_if_SP_i/Slave_w_buffer_LP/buffer_i/n157,75,False,False
zero-riscy-a-1-c2.v,core_region_i/data_mem_axi_if/axi_mem_if_SP_i/Slave_aw_buffer_LP/buffer_i/n116,75,False,False
zero-riscy-a-1-c2.v,core_region_i/data_mem_axi_if/axi_mem_if_SP_i/Slave_aw_buffer_LP/buffer_i/n111,75,False,False
zero-riscy-a-1-c2.v,core_region_i/data_mem_axi_if/axi_mem_if_SP_i/Slave_aw_buffer_LP/buffer_i/n113,75,False,False
zero-riscy-a-1-c2.v,core_region_i/data_mem_axi_if/axi_mem_if_SP_i/Slave_aw_buffer_LP/buffer_i/n155,75,False,False
zero-riscy-a-1-c2.v,core_region_i/data_mem_axi_if/axi_mem_if_SP_i/Slave_ar_buffer_LP/buffer_i/n111,75,False,False
zero-riscy-a-1-c2.v,core_region_i/data_mem_axi_if/axi_mem_if_SP_i/Slave_ar_buffer_LP/buffer_i/n116,75,False,False
zero-riscy-a-1-c2.v,core_region_i/data_mem_axi_if/axi_mem_if_SP_i/Slave_ar_buffer_LP/buffer_i/n113,75,False,False
zero-riscy-a-1-c2.v,core_region_i/data_mem_axi_if/axi_mem_if_SP_i/Slave_ar_buffer_LP/buffer_i/n155,75,False,False
