design_id,max_absolute_difference,mean_absolute_difference,status
RISCY-FPU-a-1-c20,4.656612873077393e-10,4.3662851112458156e-11,PASS
RISCY-FPU-a-1-c2,3.725290298461914e-09,1.9123547190247336e-10,PASS
RISCY-FPU-a-1-c5,1.862645149230957e-09,6.94768687026226e-11,PASS
RISCY-FPU-a-2-c20,3.725290298461914e-09,2.0396129229993676e-10,PASS
RISCY-FPU-a-2-c2,9.313225746154785e-10,6.940581442904659e-11,PASS
RISCY-FPU-a-2-c5,1.862645149230957e-09,8.009237717487849e-11,PASS
RISCY-FPU-a-3-c20,9.313225746154785e-10,7.283773584276787e-11,PASS
RISCY-FPU-a-3-c2,1.7462298274040222e-10,1.2803980098397005e-11,PASS
RISCY-FPU-a-3-c5,9.313225746154785e-10,4.366995653981576e-11,PASS
RISCY-FPU-b-1-c20,1.862645149230957e-09,1.0186340659856796e-10,PASS
RISCY-FPU-b-1-c2,7.450580596923828e-09,2.9103830456733704e-10,PASS
RISCY-FPU-b-1-c5,1.862645149230957e-09,7.366907084360719e-11,PASS
RISCY-FPU-b-2-c20,1.4901161193847656e-08,5.675246939063072e-10,PASS
RISCY-FPU-b-2-c2,7.450580596923828e-09,4.220055416226387e-10,PASS
RISCY-FPU-b-2-c5,1.1175870895385742e-08,3.956301952712238e-10,PASS
RISCY-FPU-b-3-c20,1.862645149230957e-09,1.0277290130034089e-10,PASS
RISCY-FPU-b-3-c2,1.862645149230957e-09,1.6009948922146577e-10,PASS
RISCY-FPU-b-3-c5,1.862645149230957e-09,1.318767317570746e-10,PASS
RISCY-a-1-c20,1.862645149230957e-09,8.753886504564434e-11,PASS
RISCY-a-1-c2,1.862645149230957e-09,1.021049911287264e-10,PASS
RISCY-a-1-c5,3.725290298461914e-09,2.3288748707273044e-10,PASS
RISCY-a-2-c20,1.862645149230957e-09,6.212985681486316e-11,PASS
RISCY-a-2-c2,3.725290298461914e-09,2.3290169792744564e-10,PASS
RISCY-a-2-c5,9.313225746154785e-10,3.461764208623208e-11,PASS
RISCY-a-3-c20,1.862645149230957e-09,1.60326862896909e-10,PASS
RISCY-a-3-c2,1.3969838619232178e-09,5.827160975968582e-11,PASS
RISCY-a-3-c5,9.313225746154785e-10,8.93294327397598e-11,PASS
RISCY-b-1-c20,7.450580596923828e-09,3.8608050090260804e-10,PASS
RISCY-b-1-c2,7.450580596923828e-09,3.892779432135285e-10,PASS
RISCY-b-1-c5,1.862645149230957e-09,8.776623872108757e-11,PASS
RISCY-b-2-c20,1.4901161193847656e-08,5.429683369584382e-10,PASS
RISCY-b-2-c2,3.725290298461914e-09,3.133671100385982e-10,PASS
RISCY-b-2-c5,3.725290298461914e-09,2.773958840407431e-10,PASS
RISCY-b-3-c20,9.313225746154785e-10,1.0231815394945443e-10,PASS
RISCY-b-3-c2,3.725290298461914e-09,1.3099565876473207e-10,PASS
RISCY-b-3-c5,3.725290298461914e-09,3.788045432884246e-10,PASS
zero-riscy-a-1-c20,1.862645149230957e-09,8.748202162678353e-11,PASS
zero-riscy-a-1-c2,1.862645149230957e-09,8.749623248149874e-11,PASS
zero-riscy-a-1-c5,1.862645149230957e-09,5.826450433232822e-11,PASS
zero-riscy-a-2-c20,3.725290298461914e-09,2.765148110484006e-10,PASS
zero-riscy-a-2-c2,1.862645149230957e-09,7.283063041541027e-11,PASS
zero-riscy-a-2-c5,1.862645149230957e-09,2.3661073100811336e-10,PASS
zero-riscy-a-3-c20,1.862645149230957e-09,1.674038685450796e-10,PASS
zero-riscy-a-3-c2,1.862645149230957e-09,1.0915357506746659e-10,PASS
zero-riscy-a-3-c5,1.862645149230957e-09,1.4563283912139013e-10,PASS
zero-riscy-b-1-c20,1.862645149230957e-09,6.02540239924565e-11,PASS
zero-riscy-b-1-c2,2.3283064365386963e-10,1.5091927707544528e-11,PASS
zero-riscy-b-1-c5,7.450580596923828e-09,4.511093720793724e-10,PASS
zero-riscy-b-2-c20,3.725290298461914e-09,2.6216184778604656e-10,PASS
zero-riscy-b-2-c2,1.862645149230957e-09,7.511857802455779e-11,PASS
zero-riscy-b-2-c5,7.450580596923828e-09,2.673914423212409e-10,PASS
zero-riscy-b-3-c20,1.862645149230957e-09,6.02540239924565e-11,PASS
zero-riscy-b-3-c2,7.450580596923828e-09,4.43833414465189e-10,PASS
zero-riscy-b-3-c5,3.725290298461914e-09,4.0949998947326094e-10,PASS
