epoch,training_loss,learning_rate,number_of_graphs,number_of_nodes,number_of_edges,epoch_time_seconds,seed
1,1.789532,0.001,51,2215586,50768612,5.86,42
2,1.564406,0.001,51,2215586,50768612,5.26,42
3,1.488916,0.001,51,2215586,50768612,4.82,42
4,1.446135,0.001,51,2215586,50768612,4.93,42
5,1.41506,0.001,51,2215586,50768612,4.93,42
6,1.394439,0.001,51,2215586,50768612,4.85,42
7,1.377885,0.001,51,2215586,50768612,4.55,42
8,1.362702,0.001,51,2215586,50768612,4.84,42
9,1.356545,0.001,51,2215586,50768612,4.27,42
10,1.34474,0.001,51,2215586,50768612,4.34,42
11,1.338629,0.001,51,2215586,50768612,4.21,42
12,1.334889,0.001,51,2215586,50768612,4.45,42
13,1.328394,0.001,51,2215586,50768612,3.98,42
14,1.323345,0.001,51,2215586,50768612,4.37,42
15,1.318038,0.001,51,2215586,50768612,3.96,42
